aalpastei	ɑː l p ə s t ɛ i̯
aand	ɑː n t
aardwolf	ɑː r t v o ɫ f
adres	ə d r ɛ s
afslaandak	ɑ f s l ɑː n d ɑ k
afslaandakke	ɑ f s l ɑː n d ɑ k ə
akupunktuur	ɒ k i p ə ŋ k t iː r
apartheid	ɐ p a r t ɦ ɛ i t
baaitjie	b ɑː iː k i
baar	b ɑː ɾ
baard	b ɔː r t
baas	b ɑː s
bad	b ɑ t
badjie	b ɑ i̯ c i
bar	b ɑ ɾ
bas	b ɑ s
beenou	b ɪ ə̯ n œ ʊ̯
beenouds	b ɪ ə̯ n œ ʊ̯ t s
beenoudste	b ɪ ə̯ n œ ʊ̯ t s t ə
beenoudstes	b ɪ ə̯ n œ ʊ̯ t s t ə s
beenoue	b ɪ ə̯ n œ ʊ̯ ə
beenouer	b ɪ ə̯ n œ ʊ̯ ə r
beenouere	b ɪ ə̯ n œ ʊ̯ ə r ə
beenoueres	b ɪ ə̯ n œ ʊ̯ ə r ə s
beenouers	b ɪ ə̯ n œ ʊ̯ ə r s
beenoues	b ɪ ə̯ n œ ʊ̯ ə s
beet	b i ə t
bekkie	b ɛ̞ k i
betoon	b ə t u ə n
bid	b ə t
bied	b i t
bier	b iː r
blad	b l ɐ t
bloed	b l uː t
bloed	b l ɯ t
boek	b ʊ k
boot	b u ə̯ t
bot	b o t
budjie	b ɐ d ʒ iː
bus	b ə s
by	b ə̟ i̯
byt	b ə̟ i̯ t
bytjie	b ə̟ i̯ k i
bywoord	b ə ɪ̯ v u ə̯ r t
bywoorde	b ə ɪ̯ v u ə̯ r d ə
bywoorde	b ə ɪ̯ v u ə̯ r ə
Charlize	ʃ a r l i z
China	ʃ i n a
daagliks	d ɑː χ l ə k s
daar	d ɔː r
daglig	d ɑ χ l ə χ
dal	d ɑ l
dier	d iː r
dy	d ə̟ i̯
eers	i ə̯ ɹ̠̊ ˔
eier	ə ɪ̯ j ə r
erdwolf	ɛ r t v o ɫ f
gehad	χ ə ɦ ä t
gehad	χ ə ɦ ɑ t
glimlag	χ ɫ ə m ɫ ɐ χ
goud	χ œ u̯ t
gratis	χ r ɔː t ə s
grootmens	χ r ʊ ə̯ t m ɛ̃ː s
handjie	h ɑ i̯ ɲ c i
honderd	ɦ ɔ n d ə r t
hondjie	ɦ ɔ̝ ɪ̯ ɲ c i
horingou	h ʊ ə̯ r ə ŋ œ ʊ̯
horingoud	h ʊ ə̯ r ə ŋ œ ʊ̯ t
horingouds	h ʊ ə̯ r ə ŋ œ ʊ̯ t s
horingoudste	h ʊ ə̯ r ə ŋ œ ʊ̯ t s t ə
horingoudstes	h ʊ ə̯ r ə ŋ œ ʊ̯ t s t e s
horingoue	h ʊ ə̯ r ə ŋ œ ʊ̯ ə
horingouer	h ʊ ə̯ r ə ŋ œ ʊ̯ ə r
horingouere	h ʊ ə̯ r ə ŋ œ ʊ̯ ə r ə
horingoueres	h ʊ ə̯ r ə ŋ œ ʊ̯ ə r ə s
horingouers	h ʊ ə̯ r ə ŋ œ ʊ̯ ə r s
horingoues	h ʊ ə̯ r ə ŋ œ ʊ̯ ə s
hout	ɦ œ u̯ t
huis	ə̤ ɪ̤ s
huur	ɦ yː r
huur	ɦ iː r
huwelik	h y v a l a k
hy	ɦ ə̟ i̯
jaar	j ɔː r
jy	j ə̟ i̯
kaaldans	k ɑː l d ãː s
kat	k ɐ t
kat	k ä t
katjie	k ä ɪ̯ c i
kleinkind	k l ə i̯ n k ə n t
kleinkind	k l ə i̯ ŋ k ə n t
klier	k l iː r
knie	k n iː
konsentrasiekamp	k õ s ɛ n t r ɑː s i k ä m p
konsentrasiekamp	k ɔ n s ɛ n t r ɑː s i k ä m p
la	l ɑː
land	l ä n t
land	l a n t
lê	l ɛ̞ː
lei	l ə̟ i̯
lid	l ə t
ly	l ə̟ i̯
Maandag	m ɑː n d ə χ
melk	m ɛ ɫ k
moer	m uː r
mond	m ɔ n t
muur	m y r
nael	n ɔː ɫ
nier	n iː r
niggie	n ə χ i
noord	n ʊ ə r t
nut	n ʊ̠ t
ons	ɔ̃ s
ore	u ə̯ ɾ ə
oudste	œ ʊ̯ t s t ə
oudstes	œ ʊ̯ t s t ə s
ouer	œ ʊ̯ ə r
ouere	œ ʊ̯ ə r ə
oueres	œ ʊ̯ ə r ə s
ouers	œ ʊ̯ ə r s
paar	p ɑː ɾ
pad	p ɑ t
paljas	p ɐ l j ɐ s
paljas	p ä l j ä s
papie	p ɑː p i
pappie	p ɑ pʰ i
pas	p ɑ s
pêrel	p æː r ə l
posadres	p ɔ s ə d r ɛ s
prinses	p r ə n s ɛ s
prinses	p r ə̃ s ɛ s
py	p ə̟ i̯
reis	r ə̟ i̯ s
rob	r ɔ p
rys	r ə̟ i̯ s
sag	s ä χ
sag	s ɐ χ
seuntjie	s e ø ŋ k i
skare	s k ɑː ɾ ə
skat	s k a t
skêr	s k ɛ̞ː ɾ
skerf	s k ɛ̞ ɾ f
skoor	s k u ə̯ ɾ
skor	s k o̞ ɾ
skryf	s k r ə i̯ f
skuur	s k y r
slang	s l a ŋ
stokhoringou	s t ɔ k ɦ ʊ ə̯ r ə ŋ œ ʊ̯
stokhoringoud	s t ɔ k ɦ ʊ ə̯ r ə ŋ œ ʊ̯ t
storm	s t ɔ ɾ m
storm	s t ɔ ɾ ə m
suur	s yː r
teel	t i ə̯ l
tel	t ɛ̞ː l
temalied	t e m ə l i t
toor	t u ə̯ ɾ
Tsjeggies	t ʃ ɛ χ i s
ty	t ə̟ i̯
ui	ʊ̟ i̯
uit	ʊ̟ i̯ t
uur	yː r
uur	iː r
vir	f ɨ r
vokaal	f ʊ ə k ɑː l
vokaal	f ʊ k ɑː l
vullisdromme	f œ l ə s d r o m ə
vuur	f yː r
vuur	f iː r
vy	f ə̟ i̯
vyand	f ɛ a n t
wond	v ɔ n t
woordeboek	v o ə̯ r d ə b u k
woordeboeke	v o ə̯ r d ə b u k ə
yk	ə̟ i̯ k
ys	ə̟ i̯ s
