㜺	t͡s a n ³ ³
㟤	l ø k̚ ² ⁴
一	ə t̚ ³ ³
丁	t i ɐ ŋ ⁵ ³
七	t͡sʰ ə t̚ ³ ³
七早八早	t͡sʰ ə t̚ ³ ³ t͡s a u ³ ³ p a t̚ ³ ³ t͡s a u ³ ³
三	ɬ a m ⁵ ³
三番兩次	ɬ a m ⁵ ³ f a n ⁵ ³ l i ɐ ŋ ² ⁴ t͡sʰ i ⁵ ⁵
三番四次	ɬ a m ⁵ ³ f a n ⁵ ³ s i ⁵ ⁵ t͡sʰ i ⁵ ⁵
三點水	ɬ a m ⁵ ³ t e m ³ ³ s u i ³ ³
下力	j a ² ² l ɪ k̚ ² ⁴
丕	pʰ i ³ ³
丙	p i ɐ ŋ ³ ³
丹	t a n ⁵ ³
久	k ə u ³ ³
之	t͡s i ⁵ ³
乘	s i ɐ ŋ ² ¹
乘涼	s i ɐ ŋ ² ¹ l i ɐ ŋ ² ¹
乙	j y t̚ ³ ³
九	k ə u ³ ³
乞兒	h ə t̚ ⁵ ⁵ ɲ i ⁵ ⁵
事	s ə i ² ²
二	ɲ i ² ²
二十	ɲ i ² ² s ə p̚ ² ²
二手貨	ɲ i ² ² s ə u ³ ³ h o ⁵ ⁵
五	ŋ u ² ⁴
井	t͡s ə ŋ ³ ³
亞	a ⁵ ⁵
交	k a u ⁵ ³
交代	k a u ⁵ ³ t a i ² ²
亮	l i ɐ ŋ ² ²
亮火蟲	l i ɐ ŋ ² ² h u ³ ³ t͡s ø ŋ ² ¹
人	ɲ ə n ² ¹
人瘟	ɲ ə n ² ¹ β ə n ⁵ ³
人行道	ɲ ə n ² ¹ h i ɐ ŋ ² ¹ t a u ² ²
人證	ɲ ə n ² ¹ t͡s i ɐ ŋ ⁵ ⁵
仁	ɲ ə n ² ¹
今	k ə m ⁵ ³
今年	k ə m ⁵ ³ n i n ² ¹
今日	k ə m ⁵ ³ ɲ ə t̚ ² ⁴
今早	k ə m ⁵ ³ t͡s a u ³ ³
介	k a i ⁵ ⁵
付	f u ⁵ ⁵
仙	ɬ i n ⁵ ³
代	t a i ² ²
令	l i ɐ ŋ ² ²
以	j i ² ⁴
件	k y n ² ²
休	j ə u ⁵ ³
伯娘	p i ³ ³ n i ɐ ŋ ² ¹
伯爺	p i ³ ³ j e ² ¹
估	k u ³ ³
伶俐	l ɪ ŋ ² ¹ l i ³ ³
但	t a n ² ²
位	β ə i ² ²
住	t͡s y ² ²
你	n i ² ⁴
佳	k a i ⁵ ³
併	p i ɐ ŋ ⁵ ⁵
使	s ə i ³ ³
來	l a i ² ¹
來往	l a i ² ¹ ʊ ŋ ² ⁴
例	l ə i ² ²
侵	t͡sʰ ə m ⁵ ³
俗	ɬ ø k̚ ² ²
信	s ə n ⁵ ⁵
修	ɬ ə u ⁵ ³
倒茶	t a u ⁵ ⁵ t͡sʰ a ² ¹
偏	pʰ i n ⁵ ³
偏旁	pʰ i n ⁵ ³ pʰ a ŋ ² ¹
做七	t͡s u ⁵ ⁵ t͡sʰ ə t̚ ³ ³
健	k i n ⁵ ⁵
傘	ɬ a n ⁵ ⁵
催	t͡sʰ u i ⁵ ³
傷	s i ɐ ŋ ⁵ ³
傻	ɬ o ² ¹
僅	k ə n ³ ³
價	k a ⁵ ⁵
兄	h i ɐ ŋ ⁵ ³
兄	β i ɐ ŋ ⁵ ³
兄弟	h i ɐ ŋ ⁵ ³ t ə i ² ²
兄弟	β i ɐ ŋ ⁵ ³ t ə i ² ²
先	ɬ i n ⁵ ³
光	k ʊ ŋ ⁵ ³
兔	tʰ u ⁵ ⁵
入	j ə p̚ ² ⁴
內	n u i ² ²
全	t͡s y n ² ¹
兩點水	l i ɐ ŋ ² ⁴ t e m ³ ³ s u i ³ ³
八	p a t̚ ³ ³
公	k ø ŋ ⁵ ³
六	l ø k̚ ² ⁴
共	k ø ŋ ² ²
兵	p i ɐ ŋ ⁵ ³
其	k i ² ¹
具	k y ² ²
冇	m e ² ⁴
冇手尾	m e ² ⁴ s ə u ³ ³ m i ² ⁴
冇料	m e ² ⁴ l i u ² ²
冊	t͡sʰ i ɐ k̚ ³ ³
再	t͡s a i ⁵ ⁵
冬	t ø ŋ ⁵ ³
冰	p ə ŋ ⁵ ³
冷	l a ŋ ⁵ ³
冷汗	l i ɐ ŋ ² ⁴ h a n ² ²
冷衫	l a ŋ ⁵ ³ s a m ⁵ ³
凳	t ə ŋ ⁵ ⁵
出	t͡sʰ ə t̚ ³ ³
凼	t ə m ² ⁴
刀	t a u ⁵ ³
刃	j ə n ² ⁴
分	f ə n ² ²
分	f ə n ⁵ ³
刑	h ə ŋ ² ¹
列	l y t̚ ² ⁴
初	t͡sʰ u ⁵ ³
利	l i ² ²
利市	l i ² ² s i ² ²
到	t a u ⁵ ⁵
制服	t͡s i ⁵ ⁵ f ø k̚ ² ²
刻	kʰ ə k̚ ³ ³
則	t͡s ə k̚ ³ ³
削	ɬ i ɐ k̚ ³ ³
前	t͡sʰ i n ² ¹
前頭	t͡s i n ² ¹ t ə u ² ¹
剔土旁	tʰ ɪ k̚ ³ ³ tʰ u ³ ³ p a ŋ ² ¹
剔手旁	tʰ ɪ k̚ ³ ³ s ə u ³ ³ p a ŋ ² ¹
剪	t͡s i n ³ ³
剪刀	t͡s i n ³ ³ t a u ⁵ ³
副	f u ⁵ ⁵
力	l ɪ k̚ ² ⁴
功	k ø ŋ ⁵ ³
加	k a ⁵ ³
劣	l y t̚ ² ⁴
助	t͡s u ² ²
動	t ø ŋ ² ²
務	m u ² ²
勤	k ə n ² ¹
包	p a u ⁵ ³
化	β a ⁵ ⁵
化肥	β a ⁵ ⁵ f i ² ¹
北	p ə k̚ ³ ³
十	s ə p̚ ² ²
十一	s ə p̚ ² ² ə t̚ ³ ³
千	t͡sʰ i n ⁵ ³
千家萬戶	t͡sʰ i n ⁵ ³ k a ⁵ ³ m a n ² ² β u ² ²
千張	t͡sʰ i n ⁵ ³ t͡s i ɐ ŋ ⁵ ³
千真萬確	t͡sʰ i n ⁵ ³ t͡s ə n ⁵ ³ m a n ² ² kʰ a k̚ ³ ³
千祈	t͡sʰ i n ⁵ ³ kʰ i ² ¹
千軍萬馬	t͡sʰ i n ⁵ ³ kʷ ə n ⁵ ³ m a n ² ² m a ² ⁴
半	p u n ⁵ ⁵
卑	p i ⁵ ³
卒	t͡s e t̚ ³ ³
卒卒	t͡s ə t̚ ³ ³ t͡s ə t̚ ³ ³
協	h i p̚ ² ⁴
南	n a m ² ¹
南寧	n a m ² ¹ n ə ŋ ² ¹
南風	n a m ² ¹ f ø ŋ ⁵ ³
卦	kʷ a ⁵ ⁵
卵	l u n ² ⁴
厚	h ə u ² ²
原	j y n ² ¹
去	h y ⁵ ⁵
又	j ə u ² ²
及	k ə p̚ ² ²
友	j ə u ² ⁴
反	f a n ³ ³
反文旁	f a n ³ ³ f ə n ² ¹ p a ŋ ² ¹
受	s ə u ² ²
口	h ə u ³ ³
古	k u ³ ³
古怪	k u ³ ³ kʷ a i ⁵ ⁵
古月粉	k u ³ ³ ɲ y t̚ ² ⁴ f ə n ³ ³
可	kʰ o ³ ³
右	j ə u ² ²
吃	h i ɐ k̚ ³ ³
吃虧	h i ɐ k̚ ³ ³ kʰʷ ə i ⁵ ³
吃醋	h i ɐ k̚ ³ ³ t͡sʰ u ⁵ ⁵
各	k a k̚ ³ ³
合同	h ə p̚ ² ² t ø ŋ ² ¹
同	t ø ŋ ² ¹
同學	tʰ ø ŋ ² ¹ h a k̚ ² ²
名	m ə ŋ ² ¹
周	t͡s ə u ⁵ ³
呷醋	h ə p̚ ³ ³ t͡sʰ u ⁵ ⁵
呻	s ə n ⁵ ⁵
呻氣	s ə n ⁵ ⁵ h i ⁵ ⁵
命	m ə ŋ ² ²
命令	m i ɐ ŋ ² ² l i ɐ ŋ ² ²
哀	a i ⁵ ³
員	j y n ² ¹
哥	k o ⁵ ³
哪個	n a ³ ³ k o ⁵ ⁵
哬哚花	h o ² ¹ t e ⁵ ⁵ β a ⁵ ³
商	s i ɐ ŋ ⁵ ³
商量	s i ɐ ŋ ⁵ ³ l i ɐ ŋ ² ¹
問	m ə n ² ²
啟	h i ³ ³
啱	ŋ a m ⁵ ⁵
喉	h ə u ² ¹
喜	h i ³ ³
單徛人	t a n ⁵ ³ k i ² ⁴ ɲ ə n ² ¹
單耳旁	t a n ⁵ ³ ɲ i ² ⁴ p a ŋ ² ¹
喲	j o ² ⁴
喲	j o ⁵ ³
嘆	tʰ a n ⁵ ⁵
嘆世界	tʰ a n ⁵ ⁵ s i ⁵ ⁵ k a i ⁵ ⁵
嘆氣	tʰ a n ⁵ ⁵ h i ⁵ ⁵
嘆茶	tʰ a n ⁵ ⁵ t͡sʰ a ² ¹
嘆覺	tʰ a n ⁵ ⁵ k a u ⁵ ⁵
嘉	k a ⁵ ³
器	h i ⁵ ⁵
嚴	j i m ² ¹
四	s i ⁵ ⁵
四方口	ɬ i ⁵ ⁵ f ʊ ŋ ⁵ ³ h ə u ³ ³
四點	ɬ i ⁵ ⁵ tʰ e m ³ ³
回	β ə i ² ¹
因	ə n ⁵ ³
國	k ʊ k̚ ³ ³
圍	β ə i ² ¹
圓	j y n ² ¹
團	t u n ² ¹
土	tʰ u ³ ³
在	t͡s a i ² ²
地	t i ² ²
地契	t i ² ² kʰ i ⁵ ⁵
地理先生	t i ² ² l i ² ⁴ ɬ i n ⁵ ³ s i ɐ ŋ ⁵ ³
均	kʰʷ ə n ⁵ ³
坐	t͡s u ² ⁴
坐監	t͡s u ² ⁴ k a m ⁵ ³
坯	pʰ ə i ⁵ ³
垃圾	l a p̚ ² ⁴ ɬ a p̚ ⁵ ⁵
垌	t ø ŋ ² ²
城	s i ɐ ŋ ² ¹
執	t͡s ə p̚ ³ ³
執骨	t͡s ə p̚ ⁵ ⁵ kʷ ə t̚ ³ ³
堂	t a ŋ ² ¹
堅	k y n ⁵ ³
場	t͡s i ɐ ŋ ² ¹
塊	β a i ⁵ ⁵
填	t i n ² ¹
塾	s ø k̚ ² ²
墊	t i m ² ²
墊子	t i m ² ² t͡s i ³ ³
增	t͡s ə ŋ ⁵ ³
士	s ə i ² ²
外	β a i ² ²
外國人	β a i ² ² k ʊ k̚ ³ ³ ɲ e n ² ¹
外頭人	β a i ² ² t ə u ² ¹ ɲ e n ² ¹
多	t o ⁵ ³
夜	j e ² ²
夜飯	j a ² ² f a n ² ²
夢	m ʊ ŋ ² ²
大	t a i ² ²
大女	t a i ² ² n y ² ⁴
天	tʰ i n ⁵ ³
天氣	tʰ i n ⁵ ³ h i ⁵ ⁵
天狗吃日	tʰ i n ⁵ ³ k ə u ³ ³ h ɪ k̚ ³ ³ ɲ ə t̚ ² ⁴
央	i ɐ ŋ ⁵ ³
失	s ə t̚ ³ ³
契娘	kʰ i ⁵ ⁵ n i ɐ ŋ ² ¹
契媽	kʰ i ⁵ ⁵ m a ⁵ ⁵
契崽	kʰ i ⁵ ⁵ t͡s a i ³ ³
契爺	kʰ i ⁵ ⁵ j e ² ¹
契紙	h i ⁵ ⁵ t͡s i ³ ³
契紙	kʰ i ⁵ ⁵ t͡s i ³ ³
女	n y ³ ³
好	h a u ³ ³
好	h a u ⁵ ⁵
妙	m i u ² ²
妥	tʰ o ³ ³
委	β ə i ³ ³
婚	β ə n ⁵ ³
婦	f u ² ²
媒人	m u i ² ¹ ɲ e n ² ¹
媒公	m u i ² ¹ k ø ŋ ⁵ ³
媒婆	m u i ² ¹ pʰ u ² ¹
媒老太	m u i ² ¹ l a u ² ⁴ tʰ a i ⁵ ⁵
嫩薑	n u n ² ² k i ɐ ŋ ⁵ ³
子	t͡s i ³ ³
子薑	t͡s i ³ ³ k i ɐ ŋ ⁵ ³
字	t͡s i ² ²
存	t͡s o n ² ¹
孫	ɬ u n ⁵ ³
學	h a k̚ ² ²
守	s ə u ³ ³
守寡	s ə u ³ ³ kʷ a ³ ³
安	a n ⁵ ³
完	j y n ² ¹
宗	t͡s ø ŋ ⁵ ³
官	k u n ⁵ ³
定	t ə ŋ ² ²
宣	ɬ y n ⁵ ³
害	h a i ² ²
宵	ɬ i u ⁵ ³
家	k a ⁵ ³
家務事	k a ⁵ ³ m u ² ² s ə i ² ²
容	j ø ŋ ² ¹
容易	j ø ŋ ² ¹ j i ² ²
密	m ə t̚ ² ⁴
寒	h a n ² ¹
察	t͡sʰ a t̚ ³ ³
實	s e t̚ ² ²
審	s ə m ³ ³
寫	ɬ e ³ ³
寶蓋頭	p a u ³ ³ k a i ⁵ ⁵ t ə u ² ¹
寺	t͡s i ² ²
封	f ø ŋ ⁵ ³
射	s e ² ²
專	t͡s y n ⁵ ³
對	t u i ⁵ ⁵
小	ɬ i u ³ ³
少	s i u ³ ³
少	s i u ⁵ ⁵
尖	t͡s i m ⁵ ³
尺	t͡sʰ i ɐ k̚ ³ ³
尾	m i ² ⁴
屁股	pʰ i ⁵ ⁵ k u ⁵ ³
屋	ø k̚ ³ ³
層	t͡s ə ŋ ² ¹
山	s a n ⁵ ³
峰	f ø ŋ ⁵ ³
島	t a u ³ ³
崖	ŋ a i ² ¹
川	t͡sʰ y n ⁵ ³
州	t͡s ə u ⁵ ³
工	k ø ŋ ⁵ ³
左	t͡s o ³ ³
巧	kʰ u i ³ ³
己	k i ³ ³
巾	k ə n ⁵ ³
市	s i ² ⁴
布	p u ⁵ ⁵
帆船	f a n ² ¹ s y n ² ¹
希	h i ⁵ ³
常	s i ɐ ŋ ² ¹
帽	m a u ² ²
帽子	m a u ² ² t͡s i ³ ³
幅	f ø k̚ ³ ³
幣	p i ² ²
幫	p a ŋ ⁵ ³
平	p i ɐ ŋ ² ¹
平時	p i ɐ ŋ ² ¹ s i ² ¹
年	n i n ² ¹
年初	n i n ² ¹ t͡sʰ u ⁵ ³
年成	n i n ² ¹ s ɪ ŋ ² ¹
年紀	n i n ² ¹ k i ³ ³
年頭	n i n ² ¹ tʰ e u ² ¹
幼	j ə u ⁵ ⁵
幽	j ə u ⁵ ³
幾	k i ³ ³
幾	k i ⁵ ³
幾多	k i ³ ³ t o ⁵ ³
序	t͡s y ² ⁴
底	t ə i ³ ³
店	t i m ⁵ ⁵
庫	h u ⁵ ⁵
庭	t i ɐ ŋ ² ¹
康	kʰ a ŋ ⁵ ³
廢	f i ⁵ ⁵
廣	k ʊ ŋ ³ ³
廣西	kʷ ʊ ŋ ³ ³ ɬ ə i ⁵ ³
弓	k ø ŋ ⁵ ³
引	j ə n ² ⁴
弟	t ə i ² ²
弱	ŋ i ɐ k̚ ³ ³
張	t͡s i ɐ ŋ ⁵ ³
強	k i ɐ ŋ ² ¹
強盜	k i ɐ ŋ ² ¹ t a u ² ²
形	h ə ŋ ² ¹
往	ʊ ŋ ² ⁴
往年	ʊ ŋ ² ⁴ n i n ² ¹
待	t a i ² ²
律	l ə t̚ ² ⁴
後	h ə u ² ²
後枕	h ə u ² ² t͡s ə n ³ ³
後腦頭	h ə u ² ² n a u ² ⁴ tʰ ə u ² ¹
徐	t͡s y ² ¹
徑	k ə ŋ ⁵ ⁵
徒	t u ² ¹
德	t ə k̚ ³ ³
心	ɬ ə m ⁵ ³
必	p i t̚ ³ ³
忌口	k i ² ² h ə u ³ ³
忌日	k i ² ² ɲ ə t̚ ² ⁴
志	t͡s i ⁵ ⁵
忘	m ʊ ŋ ² ²
忠	t͡s ø ŋ ⁵ ³
念	n i m ² ²
怪	kʷ a i ⁵ ⁵
恥	t͡sʰ i ³ ³
恭	k ø ŋ ⁵ ³
恭喜	k ø ŋ ⁵ ³ h i ³ ³
患	β a n ² ²
悲	p ə i ⁵ ³
情	t͡sʰ ə ŋ ² ¹
惠	β ə i ² ²
惡	a k̚ ³ ³
惡	β u ⁵ ⁵
惡人	a k̚ ³ ³ ɲ ə n ² ¹
想	ɬ i ɐ ŋ ³ ³
意	j i ⁵ ⁵
愛	a i ⁵ ⁵
感	k a m ³ ³
慈姑椗	t͡s i ² ¹ k u ⁵ ³ t i ɐ ŋ ⁵ ⁵
慕	m u ² ²
慘	t͡sʰ a m ³ ³
憤	f ə n ² ⁴
懶鬼	l a n ² ⁴ k u i ⁵ ⁵
懷	β a i ² ¹
戀	l i n ⁵ ⁵
成	s i ɐ ŋ ² ¹
我	ŋ o ² ⁴
戒	k a i ⁵ ⁵
戒尺	k a i ⁵ ⁵ t͡sʰ i ɐ k̚ ³ ³
戒指	k a i ⁵ ⁵ t͡s i ³ ³
或	h ʊ k̚ ² ²
戰	t͡s i n ⁵ ⁵
戶	β u ² ²
房	f ʊ ŋ ² ¹
所	s u ³ ³
扁菜	p e n ³ ³ t͡sʰ a i ⁵ ⁵
手	s ə u ³ ³
手巾	s ə u ³ ³ k ə n ⁵ ³
手布	s ə u ³ ³ p u ⁵ ⁵
手指甲	s ə u ³ ³ t͡s i ³ ³ k a p̚ ³ ³
手甲	s a u ³ ³ k a p̚ ³ ³
手節	s ə u ³ ³ t͡s i t̚ ² ²
手錶	s ə u ³ ³ p i u ⁵ ³
才	t͡s a i ² ¹
打	t a ³ ³
打雷	t a ³ ³ l u i ² ¹
扭絲旁	n ə u ³ ³ ɬ i ⁵ ³ p a ŋ ² ¹
扭絲邊	n ə u ³ ³ ɬ i ⁵ ³ p i n ⁵ ³
扳	p a n ³ ³
扶	f u ² ¹
技	k i ² ²
抍	s ə ŋ ² ¹
投	t ə u ² ¹
抖	t e u ³ ³
抱	p a u ² ⁴
押	a p̚ ³ ³
招待	t͡s i u ⁵ ³ t a i ² ²
拜堂	p a i ⁵ ⁵ t a ŋ ² ¹
拳	k y n ² ¹
持	t͡s i ² ¹
指	t͡s i ³ ³
指甲	t͡s i ³ ³ k a p̚ ³ ³
捱夜	ŋ a i ² ¹ j a ² ²
捱更抵夜	ŋ a i ² ¹ k ə ŋ ⁵ ³ t ə i ³ ³ j a ² ²
掛數	kʷ a ⁵ ⁵ s u ⁵ ⁵
掛賬	kʷ a ⁵ ⁵ s u ⁵ ⁵
接	t͡s i p̚ ³ ³
控	h ø ŋ ⁵ ⁵
揚	i ɐ ŋ ² ¹
換	β ə n ² ²
揮	kʰʷ ə i ⁵ ³
搶	t͡sʰ i ɐ ŋ ³ ³
擒	k ə m ² ¹
擦	t͡sʰ a t̚ ³ ³
擱灘	kʰ a k̚ ³ ³ tʰ a n ⁵ ³
擴	kʰ ʊ k̚ ³ ³
攙	t͡sʰ a m ⁵ ³
收	s ə u ⁵ ³
改	k a i ³ ³
放	f ʊ ŋ ⁵ ⁵
政	t͡s ə ŋ ⁵ ⁵
故	k u ⁵ ⁵
故意	k u ⁵ ⁵ j i ⁵ ⁵
敏	m ə n ² ⁴
救	k ə u ⁵ ⁵
救火車	k ə u ⁵ ⁵ h u ³ ³ t͡sʰ e ⁵ ³
敢	k a m ³ ³
敬	k i ɐ ŋ ⁵ ⁵
敬酒	k i ɐ ŋ ⁵ ⁵ t͡s ə u ³ ³
整	t͡s ə ŋ ³ ³
數	s u ⁵ ⁵
文盲	f ə n ² ¹ m i ɐ ŋ ² ¹
料	l i u ² ²
料酒	l i u ² ² t͡s ə u ³ ³
斬	t͡s a m ³ ³
斬樹	t͡s ə m ³ ³ s y ² ²
新	ɬ ə n ⁵ ³
新婦	ɬ ə n ⁵ ³ f u ² ²
方	f ʊ ŋ ⁵ ³
族	t͡s ø k̚ ² ²
旗	k i ² ¹
日	ɲ ə t̚ ² ⁴
日頭	ɲ ə t̚ ² ⁴ tʰ ə u ² ¹
早	t͡s a u ³ ³
早晨	t͡s a u ³ ³ s ə n ² ¹
早穀	t͡s a u ³ ³ k ø k̚ ³ ³
旱	h a n ² ⁴
明	m ə ŋ ² ¹
明日	m ə n ² ¹ ɲ ə t̚ ² ⁴
星	ɬ ə ŋ ⁵ ³
春	t͡sʰ ə n ⁵ ³
是	s i ² ²
時	s i ² ¹
晉	t͡s e n ⁵ ⁵
景	k ə ŋ ³ ³
暖	n u n ² ⁴
暖壺	n u n ² ⁴ h u ² ¹
曠課	kʰʷ a ŋ ⁵ ⁵ kʰ o ⁵ ⁵
曲尺	kʰ ø k̚ ³ ³ t͡sʰ ɪ k̚ ³ ³
更	k i ɐ ŋ ⁵ ⁵
更	k ə ŋ ⁵ ⁵
書	s y ⁵ ³
書包	s y ⁵ ³ p a u ⁵ ³
書友	s y ⁵ ³ j ə u ² ⁴
替	tʰ ə i ⁵ ⁵
最	t͡s u i ⁵ ⁵
月	ɲ y t̚ ² ⁴
月餅	ɲ y t̚ ² ⁴ p i ɐ ŋ ³ ³
有	j ə u ² ⁴
朋	p ə ŋ ² ¹
朋友	p ə ŋ ² ¹ j ə u ² ⁴
朗	l a ŋ ² ⁴
木	m ø k̚ ² ⁴
木糠	m ø k̚ ² ⁴ h ə ŋ ⁵ ³
木耳	m ø k̚ ² ⁴ ɲ i ³ ³
本	p u n ³ ³
本地人	p u n ³ ³ t i ² ² ɲ ə n ² ¹
朱	t͡s y ⁵ ³
李果	l i ² ⁴ k o ³ ³
杯	p u i ⁵ ³
東	t ø ŋ ⁵ ³
松油	ɬ ø ŋ ⁵ ³ ə u ² ¹
松葉	ɬ ø ŋ ⁵ ³ j i p̚ ² ⁴
板	p a n ³ ³
枕心	t͡s ə m ³ ³ ɬ ə m ⁵ ³
枕頭席	t͡s ə m ³ ³ tʰ ə u ² ¹ t͡s ɪ k̚ ² ²
枕頭心	t͡s ə m ³ ³ t ə u ² ¹ ɬ ə m ⁵ ³
林	l ə m ² ¹
果	k o ³ ³
果園	k o ³ ³ j y n ² ¹
果子	k o ³ ³ t͡s i ³ ³
果子狸	k o ³ ³ t͡s i ³ ³ l i ² ¹
果子酒	k o ³ ³ t͡s i ³ ³ t͡s ə u ³ ³
果樹	k o ³ ³ s y ² ²
枝	t͡s i ⁵ ³
枯	h u ⁵ ³
柬	k a n ³ ³
柱	j y ² ⁴
柳	l ə u ² ⁴
柴	s a i ² ¹
柴刀	s a i ² ¹ t a u ⁵ ³
柴火	s a i ² ¹ h u ³ ³
根	k ə n ⁵ ³
桂	kʷ ə i ⁵ ⁵
案	a n ⁵ ⁵
桌球	t͡s ø k̚ ³ ³ kʰ ə u ² ¹
桑	ɬ a ŋ ⁵ ³
桑果	ɬ a ŋ ⁵ ³ k o ³ ³
桑葉	ɬ a ŋ ⁵ ³ i p̚ ² ⁴
桶	tʰ ø ŋ ³ ³
梁	l i ɐ ŋ ² ¹
梅	m u i ² ¹
條	t i u ² ¹
梨	l i ² ¹
梯	tʰ ə i ⁵ ³
棋	k i ² ¹
森	s ə m ⁵ ³
椅子	j i ³ ³ t͡s i ³ ³
椒	t͡s i u ⁵ ³
楊	i ɐ ŋ ² ¹
楊桃	i ɐ ŋ ² ¹ t ə u ² ¹
楓	f ø ŋ ⁵ ³
業	n i p̚ ² ⁴
樓	l ə u ² ¹
樓梯	l ə u ² ¹ tʰ ə i ⁵ ³
樹	s y ² ²
樹丫	s y ² ² ŋ a ⁵ ³
樹林	s y ² ² l ə m ² ¹
樹枝	s y ² ² t͡s i ⁵ ³
樹苗	s y ² ² m i u ² ¹
樹葉	s y ² ² j i p̚ ² ⁴
樹身	s y ² ² s ə n ⁵ ³
樹頭	s y ² ² tʰ ə u ² ¹
樽	t͡s ə n ⁵ ³
樽枳	t͡s ə n ⁵ ³ t͡s ə t̚ ³ ³
機	k i ⁵ ³
欄杆	l a n ² ¹ k a n ³ ³
欄河	l a n ² ¹ h o ² ¹
權	k y n ² ¹
欠	h i m ⁵ ⁵
欠條	h i m ⁵ ⁵ t i u ² ¹
欠賬	h i m ⁵ ⁵ t͡s i ɐ ŋ ⁵ ⁵
次	t͡sʰ i ⁵ ⁵
欣	h ə n ⁵ ³
欲	ɲ ø k̚ ² ⁴
欽	kʰ ə m ⁵ ³
歌	k o ⁵ ³
歡	h u n ⁵ ³
止	t͡s i ³ ³
此	t͡sʰ i ³ ³
歸	kʷ ə i ⁵ ³
死	s i ³ ³
死佬	ɬ i ³ ³ l a u ² ⁴
殘	t͡s a n ² ¹
殘貨	t͡s a n ² ¹ h o ⁵ ⁵
段	t u n ² ²
殺	s a t̚ ³ ³
毀	β ə i ³ ³
毒	t ø k̚ ² ²
毛	m a u ² ¹
毫	h a u ² ¹
民	m ə n ² ¹
氣	h i ⁵ ⁵
水	s u i ³ ³
水果	s u i ³ ³ k o ³ ³
水腳	s u i ³ ³ k i ɐ k̚ ³ ³
水魚	s u i ³ ³ ɲ y ² ¹
永	β ə ŋ ² ⁴
汁	t͡s ə p̚ ³ ³
求	k ə u ² ¹
汗	h a n ² ²
江	k a ŋ ⁵ ³
決	kʰ y t̚ ³ ³
汽	h i ⁵ ⁵
汽油	h i ⁵ ⁵ j ə u ² ¹
汽燈	h i ⁵ ⁵ t ə ŋ ⁵ ³
汽車	h i ⁵ ⁵ t͡sʰ e ⁵ ³
沙	s a ⁵ ³
油	j ə u ² ¹
治	t͡s i ² ²
法	f ə t̚ ³ ³
波	p o ⁵ ³
波鞋	p o ⁵ ³ h a i ² ¹
泰	tʰ a i ⁵ ⁵
洋	j i ɐ ŋ ² ¹
洋火	i ɐ ŋ ² ¹ h u ³ ³
洋灰	j ə ŋ ³ ³ h u i ⁵ ³
洋碼字	i ɐ ŋ ² ¹ m a ² ⁴ t͡s i ² ²
洋鐵	i ɐ ŋ ² ¹ tʰ i ³ ³
派	pʰ a i ⁵ ⁵
流	l ə u ² ¹
浪	l a ŋ ² ²
海	h a i ³ ³
浸	t͡s ə m ⁵ ⁵
消	ɬ i u ⁵ ³
涼	l i ɐ ŋ ² ¹
涼茶	l i ɐ ŋ ² ¹ t͡sʰ a ² ¹
淡	t a m ² ⁴
深	s ə m ⁵ ³
淺	t͡sʰ i n ³ ³
清	t͡sʰ i ɐ ŋ ⁵ ³
渠	k y ² ¹
測	t͡sʰ ə k̚ ³ ³
港	k a ŋ ³ ³
湊	t͡sʰ e u ⁵ ⁵
湖	h u ² ¹
湯	tʰ a ŋ ⁵ ³
溝	k ə u ⁵ ³
溪	kʰ ə i ⁵ ³
滬	h u ² ²
滾	kʷ ə n ³ ³
滾水	kʷ ə n ³ ³ s u i ³ ³
潲水	s a u ⁵ ⁵ s u i ³ ³
灑	ɬ a ³ ³
火	h u ³ ³
火字旁	h u ³ ³ t͡s i ² ² p a ŋ ² ¹
火油	h u ³ ³ j ə u ² ¹
火船	h u ³ ³ s y n ² ¹
火車	h u ³ ³ t͡sʰ e ⁵ ³
火車站	h u ³ ³ t͡sʰ e ⁵ ³ t͡s a m ² ²
火車路	h u ³ ³ t͡sʰ e ⁵ ³ l u ² ²
灰	h u i ⁵ ³
灶邊	t͡s a u ⁵ ⁵ p i n ⁵ ³
灶雞	t͡s a u ⁵ ⁵ k ə i ⁵ ³
災	t͡s a i ⁵ ³
炒	t͡sʰ a u ³ ³
炒菜	t͡sʰ a u ³ ³ t͡sʰ a i ⁵ ⁵
炮	pʰ a u ⁵ ⁵
烏	β u ⁵ ³
焊	h ə n ² ²
無	f u ² ¹
煎	t͡s i n ⁵ ³
照	t͡s i u ⁵ ⁵
煨	β u i ⁵ ³
熱	ɲ i t̚ ² ⁴
燈	t ə ŋ ⁵ ³
燈籠	t ə ŋ ⁵ ³ l ø ŋ ² ¹
燒	s i u ⁵ ³
爛	l a n ² ²
爛湴	l a n ² ² p a m ² ²
爩	β ə t̚ ³ ³
爽快	s a ŋ ³ ³ β a i ⁵ ⁵
片	pʰ i n ⁵ ⁵
版	p a n ³ ³
牙	ɲ a ² ¹
牛	ɲ ə u ² ¹
牛肚	ŋ ə u ² ¹ t u ² ⁴
牛蚊子	ɲ ə u ² ¹ m ə n ² ¹ t͡s i ³ ³
物	f ə t̚ ² ⁴
特	t ə k̚ ² ²
犀	s ə i ⁵ ³
犯人	f a n ² ² ɲ ə n ² ¹
犯罪	f a n ² ² t͡s u i ² ²
狐	h u ² ¹
狐狸	h u ² ¹ l i ² ¹
狗	k ə u ³ ³
狗爪旁	k ə u ³ ³ t͡s a u ³ ³ p a ŋ ² ¹
狗竇	k ə u ³ ³ t ə u ⁵ ⁵
獄	ɲ ø k̚ ² ⁴
玄	j y n ² ¹
玉	ɲ ø k̚ ² ⁴
玉米	ɲ y ² ² m ə i ² ⁴
王	h ʊ ŋ ² ¹
王字旁	h ʊ ŋ ² ¹ t͡s i ² ² p a ŋ ² ¹
班	p a n ⁵ ³
現	j y n ² ²
理	l i ² ⁴
琴	k ə m ² ¹
瑞	s u i ² ²
環	β a n ² ¹
瓜	kʷ a ⁵ ³
瓶蓋	p ɪ ŋ ² ¹ k a i ⁵ ⁵
甘	k a m ⁵ ³
甜	t i m ² ¹
生	s i ɐ ŋ ⁵ ³
生日	s i ɐ ŋ ⁵ ³ ɲ ə t̚ ² ⁴
生果	s ɪ ŋ ⁵ ³ k o ³ ³
生油	s i ɐ ŋ ⁵ ³ j ə u ² ¹
產	t͡sʰ a n ³ ³
用	j ø ŋ ² ²
田	t i n ² ¹
田地	t i n ² ¹ t i ² ²
田契	t i n ² ¹ kʰ i ⁵ ⁵
由	j ə u ² ¹
甲	k a p̚ ³ ³
界	k a i ⁵ ⁵
留	l ə u ² ¹
番茄	f a n ⁵ ³ k e ² ¹
疲	p i ² ¹
病	p ə ŋ ² ²
病字頭	p ɪ ŋ ² ² t͡s i ² ² t ə u ² ¹
登	t ə ŋ ⁵ ³
登對	t ə ŋ ⁵ ³ t u i ⁵ ⁵
發	f ə t̚ ³ ³
發雞盲	f a t̚ ³ ³ k ə i ⁵ ³ m i ɐ ŋ ² ¹
白	p i ɐ k̚ ² ²
白事	p i ɐ k̚ ² ² s ə i ² ²
白果	p i ɐ k̚ ² ² k o ³ ³
白粥	p i ɐ k̚ ² ² t͡s ø k̚ ³ ³
白酒	p i ɐ k̚ ² ² t͡s ə u ³ ³
白飯	p i ɐ k̚ ² ² f a n ² ²
百厭	p i ɐ k̚ ³ ³ j i m ⁵ ⁵
皇	h ʊ ŋ ² ¹
皮	p i ² ¹
皮蛋	pʰ i ² ¹ t a n ² ²
盆	p u n ² ¹
監	k a m ⁵ ³
監	k a m ⁵ ⁵
目	f ø k̚ ² ⁴
盲腸	m i ɐ ŋ ² ¹ t͡s i ɐ ŋ ² ¹
直	t͡s ɪ k̚ ² ²
相	ɬ ə ŋ ⁵ ⁵
相親	ɬ ə ŋ ⁵ ⁵ t͡sʰ ə n ⁵ ³
相貌	ɬ ə ŋ ⁵ ⁵ m a u ² ²
眉	m i ² ¹
看	h a n ⁵ ³
看	h a n ⁵ ⁵
真	t͡s e n ⁵ ³
眶	kʰ a ŋ ⁵ ³
眼	ɲ a n ² ⁴
眼利	ɲ a n ² ⁴ l i ² ²
眼紅	ɲ a n ² ⁴ h ø ŋ ² ¹
知	t͡s i ⁵ ³
石	s i ɐ k̚ ² ²
石板	s i ɐ k̚ ² ² p ə n ³ ³
石頭	s i ɐ k̚ ² ² t ə u ² ¹
砍樹	kʰ ə m ³ ³ s y ² ²
砧板	t͡s ə m ⁵ ³ p a n ³ ³
破	p o ⁵ ⁵
碎	ɬ u i ⁵ ⁵
碗	β u n ³ ³
確	kʰ a k̚ ³ ³
磅	p ø ŋ ² ²
磅秤	p ø ŋ ² ² t͡sʰ ɪ ŋ ⁵ ⁵
磚	t͡s y n ⁵ ³
磚坯	t͡s y n ⁵ ³ pʰ ə i ⁵ ³
磨	m u ² ²
磨	m u ² ¹
磨坊	m u ² ² f ʊ ŋ ² ¹
磨洋工	m u ² ¹ j i ɐ ŋ ² ¹ k ø ŋ ⁵ ³
祈	k i ² ¹
祖	t͡s u ³ ³
神	s e n ² ¹
祠	t͡s i ² ¹
祠堂	t͡s i ² ¹ t a ŋ ² ¹
祭	t͡s ə i ⁵ ⁵
禁	k ə m ⁵ ⁵
福	f ø k̚ ³ ³
禮	l ə i ² ⁴
禾	h u ² ¹
禿寶蓋	tʰ ʊ k̚ ³ ³ p a u ³ ³ k a i ⁵ ⁵
秀	ɬ ə u ⁵ ⁵
私	s i ⁵ ³
私人	ɬ i ⁵ ³ ɲ ə n ² ¹
私塾	ɬ i ⁵ ³ s ø k̚ ² ²
私己錢	ɬ i ⁵ ³ k i ³ ³ t͡s i n ² ¹
私房錢	ɬ i ⁵ ³ f ʊ ŋ ² ¹ t͡s i n ² ¹
科	h u ⁵ ³
秘方	p i ⁵ ⁵ f ʊ ŋ ⁵ ³
秤	t͡sʰ ɪ ŋ ⁵ ⁵
移	j i ² ¹
稅	s u i ⁵ ⁵
稻	t a u ² ²
積	t͡s ɪ k̚ ³ ³
空心	h ø ŋ ⁵ ³ ɬ ə m ⁵ ³
穿	t͡sʰ y n ⁵ ³
窿	l ø ŋ ⁵ ³
立	l ə p̚ ² ⁴
立早章	l ə p̚ ² ⁴ t͡s a u ³ ³ t͡s i ɐ ŋ ⁵ ³
站	t͡s a m ² ²
章	t͡s i ɐ ŋ ⁵ ³
童	t ø ŋ ² ¹
端	t u n ⁵ ³
竹	t͡s ø k̚ ³ ³
竹圍	t͡s ø k̚ ³ ³ β ə i ² ¹
竹字頭	t͡s ø k̚ ³ ³ t͡s i ² ² t ə u ² ¹
竹排	t͡s ø k̚ ³ ³ p a i ² ¹
竹筍	t͡s ø k̚ ³ ³ ɬ ə n ³ ³
竹籃	t͡s ø k̚ ³ ³ l a m ² ¹
竹葉	t͡s ø k̚ ³ ³ i p̚ ² ⁴
竹葉青	t͡s ø k̚ ³ ³ i p̚ ² ⁴ t͡sʰ i ɐ ŋ ⁵ ³
笑	ɬ i u ⁵ ⁵
第	t ə i ² ²
筆	p ə t̚ ³ ³
筆筒	p ə t̚ ³ ³ t ø ŋ ² ¹
筋	k ə n ⁵ ³
筍殼	ɬ ə n ³ ³ h a k̚ ³ ³
策	t͡sʰ i ɐ k̚ ³ ³
算命	ɬ u n ⁵ ⁵ m i ɐ ŋ ² ²
算命佬	ɬ u n ⁵ ⁵ m i ɐ ŋ ² ² l a u ² ⁴
算盤	ɬ u n ⁵ ⁵ p u n ² ¹
管	k u n ³ ³
管家	k u n ³ ³ k a ⁵ ³
箭	t͡s i n ⁵ ⁵
節	t͡s i t̚ ³ ³
篩	s ə i ⁵ ³
篩酒	s ə i ⁵ ³ t͡s ə u ³ ³
篾	m i t̚ ² ⁴
篾皮	m i t̚ ² ⁴ p i ² ¹
篾肚	m i t̚ ² ⁴ t u ² ⁴
米	m ə i ² ⁴
米粉	m ə i ² ⁴ f ə n ³ ³
粉	f ə n ³ ³
粱	l i ɐ ŋ ² ¹
粽	t͡s ø ŋ ⁵ ⁵
粽子	t͡s ø ŋ ⁵ ⁵ t͡s i ³ ³
精	t͡s ə ŋ ⁵ ³
糖	tʰ a ŋ ² ¹
約	i ɐ k̚ ³ ³
紅	h ø ŋ ² ¹
紙	t͡s i ³ ³
級	kʰ ə p̚ ³ ³
素	ɬ u ⁵ ⁵
素菜	ɬ u ⁵ ⁵ t͡sʰ a i ⁵ ⁵
細婆	ɬ ə i ⁵ ⁵ p u ² ¹
細毛	ɬ ə i ⁵ ⁵ m a u ² ¹
細脷	ɬ ə i ⁵ ⁵ l i ² ²
結	k y t̚ ³ ³
結婚	k y t̚ ³ ³ β ə n ⁵ ³
絕	t͡s y t̚ ² ²
統	tʰ ø ŋ ³ ³
絲襪	ɬ i ⁵ ³ m a t̚ ² ⁴
經	k ə ŋ ⁵ ³
綠	l ø k̚ ² ⁴
維	β ə i ² ¹
線	ɬ i n ⁵ ⁵
編	pʰ i n ⁵ ³
縣	j y n ² ²
總	t͡s ø ŋ ³ ³
罩	t͡s a u ⁵ ⁵
罪	t͡s u i ² ²
羊	i ɐ ŋ ² ¹
羊吊	i ɐ ŋ ² ¹ t i u ⁵ ⁵
羊皮	i ɐ ŋ ² ¹ p i ² ¹
羌	k i ɐ ŋ ⁵ ³
美	m ə i ² ⁴
羽	j y ² ¹
翠	t͡sʰ u i ⁵ ⁵
老	l a u ² ⁴
老薑	l a u ² ⁴ k i ɐ ŋ ⁵ ³
考	kʰ a u ³ ³
考場	kʰ a u ³ ³ t͡s i ɐ ŋ ² ¹
考試	kʰ a u ³ ³ s i ⁵ ⁵
而	ø ² ¹
耐	n a i ² ²
耐耐	n a i ² ² n a i ² ²
耕	k ə ŋ ⁵ ³
耳	ɲ i ² ⁴
耳朵	ɲ i ² ⁴ t u ³ ³
耳朵旁	ɲ i ² ⁴ t u ³ ³ p a ŋ ² ¹
聚	t͡s y ² ²
聞	m ə n ² ¹
聲	s ə ŋ ⁵ ³
聽	tʰ ə ŋ ⁵ ³
聽	tʰ ə ŋ ⁵ ⁵
肆	s i ⁵ ⁵
肉片	ɲ ø k̚ ² ⁴ pʰ i n ⁵ ⁵
肉豆	ɲ ø k̚ ² ⁴ t ə u ² ²
肝	k a n ⁵ ³
股	k u ³ ³
肥佬	f i ² ¹ l a u ² ⁴
肺炎	f i ⁵ ⁵ i m ² ¹
胃	β ə i ² ²
背脢	p u i ⁵ ⁵ m u i ² ¹
胡椒	h u ² ¹ t͡s i u ⁵ ³
能	n ə ŋ ² ¹
能幹	n ə ŋ ² ¹ k a n ⁵ ⁵
脢	m u i ² ¹
腐乳	f u ² ² j y ² ⁴
腐竹	f u ² ² t͡s ø k̚ ³ ³
腰	j i u ⁵ ³
腳	k i ɐ k̚ ³ ³
腳甲	k i ɐ k̚ ³ ³ k a p̚ ³ ³
腳趾甲	k i ɐ k̚ ³ ³ t͡s i ³ ³ k a p̚ ³ ³
膽	t a m ³ ³
臥	ŋ o ² ²
自	t͡s i ² ²
自來水筆	t͡s i ² ² l a i ² ¹ s u i ³ ³ p ə t̚ ³ ³
臺	t a i ² ¹
興	h ə ŋ ⁵ ³
興	h ə ŋ ⁵ ⁵
舉	k y ³ ³
舊	k ə u ² ²
船	s y n ² ¹
艦	l a m ² ⁴
良	l i ɐ ŋ ² ¹
色	s ɪ k̚ ³ ³
艾	ŋ a i ² ²
芫荽	j i m ² ¹ ɬ ə i ⁵ ³
花	β a ⁵ ³
花捲	β a ⁵ ³ k y n ³ ³
花棯	β a ⁵ ³ n e m ⁵ ³
花生	β a ⁵ ³ s i ɐ ŋ ⁵ ³
花生米	β a ⁵ ³ s i ɐ ŋ ⁵ ³ m ə i ² ⁴
芳	f ʊ ŋ ⁵ ³
芹菜	kʰ ə n ² ¹ t͡sʰ a i ⁵ ⁵
苗	m i u ² ¹
苦	h u ³ ³
苦瓜	h u ³ ³ kʷ a ⁵ ³
英	ə ŋ ⁵ ³
茉莉花	m u t̚ ² ⁴ l i ² ² β a ⁵ ³
茶	t͡sʰ a ² ¹
草	t͡sʰ a u ³ ³
草包	t͡sʰ a u ³ ³ p a u ⁵ ³
草字頭	t͡sʰ a u ³ ³ t͡s i ² ² t ə u ² ¹
草木灰	t͡sʰ a u ³ ³ m ø k̚ ² ⁴ h u i ⁵ ³
荒	h ʊ ŋ ⁵ ³
荷花	h o ² ¹ β a ⁵ ³
菊	k ø k̚ ³ ³
菊花	k ø k̚ ³ ³ β a ⁵ ³
菜	t͡sʰ a i ⁵ ⁵
菜刀	t͡sʰ a i ⁵ ⁵ t a u ⁵ ³
萄	t a u ² ¹
萬	m a n ² ²
落士	l a k̚ ² ⁴ s ə i ² ²
落象	l a k̚ ² ⁴ t͡s i ɐ ŋ ² ²
落雨	l a k̚ ² ⁴ j y ² ⁴
落雨天	l a k̚ ² ⁴ j y ² ⁴ tʰ i n ⁵ ³
落雪	l a k̚ ² ⁴ ɬ y t̚ ³ ³
葉	j i p̚ ² ⁴
葡萄乾	p u ² ¹ t a u ² ¹ k a n ⁵ ³
葡萄酒	p u ² ¹ t a u ² ¹ t͡s ə u ³ ³
葬	t͡s a ŋ ⁵ ⁵
蒜	ɬ u n ⁵ ⁵
蒜蓉	ɬ u n ⁵ ⁵ j ø ŋ ² ¹
蒜頭	ɬ u n ⁵ ⁵ tʰ ə u ² ¹
蒲	p u ² ¹
蓮米	l i n ² ¹ m ə i ² ⁴
蔥	t͡sʰ ø ŋ ⁵ ³
蔥白	t͡sʰ ø ŋ ⁵ ³ p i ɐ k̚ ² ²
蕩	t a ŋ ² ²
薛	ɬ y t̚ ² ⁴
藍	l a m ² ¹
藤	t ə ŋ ² ¹
藤椅	tʰ ə ŋ ² ¹ j i ³ ³
藥	i ɐ k̚ ² ⁴
藿	k ə k̚ ³ ³
蘋果	pʰ ɪ ŋ ² ¹ k o ³ ³
蘑菇	m o ² ² k u ⁵ ³
虧	kʰʷ ə i ⁵ ³
蛇	s e ² ¹
蛇瓜	s e ² ¹ kʷ a ⁵ ³
蛋	t a n ² ²
蛋白	t a n ² ² p i ɐ k̚ ² ²
蛋糕	t a n ² ² k a u ⁵ ³
蛋黃	t a n ² ² h ʊ ŋ ² ¹
蜂	f ø ŋ ⁵ ³
蜂竇	f ø ŋ ⁵ ³ t ə u ⁵ ⁵
蜜	m ə t̚ ² ⁴
蜜糖	m ə t̚ ² ⁴ t ə ŋ ² ¹
蜜蜂	m ə t̚ ² ⁴ f ø ŋ ⁵ ³
蝦子蛋	h a ⁵ ³ t͡s i ³ ³ t a n ² ²
螃	p a ŋ ² ¹
螞蟻	m a ² ⁴ ɲ i ² ⁴
蠄	kʰ ə m ² ¹
蠄蟝	kʰ ə m ² ¹ k y ² ¹
蠢	t͡sʰ e n ³ ³
蠻	m a n ² ¹
血	h y t̚ ³ ³
行人道	h i ɐ ŋ ² ¹ ɲ ə n ² ¹ t a u ² ²
術	ɬ ə t̚ ² ²
衣	j i ⁵ ³
衫	s a m ⁵ ³
裙	kʰʷ ə n ² ¹
裝	t͡s a ŋ ⁵ ³
褲囊	h u ⁵ ⁵ n ə ŋ ⁵ ³
褲頭	h u ⁵ ⁵ t ə u ² ¹
褲頭帶	h u ⁵ ⁵ t ə u ² ¹ t a i ⁵ ⁵
襪	m a t̚ ² ⁴
西	ɬ ə i ⁵ ³
西裝	ɬ ə i ⁵ ³ t͡s a ŋ ⁵ ³
見	k i n ⁵ ⁵
見面	k i n ⁵ ⁵ m i n ² ²
規	kʰʷ ə i ⁵ ³
視	s i ² ²
親	t͡sʰ ə n ⁵ ³
親人	t͡sʰ ə n ⁵ ³ ɲ ə n ² ¹
親戚	t͡sʰ ə n ⁵ ³ t͡sʰ i ɐ k̚ ³ ³
覺	k a u ⁵ ⁵
角尺	k a k̚ ³ ³ t͡sʰ ɪ k̚ ³ ³
觸	t͡sʰ ø k̚ ³ ³
言	j y n ² ¹
計	k i ⁵ ⁵
訓	β ə n ⁵ ⁵
記	k i ⁵ ⁵
記數	k i ⁵ ⁵ s u ⁵ ⁵
設	t͡sʰ i t̚ ³ ³
評	p ə ŋ ² ¹
詞	t͡s i ² ¹
試	s i ⁵ ⁵
詩	s i ⁵ ³
話	β a ² ²
詳	t͡s i ɐ ŋ ² ¹
認	ɲ ə n ² ²
語	j y ² ⁴
誤犯	ŋ̍ ² ² f a n ² ²
說	s y t̚ ³ ³
調	t i u ² ²
調	t i u ² ¹
談	t a m ² ¹
論	l ə n ² ²
謀	m ə u ² ¹
謎	m i ² ²
講	k a ŋ ³ ³
講夢話	k a ŋ ³ ³ m ʊ ŋ ² ² β a ² ²
謝	t͡s i ² ²
證	t͡s i ɐ ŋ ⁵ ⁵
證人	t͡s i ɐ ŋ ⁵ ⁵ ɲ ə n ² ¹
警	k i ɐ ŋ ³ ³
警察	k i ɐ ŋ ³ ³ t͡sʰ a t̚ ³ ³
護	β u ² ²
讀	t ø k̚ ² ²
豆	t ə u ² ²
豆殼	t ə u ² ² h a k̚ ³ ³
豆漿	t ə u ² ² t͡s i ɐ ŋ ⁵ ³
豆腐	t ə u ² ² f u ² ²
豆角	t ə u ² ² k a k̚ ³ ³
豆豉	t ə u ² ² s i ² ²
豎心旁	s y ² ² ɬ ə m ⁵ ³ p a ŋ ² ¹
象	t͡s i ɐ ŋ ² ²
豪	h a u ² ¹
豬	t͡s y ⁵ ³
豬濕	t͡s y ⁵ ³ s ə p̚ ³ ³
豬紅	t͡s y ⁵ ³ h ø ŋ ² ¹
豬肝	t͡s y ⁵ ³ k a n ⁵ ³
豬肝色	t͡s y ⁵ ³ k a n ⁵ ³ s ɪ k̚ ³ ³
豬血	t͡s y ⁵ ³ h y t̚ ³ ³
豹	p a u ⁵ ⁵
貌	m a u ² ²
貓	m e u ⁵ ⁵
貝	p u i ⁵ ⁵
貞	t͡s ə ŋ ⁵ ³
財	t͡s a i ² ¹
貪	tʰ a m ⁵ ³
貪心	tʰ a m ⁵ ³ ɬ ə m ⁵ ³
貴	kʷ ə i ⁵ ⁵
買主	m a i ² ⁴ t͡s y ³ ³
費	f i ⁵ ⁵
賒	s i ⁵ ³
賒數	s i ⁵ ³ s u ⁵ ⁵
賓	p ə n ⁵ ³
賜	t͡sʰ i ⁵ ⁵
賢	j y n ² ¹
質	t͡s e t̚ ³ ³
贅	s u i ² ²
赤	t͡sʰ ɪ k̚ ³ ³
走字底	t͡s ə u ³ ³ t͡s i ² ² tʰ ə i ³ ³
走船底	t͡s ə u ³ ³ s y n ² ¹ tʰ ə i ³ ³
起	h i ³ ³
趒	tʰ i u ⁵ ⁵
趙	t͡s i u ² ²
路	l u ² ²
路燈	l u ² ² t ə ŋ ⁵ ³
路費	l u ² ² f i ⁵ ⁵
路邊	l u ² ² p i n ⁵ ³
身	s e n ⁵ ³
車	t͡sʰ e ⁵ ³
軍	kʷ ə n ⁵ ³
軒	h y n ⁵ ³
辛	ɬ ə n ⁵ ³
辛苦	ɬ ə n ⁵ ³ f u ³ ³
辣	l a t̚ ² ⁴
辣椒	l a t̚ ² ⁴ t͡s i u ⁵ ³
辣椒粉	l a t̚ ² ⁴ t͡s i u ⁵ ³ f ə n ³ ³
辣椒醬	l a t̚ ² ⁴ t͡s i u ⁵ ³ t͡s i ɐ ŋ ⁵ ⁵
辦公檯	p a n ² ² k ø ŋ ⁵ ³ t a i ² ¹
農	n ø ŋ ² ¹
農民	n ø ŋ ² ¹ m ə n ² ¹
近	k ə n ² ⁴
迷	m i ² ¹
退	tʰ u i ⁵ ⁵
送	ɬ ø ŋ ⁵ ⁵
送喪	ɬ ø ŋ ⁵ ⁵ ɬ a ŋ ⁵ ⁵
送客	ɬ ø ŋ ⁵ ⁵ h i ɐ k̚ ³ ³
送灶	ɬ ø ŋ ⁵ ⁵ t͡s a u ⁵ ⁵
送禮	ɬ ø ŋ ⁵ ⁵ l ə i ² ⁴
送葬	ɬ ø ŋ ⁵ ⁵ t͡s a ŋ ⁵ ⁵
送飯	ɬ ø ŋ ⁵ ⁵ f a n ² ²
透	tʰ ə u ⁵ ⁵
通	tʰ ø ŋ ⁵ ³
速	t͡sʰ ø k̚ ³ ³
逢	f ø ŋ ² ¹
連	l i n ² ¹
進	t͡s e n ⁵ ⁵
過	k u ⁵ ⁵
道	t a u ² ²
遠	j y n ² ⁴
遺	j y ² ¹
還	β a n ² ¹
邊	p i n ⁵ ³
部	p u ² ²
郵票	j ə u ² ¹ pʰ i u ⁵ ⁵
酒	t͡s ə u ³ ³
酸	ɬ u n ⁵ ³
醋	t͡sʰ u ⁵ ⁵
醫院	j i ⁵ ³ j y n ² ²
醬	t͡s i ɐ ŋ ⁵ ⁵
量	l i ɐ ŋ ² ²
量	l i ɐ ŋ ² ¹
金	k ə m ⁵ ³
金錢橘	k ə m ⁵ ³ t͡s i n ² ¹ k ə t̚ ³ ³
針	t͡s ə m ⁵ ³
鉛筆	j y n ² ¹ p ə t̚ ³ ³
銀	ŋ ə n ² ¹
銅	t ø ŋ ² ¹
銜	h a m ² ¹
鋒	f ø ŋ ⁵ ³
鋪	pʰ u ⁵ ⁵
鋼筆	k a ŋ ⁵ ³ p ə t̚ ³ ³
錢	t͡s i n ² ¹
錶	p i u ⁵ ³
鎮	t͡s e n ⁵ ⁵
鏡	k ə ŋ ⁵ ⁵
鐵	tʰ i t̚ ³ ³
鐵路	tʰ i t̚ ³ ³ l u ² ²
長	t͡s i ɐ ŋ ² ¹
長	t͡s i ɐ ŋ ³ ³
門	m u n ² ¹
開	h a i ⁵ ³
開年	h a i ⁵ ³ n i n ² ¹
開燈	h a i ⁵ ³ t ə ŋ ⁵ ³
閒	h a n ² ¹
間	k a n ⁵ ³
閻龍王	j y n ² ¹ l ø ŋ ² ¹ h ʊ ŋ ² ¹
關	kʷ a n ⁵ ³
防	f ʊ ŋ ² ¹
院	j y n ² ²
除	t͡s y ² ¹
陶	t a u ² ¹
陸	l ø k̚ ² ⁴
隆	l ø ŋ ² ¹
險	h i m ³ ³
雀	t͡sʰ i ɐ k̚ ⁵ ⁵
雁	ɲ ə n ² ²
雙	s ʊ ŋ ⁵ ³
雙徛人	s ʊ ŋ ⁵ ³ k i ² ⁴ ɲ ə n ² ¹
雙黃蛋	s ʊ ŋ ⁵ ³ h ʊ ŋ ² ¹ t a n ² ²
雞	k ə i ⁵ ³
離	l i ² ¹
難	n a n ² ²
難	n a n ² ¹
難受	n a n ² ¹ s ə u ² ²
難過	n a n ² ¹ k u ⁵ ⁵
難頂	n a n ² ¹ t i ɐ ŋ ³ ³
雨	j y ² ⁴
雨傘	j y ² ⁴ ɬ a n ⁵ ⁵
雨衣	j y ² ⁴ j i ⁵ ³
雪	ɬ y t̚ ³ ³
雬	m ø k̚ ⁵ ⁵
雲	β ə n ² ¹
雲耳	β ə n ² ¹ ɲ i ² ⁴
零售	l ə ŋ ² ¹ s ə u ² ²
雷	l u i ² ¹
雷公	l u i ² ¹ k ø ŋ ⁵ ³
雷公響	l u i ² ¹ k ø ŋ ⁵ ³ h i ɐ ŋ ³ ³
電	t i n ² ²
電髮	t i n ² ² f a t̚ ³ ³
霜	s ʊ ŋ ⁵ ³
霧	m u ² ²
露	l u ² ²
青	t͡sʰ i ɐ ŋ ⁵ ³
青光眼	t͡sʰ ɪ ŋ ⁵ ³ k ʊ ŋ ⁵ ³ n a n ² ⁴
青筋	t͡sʰ i ɐ ŋ ⁵ ³ k ə n ⁵ ³
靜	t͡s i ɐ ŋ ² ²
靠背椅	kʰ a u ⁵ ⁵ p u i ⁵ ⁵ i ³ ³
面	m i n ² ²
鞋	h a i ² ¹
鞋擦	h a i ² ¹ t͡sʰ a t̚ ³ ³
鞋邊	h a i ² ¹ p i n ⁵ ³
韭菜	k ə u ³ ³ t͡sʰ a i ⁵ ⁵
音	j ə m ⁵ ³
頂嘴	t ɪ ŋ ³ ³ t͡s u i ³ ³
頂針	t ə ŋ ³ ³ t͡s ə m ⁵ ³
項	h a ŋ ² ²
項鏈	h a ŋ ² ² l i n ² ²
頭	t ə u ² ¹
頭髮	t ə u ² ¹ f a t̚ ³ ³
頸筋	k ɪ ŋ ⁵ ⁵ k ə n ⁵ ³
類	l u i ² ²
風	f ø ŋ ⁵ ³
風水佬	f ø ŋ ⁵ ³ s u i ³ ³ l a u ² ⁴
風箏	f ø ŋ ⁵ ³ t͡s ə ŋ ⁵ ³
飛	f i ⁵ ³
飛機師	f i ⁵ ³ k i ⁵ ³ s ə i ⁵ ³
飛象	f i ⁵ ³ t͡s i ɐ ŋ ² ²
飛髮	f i ⁵ ³ f ə t̚ ² ²
飛髮佬	f i ⁵ ³ f ə t̚ ³ ³ l a u ² ⁴
飛髮鋪	f i ⁵ ³ f ə t̚ ² ² pʰ u ⁵ ⁵
食	s ɪ k̚ ² ²
飯	f a n ² ²
飯店	f a n ² ² t i m ⁵ ⁵
飯瓢	f a n ² ² p i u ² ¹
飯豆	f a n ² ² t ə u ² ²
餃	k a u ³ ³
餃子	k a u ³ ³ t͡s i ³ ³
餐	t͡sʰ a n ⁵ ³
餐館	t͡sʰ a n ⁵ ³ k u n ³ ³
饅頭	m a n ² ¹ tʰ ə u ² ¹
香	h i ɐ ŋ ⁵ ³
香港腳	h i ɐ ŋ ⁵ ³ k a ŋ ³ ³ k i ɐ k̚ ³ ³
香火	h i ɐ ŋ ⁵ ³ h u ³ ³
香鹼	h i ɐ ŋ ⁵ ³ k e n ³ ³
馬	m a ² ⁴
騙	pʰ i n ⁵ ⁵
騙子	pʰ i n ⁵ ⁵ t͡s i ³ ³
騾	l o ² ¹
驗	n i m ² ²
驚	k ə ŋ ⁵ ³
驢	l y ² ¹
骨	kʷ ə t̚ ³ ³
體	tʰ ə i ³ ³
高	k a u ⁵ ³
高㬹鞋	k a u ⁵ ³ t͡s i ɐ ŋ ⁵ ³ h a i ² ¹
高粱	k a u ⁵ ³ l i ɐ ŋ ² ¹
高跟鞋	k a u ⁵ ³ k ə n ⁵ ³ h a i ² ¹
鬼	kʷ ə i ³ ³
魂	β ə n ² ¹
魔術	m o ⁵ ³ ɬ ə t̚ ² ²
魚	j y ² ¹
魚花	ɲ y ² ¹ β a ⁵ ³
鯽魚	t͡s ə k̚ ³ ³ ŋ y ² ¹
鳥	n i u ² ⁴
鴛鴦	j y n ⁵ ³ i ɐ ŋ ⁵ ³
鵝	ŋ o ² ¹
鹹	h a m ² ¹
鹹菜	h a m ² ¹ t͡sʰ a i ⁵ ⁵
鹹蛋	h a m ² ¹ t a n ² ²
鹽	j i m ² ¹
麵	m i n ² ²
麵包	m i n ² ² p a u ⁵ ³
麻	m a ² ¹
麻包袋	m a ² ¹ p a u ⁵ ³ t a i ² ²
麻雀	m a ² ¹ t͡sʰ i ɐ k̚ ⁵ ⁵
黃	h ʊ ŋ ² ¹
黃砂糖	h ʊ ŋ ² ¹ s a ⁵ ³ t a ŋ ² ¹
黃糖	h ʊ ŋ ² ¹ t a ŋ ² ¹
黑	h ə k̚ ³ ³
黑板	h ə k̚ ³ ³ p a n ³ ³
黑豆	h ə k̚ ³ ³ t ə u ² ²
鼻	p ə t̚ ² ²
齷齪	ʊ k̚ ³ ³ t͡sʰ ʊ k̚ ³ ³
龍	l ø ŋ ² ¹
𡧣	k a i ³ ³
