Aberystwyth	a b ɛ r ə s t w ɨ̞ θ
abl	a b l̩
abostl	a b ɔ s t l̩
abostol	a b ɔ s t ɔ l
achlust	a χ l ɨ̞ s t
adwaenost	a d w e ɨ̯ n ɔ s t
addysg	a ð ɨ̞ s k
addysga	a ð ə s k a
addysgais	a ð ə s k a i̯ s
addysgaist	a ð ə s k a i̯ s t
addysgau	a ð ə s k a ɨ̯
addysgau	a ð ə s k ɛ
addysgau	a ð ə s k a
addysgiadol	a ð ə s k j a d ɔ l
addysgoch	a ð ə s k ɔ χ
addysgodd	a ð ə s k ɔ ð
addysgol	a ð ə s k ɔ l
addysgon	a ð ə s k ɔ n
addysgu	a ð ə s k ɨ̞
addysgwch	a ð ə s k ʊ χ
addysgwr	a ð ə s k ʊ r
aethost	e ɨ̯ θ ɔ s t
afrllad	a v r̩ ɬ a t
afrosgo	a v r ɔ s k o
Affganistan	a f ɡ a n ɪ s t a n
anghofuster	a ŋ h ɔ v ɨ̞ s t ɛ r
anghraff	a ŋ̊ r̥ a f
anghyfleustra	a ŋ̊ h ə v l e ɨ̯ s t r a
anghywir	a ŋ ɦ ə w ɪ r
Aifft	a i f t
Aifft	ə r a i f t
ailystyriaeth	a i̯ l ə s t ə r j a ɨ̯ θ
ailystyried	a i̯ l ə s t ə r j ɛ d
aillt	a i̯ ɬ t
allglofan	a ɬ k lˠ ɔ v a n
allglofan	a ɬ k lˠ ɔ v a n
allt	aː ɬ t
alltro	a ɬ t r ɔ
alltud	a ɬ t ɨ̞ d
alltudiad	a ɬ t ɨ̞ d j a d
amethyst	a m ɛ θ ɨ̞ s t
amholiticaidd	a m ɦ ɔ l ɪ tʰ ɪ kʰ a i̯ ð
amhrydlon	a m ɦ r ə d l ɔ n
amlbriod	a m l̩ b r iː ɔ d
amlbriod	a m a l b r iː ɔ d
amldduw	a m ɫ̩ ð ɨ̞ u̯
amlffurf	a m l̩ f ɨ̞ r v
amlgellog	a m l̩ ɡ ɛ ɬ ɔ ɡ
amlhad	a m l̩ h aː d
amlhau	a m l̩ h a ɨ̯
amlieithog	a m l̩ j e ɪ θ ɔ ɡ
amlieithog	a m a l j e ɪ θ ɔ ɡ
amlochrog	a m l̩ ɔ χ r ɔ ɡ
amlochrog	a m l ɔ χ r ɔ ɡ
amlosgi	a m l ɔ s k i
amlweddog	a m l̩ w ɛ ð ɔ ɡ
amobr	a m ɔ b r̩
anabl	a n a b l̩
anaml	a n a m l̩
anawsterau	a n a u̯ s t ɛ r a ɨ̯
anawsterau	a n a u̯ s t ɛ r ɛ
anawsterau	a n a u̯ s t ɛ r a
anedl	a n ɛ d l̩
anesboniadwy	a n ɛ s p ɔ n j a d ʊ ɨ̯
anesgusodol	a n ɛ s k ɨ̞ s ɔ d ɔ l
anfoesgar	a n v ɔ ɨ̯ s k a r
anfynychder	a n v ə n ə χ t ɛ r
anhawdd	a n ɦ a u̯ ð
anhawster	a n h a u̯ s t ɛ r
anhawster	a n h a u̯ s t a r
anhepgor	a n ɦ ɛ p k ɔ r
anhwylustod	a n̥ h ʊ ɨ̯ l ɨ̞ s t ɔ d
anhyfedr	a n h ə v ɛ d r̩
anhyfedr	a n h ə v ɛ d ɛ r
anhysbys	a n h ə s p ɨ̞ s
anhysbysyn	a n̥ h ə s p ə s ɨ̞ n
annhaclus	a n ɦ a k l ɨ̞ s
annhacluso	a n ɦ a k l ɨ̞ s ɔ
annisgwyl	a n ɪ s k ʊ ɨ̯ l
annisgybledig	a n ɪ s k ə b l ɛ d ɪ ɡ
anrhydedd	a n ɦ r ə d ɛ ð
anrhydeddu	a n ɦ r ə d ɛ ð ɨ̞
anrhydeddus	a n ɦ r ə d ɛ ð ɨ̞ s
ansicr	a n s ɪ k ɪ r
anysbryd	a n ə s p r ɨ̞ d
anysbrydol	a n ə s p r ə d ɔ l
anystyr	a n ə s t ɨ̞ r
anystyrgar	a n ə s t ə r ɡ a r
anystyriol	a n ə s t ə r j ɔ l
anystywallt	a n ə s t ə u̯ a ɬ t
apostol	a pʰ ɔ s t ɔ l
apostolaidd	a p ɔ s t ɔ l a i̯ ð
apostolig	a p ɔ s t ɔ l ɪ ɡ
apostolion	a pʰ ɔ s t ɔ l j ɔ n
aradr	a r a d r̩
archdeyrniaeth	a r χ t e ɨ̯ r n j a ɨ̯ θ
archdeyrniaeth	a r χ t e ɨ̯ r n j ɛ θ
archesgob	a r χ ɛ s k ɔ b
archesgobion	a r χ ɛ s k ɔ b j ɔ n
arestiad	a r ɛ s t j a d
arestiadau	a r ɛ s t j a d a ɨ̯
arestiadau	a r ɛ s t j a d ɛ
arestiadau	a r ɛ s t j a d a
arestio	a r ɛ s t j ɔ
arogl	a r ɔ ɡ l̩
arwyddbost	a r w ɨ̞ ð b ɔ s t
asbri	a s p r i
asgell	a s k ɛ ɬ
asgell	a s k a ɬ
asgellog	a s k ɛ ɬ ɔ ɡ
asgetaidd	a s k ɛ tʰ a i̯ ð
asgetig	a s k ɛ tʰ ɪ ɡ
asgetigiaeth	a s k ɛ tʰ ɪ ɡ j a ɨ̯ θ
asgetigiaeth	a s k ɛ tʰ ɪ ɡ j ɛ θ
asglod	a s k l ɔ t
asgwrn	a s k ʊ r n
astatin	a s t a tʰ ɪ n
astell	a s t ɛ ɬ
astell	a s t a ɬ
astigmatedd	a s t ɪ ɡ m a t ɛ ð
astrus	a s t r ɨ̞ s
astrusi	a s t r ɨ̞ s i
astud	a s t ɨ̞ d
astudiaeth	a s d ɨ̞ d j a ɨ̯ θ
astudiaeth	a s t ɨ̞ d j ɛ θ
astudiaeth	a s t ɨ̞ d j a θ
astudiaethau	a s t ɨ̞ d j e ɨ̯ θ a ɨ̯
astudiaethau	a s t ɨ̞ d j e ɨ̯ θ ɛ
astudiaethau	a s t ɨ̞ d j e ɨ̯ θ a
astudio	a s t ɨ̞ d j ɔ
atddodol	a t θ ɔ d ɔ l
atgas	a t k a s
atgyfeirio	a t k ə v e i̯ r j ɔ
atgyflenwad	a t k ə v l ɛ n w a t
atgyflenwi	a t k ə v l ɛ n w i
awdl	a u̯ d l̩
Awst	a u̯ s t
Awstralia	a u̯ s t r a l j a
Awstria	a u̯ s t r j a
awtistiaeth	a u̯ tʰ ɪ s t j a ɨ̯ θ
awtistiaeth	a u̯ tʰ ɪ s t j ɛ θ
awtistig	a u̯ tʰ ɪ s t ɪ ɡ
bachgen	b a χ k ɛ n
bachgennes	b a χ k ɛ n ɛ s
bachgennyn	b a χ k ɛ n ɨ̞ n
bangeibr	b a ŋ ɡ e i̯ b r̩
balchder	b a l χ t ɛ r
balchder	b a l χ t a r
banadl	b a n a d l̩
basbort	b a s p ɔ r tʰ
basgad	b a s k a d
basged	b a s k ɛ d
basged	b a s k a d
basgedi	b a s k ɛ d ɪ
Basgiaid	b a s k j a i̯ d
basgrythau	b a s k r ə θ a ɨ̯
basgrythau	b a s k r ə θ ɛ
basgrythau	b a s k r ə θ a
bast	b a s t
basta	b a s t a
bastai	b a s t a i̯
bathdai	b a θ t a i̯
bathdy	b a θ t ɨ̞
bechgyn	b ɛ χ k ɨ̞ n
Bedr	b ɛ d r̩
beidr	b e i̯ d r̩
Belffast	b ɛ l f a s t
bellter	bʰ ɛ ɬ t ɛ r
bisged	b ɪ s k ɛ t
bisged	b ɪ s k a t
bloesg	b l oː ɨ̯ s k
bloesgedd	b l ɔ ɨ̯ s k ɛ ð
bloesgi	b l ɔ ɨ̯ s k ɪ
bloesgni	b l ɔ ɨ̯ s k n ɪ
bobl	b ɔ b l̩ˠ
bochdew	b ɔ χ t ɛ u̯
bochgoch	b ɔ χ k ɔ χ
bonclust	b ɔ ŋ k l ɨ̞ s t
bonclustiad	b ɔ ŋ k l ɨ̞ s t j a d
bonclustio	b ɔ ŋ k l ɨ̞ s t j ɔ
bostio	b ɔ s t j ɔ
brasgamu	b r a s k a m ɨ̞
braster	b r a s t ɛ r
brasterog	b r a s t ɛ r ɔ ɡ
brawychdod	b r a u̯ ə χ t ɔ t
brechdan	b r ɛ χ t a n
brest	b r ɛ s t
brwmstan	b r ʊ m s t a n
brwsiaist	b r ʊ ʃ a i̯ s t
brwydr	b r ʊ ɨ̯ d r̩
brwysg	b r uː ɨ̯ s k
bustachu	b ɨ̞ s t a χ ɨ̞
bwyst	b ʊ ɨ̯ s t
bwytaist	b u ɨ̯ t a i̯ s t
bwytaist	b ə t ɛ s t
byrstio	b ə r s t j ɔ
bysbrint	b ə s p r ɪ n t
cachgi	kʰ a χ k ɪ
cachgwn	kʰ a χ k ʊ n
cadr	k a d r̩
Caerwysg	kʰ a ɨ̯ r uː ɨ̯ s k
Caerwysg	kʰ a ɨ̯ r w ɨ̯ː s k
cafn	kʰ a v n̩
caifn	kʰ a i̯ v n̩
callestr	k a ɬ ɛ s t r
callestr	k a ɬ ɛ s t
callestr	k a ɬ a s t
camddealltwriaeth	k a m ð ɛ a ɬ t ʊ r j a ɨ̯ θ
camddealltwriaeth	k a m ð ɛ a ɬ t ʊ r j ɛ θ
camddealltwriaeth	k a m ð ɛ a ɬ t ʊ r j a θ
camesgor	kʰ a m ɛ s k ɔ r
camesgoriad	kʰ a m ɛ s k ɔ r j a d
camhysbysu	k a m ɦ ə s p ə s ɨ̞
caraist	kʰ a r a i̯ s t
caraist	kʰ a r ɛ s t
carest	kʰ a r ɛ s t
casgen	kʰ a s k ɛ n
casgennu	kʰ a s k ɛ n ɨ̞
casgliad	kʰ a s k l j a d
casglu	kʰ a s k l ɨ
casglwr	kʰ a s k l ʊ r
cast	kʰ a s t
castan	k a s t a n
castanwydd	kʰ a s t a n w ɨ̞ ð
castanwydden	k a s t a n w ɨ̞ ð ɛ n
castanwydden	k a s t a n w ɨ̞ ð a n
castell	kʰ a s t ɛ ɬ
castell	kʰ a s t a ɬ
castelli	kʰ a s t ɛ ɬ ɪ
castiog	kʰ a s t j ɔ ɡ
cathl	kʰ a θ l̩
cêbl	k eː b l̩
cêbl	k eː b ɛ l
cefngoch	k ɛ v ŋ̩ ɡ ɔ χ
cefn	kʰ ɛ v n̩
cengl	k ɛ ŋ l̩
cengl	k ɛ ŋ ɛ l
ceifn	kʰ e i̯ v n̩
cenedl	kʰ ɛ n ɛ d l̩ˠ
ceraist	kʰ ɛ r a i̯ s t
cest	kʰ ɛ s t
cestyll	kʰ ɛ s t ɨ̞ ɬ
cist	kʰ iː s t
ciwcymbr	kʰ ɪ u̯ kʰ ə m b r̩
clafr	k l a v r̩
clasgu	kʰ l a s k ɨ̞
cledr	k lˠʰ ɛ d r̩
clochdy	k l ɔ χ t ɨ
clust	k l ɨː s t
clustdlws	k lʰ ɨ̞ s t l ʊ s
clusten	k l ɨ̞ s t ɛ n
clusten	k l ɨ̞ s t a n
clustiog	kʰ lˠ ɨ̞ s t j ɔ ɡ
clustlws	k lʰ ɨ̞ s t l ʊ s
clustog	kʰ l ɨ̞ s t ɔ ɡ
clwbfwsogl	k l ʊ b v ʊ s ɔ ɡ l̩
clwstwr	k l ʊ s t ʊ r
clwyfdy	kʰ l ʊ ɨ̯ f t ɨ̞
cochbryf	kʰ ɔ χ p r ɨ̞ v
cochgam	kʰ ɔ χ k a m
codaist	kʰ ɔ d a i̯ s t
codaist	kʰ ɔ d ɛ s t
coesgam	k ɔ ɨ̯ s k a m
coesgoch	k ɔ ɨ̯ s k ɔ χ
cofrestr	kʰ oː v r ɛ s t r̩
cofrestrfa	kʰ ɔ v r e s t r v a
cofrestrfeydd	kʰ ɔ v r e s t r v e ɨ̯ ð
cofrestriad	kʰ ɔ v r ɛ s t r j a d
cofrestriadau	kʰ ɔ v r ɛ s t r j a d a ɨ̯
cofrestriadau	kʰ ɔ v r ɛ s t r j a d ɛ
cofrestriadau	kʰ ɔ v r ɛ s t r j a d a
cofrestru	kʰ ɔ v r ɛ s t r ɨ̞
cofrestrydd	kʰ ɔ v r ɛ s t r ɨ̞ ð
cofrestryddion	kʰ ɔ v r ɛ s t r ə ð j ɔ n
coginiaist	kʰ ɔ ɡ ɪ n j a i̯ s t
congl	k ɔ ŋ ɡ l̩
colofn	k ɔ l ɔ v n̩
cist	kʰ iː s t
ciwcymbr	kʰ ɪ u̯ kʰ ə m b r̩
clafr	k l a v r̩
clasgu	kʰ l a s k ɨ̞
cledr	k lˠʰ ɛ d r̩
clochdy	k l ɔ χ t ɨ
clust	k l ɨː s t
clustdlws	k lʰ ɨ̞ s t l ʊ s
clusten	k l ɨ̞ s t ɛ n
clusten	k l ɨ̞ s t a n
clustiog	kʰ lˠ ɨ̞ s t j ɔ ɡ
clustlws	k lʰ ɨ̞ s t l ʊ s
clustog	kʰ l ɨ̞ s t ɔ ɡ
clwbfwsogl	k l ʊ b v ʊ s ɔ ɡ l̩
clwstwr	k l ʊ s t ʊ r
clwyfdy	kʰ l ʊ ɨ̯ f t ɨ̞
cochbryf	kʰ ɔ χ p r ɨ̞ v
cochgam	kʰ ɔ χ k a m
codaist	kʰ ɔ d a i̯ s t
codaist	kʰ ɔ d ɛ s t
coesgam	k ɔ ɨ̯ s k a m
coesgoch	k ɔ ɨ̯ s k ɔ χ
cofrestr	kʰ oː v r ɛ s t r̩
cofrestrfa	kʰ ɔ v r e s t r v a
cofrestrfeydd	kʰ ɔ v r e s t r v e ɨ̯ ð
cofrestriad	kʰ ɔ v r ɛ s t r j a d
cofrestriadau	kʰ ɔ v r ɛ s t r j a d a ɨ̯
cofrestriadau	kʰ ɔ v r ɛ s t r j a d ɛ
cofrestriadau	kʰ ɔ v r ɛ s t r j a d a
cofrestru	kʰ ɔ v r ɛ s t r ɨ̞
cofrestrydd	kʰ ɔ v r ɛ s t r ɨ̞ ð
cofrestryddion	kʰ ɔ v r ɛ s t r ə ð j ɔ n
coginiaist	kʰ ɔ ɡ ɪ n j a i̯ s t
congl	k ɔ ŋ ɡ l̩
colofn	k ɔ l ɔ v n̩
copr	kʰ ɔ pʰ r̩
cosb	kʰ oː s p
cosbau	kʰ ɔ s p a ɨ̯
cosbau	kʰ ɔ s p ɛ
cosbau	kʰ ɔ s p a
cost	kʰ oː s t
costio	kʰ ɔ s t j ɔ
costrel	kʰ ɔ s t r ɛ l
crasboeth	kʰ r a s p ɔ ɨ̯ θ
crasboethder	kʰ r a s p ɔ ɨ̯ θ t ɛ r
cregynwisg	kʰ r ɛ ɡ ə n w ɪ s k
Crist	kʰ r iː s t
Cristion	k r̥ʰ ɪ s t j ɔ n
Cristionogaeth	k r̥ʰ ɪ s t j ɔ n ɔ ɡ a ɨ̯ θ
Cristionogion	k r̥ʰ ɪ s t j ɔ n ɔ ɡ j ɔ n
Cristnogaeth	k r̥ʰ ɪ s t n ɔ ɡ a ɨ̯ θ
Cristnogaeth	k r̥ʰ ɪ s t n ɔ ɡ ɛ θ
Cristnogion	k r̥ʰ ɪ s t n ɔ ɡ j ɔ n
Cristnogol	k r̥ʰ ɪ s t n ɔ ɡ ɔ lˠ
crocbren	kʰ r ɔ k p r ɛ n
croesbren	kʰ r ɔ ɨ̯ s p r ɛ n
croesgad	k r ɔ ɨ̯ s k a d
croestoriad	k r ɔ ɨ̯ s t ɔ r ɪ
croestorri	k r ɔ ɨ̯ s t ɔ r ɪ
crwst	kʰ r ʊ s t
crwydr	kʰ r ʊ ɨ̯ d r̩
crychdon	k r ə χ t ɔ n
crychdonni	k r ə χ t ɔ n i
crynhoi	kʰ r ə n ɦ ɔ i̯
crynoddisg	kʰ r ə n o ð ɪ s k
cwbl	kʰ ʊ b l̩
cwblhau	kʰ ʊ b l̩ h a ɨ̯
cwest	k w̥ʰ eː s t
cwestau	k w̥ʰ ɛ s t a ɨ̯
cwestau	k w̥ʰ ɛ s t ɛ
cwestau	k w̥ʰ ɛ s t a
cwestiwn	k w̥ʰ ɛ s t j ʊ n
cwestiynau	k w̥ʰ ɛ s t j ə n a ɨ̯
cwestiynau	k w̥ʰ ɛ s t j ə n ɛ
cwestiynau	k w̥ʰ ɛ s t j ə n a
cwfl	kʰ ʊ v l̩
cwlltwr	kʰ ʊ ɬ t ʊ r
cwpl	kʰ ʊ pʰ l̩
cwsg	kʰ uː s k
cwstard	kʰ ʊ s t a r d
cwstardiau	kʰ ʊ s t a r d j a ɨ̯
cwstardiau	kʰ ʊ s t a r d j ɛ
cwstardiau	kʰ ʊ s t a r d j a
cwtigl	k ʊ t ɪ ɡ l̩ˠ
cydanrhydedd	kʰ i d a n ɦ r ə d ɛ ð
cydgrynhoi	kʰ ə t k r ə n ɦ ɔ i̯
cydseiniol	k ɨː t s e i̯ n j ɔ l
cydseiniol	k ɨ̞ t s e i̯ n j ɔ l
cyfeillgarwch	kʰ ə v e ɨ̯ ɬ k a r ʊ χ
cyfeillgarwch	kʰ ə v e ɨ̯ ɬ k aː r ʊ χ
cyfeillgarwch	kʰ ə v e ɨ̯ ɬ k a r ʊ χ
cyfrwngddarostyngedigaeth	kʰ ə v r ʊ ŋ ð a r ɔ s t ə ŋ ɛ d ɪ ɡ a ɨ̯ θ
cyfrwngddarostyngedigaeth	kʰ ə v r ʊ ŋ ð a r ɔ s t ə ŋ ɛ d ɪ ɡ ɛ θ
cyfrwyster	kʰ ə v r ʊ ɨ̯ s t ɛ r
cyfrwystra	kʰ ə v r ʊ ɨ̯ s t r a
cyffesfa	kʰ ə f ɛ s v a
cyffesgell	kʰ ə f ɛ s k ɛ ɬ
cynghlo	k ə ŋ̊ ɬ ɔ
cylchdro	kʰ ə l χ t r ɔ
cylchdro	kʰ ɨ̞ l χ t r ɔ
cylchgrawn	kʰ ə l χ k r a u̯ n
cylchgrawn	kʰ ɨ̞ l χ k r a u̯ n
cylchgrawn	kʰ ə l χ k r a u̯ n
cylchgrawn	kʰ ɪ l χ k r a u̯ n
cymdeithasgar	k ə m d e i̯ θ a s k a r
cymedr	kʰ ə m ɛ d r̩
cymhleth	k ə m ɦ l ɛ θ
cymhleth	k ə m l ɛ θ
cymhlethdod	kʰ ə m l̥ʰ ɛ θ t ɔ t
cymhlethdodau	kʰ ə m h l̥ˠʰ ɛ θ t ɔ d a ɨ̯
cymhlethdodau	kʰ ə m l̥ˠʰ ɛ θ t ɔ d ɛ
cymhlethdodau	kʰ ə m l̥ˠʰ ɛ θ t ɔ d a
cymhlethdodau	kʰ ə m l̥ˠ ɛ θ t ɔ d ɛ
cymhlethdodau	kʰ ə m l̥ˠ ɛ θ t ɔ d a
cymhwyster	kʰ ə m h ʊ ɨ̯ s t ɛ r
cymysg	kʰ ə m ɨ̞ s k
cymysgedd	kʰ ə m ə s k ɛ ð
cymysgedd	kʰ ə m ə s k a ð
cymysglyd	kʰ ə m ə s k lˠ ɨ̞ d
cynhyrfiad	k ə n ɦ ə r v j a t
cynhyrfu	k ə n ɦ ə r v ɨ̞
cysb	kʰ ɨ̞ s p
cysblys	kʰ ə s p l ɨ̞ s
cysegrfa	k ə s ɛ ɡ ɛ r v a
cysgadrwydd	k ə s k a d r ʊ ɨ̯ ð
cysgadur	k ə s k a d ɨ̞ r
cysgais	kʰ ə s k a i̯ s
cysgaist	kʰ ə s k a i̯ s t
cysgiff	k ə s k ɪ f
cysglyd	kʰ ə s k l ɨ̞ d
cysgoch	kʰ ə s k ɔ χ
cysgod	kʰ ə s k ɔ d
cysgodi	kʰ ə s k ɔ d ɪ
cysgodion	kʰ ə s k ɔ d j ɔ n
cysgodlen	kʰ ə s k ɔ d l ɛ n
cysgodlun	kʰ ə s k ɔ d l ɨ̞ n
cysgodluniau	kʰ ə s k ɔ d lˠ ɨ̞ n j a ɨ̯
cysgodluniau	kʰ ə s k ɔ d lˠ ɨ̞ n j ɛ
cysgodluniau	kʰ ə s k ɔ d lˠ ɨ̞ n j a
cysgodd	kʰ ə s k ɔ ð
cysgon	kʰ ə s k ɔ n
cysgu	kʰ ə s k ɨ̞
cysgwch	kʰ ə s ɡ ʊ χ
cystadlaethau	kʰ ə s t a d l e ɨ̯ θ a ɨ̯
cystadlaethau	kʰ ə s t a d l e ɨ̯ θ ɛ
cystadlaethau	kʰ ə s t a d l e ɨ̯ θ a
cystadleuaeth	kʰ ə s t a d lˠ e ɨ̯ a i̯ θ
cystadleuaeth	kʰ ə s t a d lˠ e ɨ̯ ɛ θ
cystadleuol	kʰ ə s t a d lˠ e ɨ̯ ɔ lˠ
cystadleuwr	kʰ ə s t a d lˠ e ɨ̯ ʊ r
cystadleuwyr	kʰ ə s t a d lˠ e ɨ̯ w ɨ̞ r
cystadleuydd	kʰ ə s t a d lˠ e ɨ̯ ɨ̞ ð
cystadlu	kʰ ə s t a d lˠ ɨ
cystal	kʰ ə s t a l
cystudd	k ə s t ɨ̞ ð
cystwyad	k ə s t u ɨ̯ a d
cyswllt	kʰ ə s ʊ ɬ t
cysylltair	kʰ ə s ə ɬ t a i̯ r
cysyllteiriau	kʰ ə s ə ɬ t e i̯ r j a ɨ̯
cysyllteiriau	kʰ ə s ə ɬ t e i̯ r j ɛ
cysyllteiriau	kʰ ə s ə ɬ t e i̯ r j a
cysylltiad	kʰ ə s ə ɬ t j a d
cysylltiadau	kʰ ə s ə ɬ t j a d a ɨ̯
cysylltiadau	kʰ ə s ə ɬ t j a d ɛ
cysylltiadau	kʰ ə s ə ɬ t j a d a
cysylltle	kʰ ə s ə ɬ t ɬ ɛ
cysylltnod	kʰ ə s ə ɬ t n ɔ d
cysylltnodau	kʰ ə s ə ɬ t n ɔ d a ɨ̯
cysylltnodau	kʰ ə s ə ɬ t n ɔ d ɛ
cysylltnodau	kʰ ə s ə ɬ t n ɔ d a
cysylltu	kʰ ə s ə ɬ t ɨ̞
cysylltydd	kʰ ə s ə ɬ t ɨ̞ ð
cysylltyddion	kʰ ə s ə ɬ t ə ð j ɔ n
cywasgu	k ə w a s k ɨ̞
chdi	χ t iː
chastell	χ a s t ɛ ɬ
chastell	χ a s t a ɬ
chestyll	χ ɛ s t ɨ̞ ɬ
chist	χ iː s t
chwedl	χ w ɛ d l̩ˠ
chwestiwn	χ w̥ʰ ɛ s t j ʊ n
chwibl	χ w ɪ b l̩
chwistl	χ w ɪ s t l̩
dadl	d a d l̩
dafn	d a v n̩
dallt	d aː ɬ t
danadl	d a n a d l̩
darllenaist	d a r ɬ ɛ n a i̯ s t
darllenaist	d a r ɬ ɛ n ɛ s t
darmstadtiwm	d a r m ʃ t a t jʰ ʊ m
darmstadtiwm	d a r m s t a t jʰ ʊ m
darostwng	d a r ɔ s t ʊ ŋ
datglymu	d a t k l ə m ɨ̞
deallaist	d ɛ a ɬ a i̯ s t
deallaist	d ɛ a ɬ ɛ s t
dealltwriaeth	d ɛ a ɬ t ʊ r j a ɨ̯ θ
dealltwriaeth	d ɛ a ɬ t ʊ r j ɛ θ
dealltwriaeth	d ɛ a ɬ t ʊ r j a θ
delysg	d ɛ lˠ ɨ̞ s k
dellt	d eː ɬ t
desg	d ɛ s k
desgiau	d ɛ s k j a ɨ̯
desgiau	d ɛ s k j ɛ
desgiau	d ɛ s k j a
dest	d ɛ s t
diamedr	d i a m ɛ d r̩
dieithr	d iː e i̯ θ r̩
diesgeulus	d i ɛ s k e ɨ̯ l ɨ̞ s
diffeithdir	d ɪ f e i̯ θ t ɪ r
dinistrio	d ɪ n ɪ s t r j o
dirwestol	d ɪ r w ɛ s t ɔ l
disbwyll	d ɪ s p ʊ ɨ̯ ɬ
disbyddu	d ɪ s p ə ð ɨ
disgloff	d ɪ s k l ɔ f
disgo	d ɪ s k ɔ
disgotec	d ɪ s k ɔ tʰ ɛ kʰ
disgrifiad	d ɪ s k r ɪ v j a d
disgwyl	d ɪ s k ʊ ɨ̯ lˠ
disgybl	d ɪ s k ɪ b l̩ˠ
disgybl	d ɪ s k ɨ̞ b l̩ˠ
disgyblaeth	d ɪ s k ə b lˠ a ɨ̯ θ
disgyblaeth	d ɪ s k ə b lˠ ɛ θ
disgyblaeth	d ɪ s k ə b lˠ a θ
disgyblaethol	d ɪ s k ə b lˠ e ɨ̯ θ ɔ lˠ
disgyblion	d ɪ s k ə b l j ɔ n
disgyn	d ɪ s k ɪ n
disgyn	d ɪ s k ɨ̞ n
disgynebau	d ɪ s k ə n ɛ b a ɨ̯
disgynebau	d ɪ s k ə n ɛ b ɛ
disgynebau	d ɪ s k ə n ɛ b a
disgyniad	d ɪ s k ə n j a d
disgynneb	d ɪ s k ə n ɛ b
disgynnydd	d ɪ s k ə n ɨ̞ ð
disgyrchedd	d ɪ s k ə r χ ɛ ð
disgyrchiant	d ɪ s k ə r χ j a n t
disgyrchu	d ɪ s k ə r χ ɨ̞
disgyrrwr	d ɪ s k ə r ʊ r
distadl	d ɪ s t a d l̩
distadl	d ɪ s t aː d a l
distadl	d ɪ s t a d a l
distawrwydd	d ɪ s t a u̯ r ʊ ɨ̯ ð
distrywio	d ɪ s t r ə u̯ j ɔ
distrywiol	d ɪ s t r ə u̯ j ɔ l
diwair	d ɪ u̯ a i̯ r
diweithdra	d ɪ w e i̯ θ t r a
diystyriol	d iː ə s t ə r j ɔ l
diystyrllyd	d iː ə s t ə r ɬ ɨ̞ d
diystyru	d iː ə s t ə r ɨ̞
dodrefn	d ɔ d r ɛ v n̩
dogn	d ɔ ɡ n̩
dosbarth	d ɔ s p a r θ
dosbarthau	d ɔ s p a r θ a ɨ̯
dosbarthau	d ɔ s b a r θ ɛ
dosbarthau	d ɔ s b a r θ a
dosbarthiad	d ɔ s p a r θ j a d
dosbarthiadau	d ɔ s p a r θ j a d a ɨ̯
dosbarthiadau	d ɔ s p a r θ j a d ɛ
dosbarthiadau	d ɔ s p a r θ j a d a
dosbarthol	d ɔ s p a r θ ɔ lˠ
dosbarthu	d ɔ s p a r θ ɨ
dosbarthwr	d ɔ s p a r θ ʊ r
dosbarthwyr	d ɔ s p a r θ w ɨ̞ r
drastig	d r a s t ɪ k
dreidl	d r e i̯ d l̩
drost	d r ɔ s t
drysgoed	d r ə s k ɔ ɨ̯ d
dwfn	d ʊ v n̩
dwst	d ʊ s t
dygn	d ɨ̞ ɡ n̩
dylosg	d ə l ɔ s k
dyrysgoed	d ə r ə s k ɔ ɨ̯ d
dysg	d ɨː s k
dysgl	d ɨ̞ s k ɨ̞ l
dysgl	d ɨ̞ s k l
dysglaid	d ɨ̞ s k lˠ a i̯ d
dysglaid	d ɨ̞ s k lˠ ɛ d
dysgleidiau	d ɨ̞ s k lˠ e i̯ d j a ɨ̯
dysgleidiau	d ɨ̞ s k lˠ e i̯ d j ɛ
dysgleidiau	d ɨ̞ s k lˠ e i̯ d j a
dysgu	d ə s k ɨ̞
dysgwch	d ə s k ʊ χ
dysgwr	d ə s k ʊ r
dysprosiwm	d ɨ̞ s p r ɔ s j ʊ m
ddysgu	ð ə s k ɨ̞
echdoe	ɛ χ t ɔ ɨ̯
echdoriad	ɛ χ t ɔ r j a d
echdorri	ɛ χ t ɔ r ɪ
echdynnyn	ɛ χ t ə n ɨ̞ n
edn	ɛ d n̩
egr	ɛ ɡ r̩
egyllt	ɛ ɡ ɨ̞ ɬ t
enghraifft	ɛ ŋ̊ r a i̯ f t
enghraifft	ɛ ŋ̊ r ɛ f t
einsteiniwm	e i̯ n s t e i̯ n j ʊ m
einsteiniwm	a i̯ n s t a i̯ n j ʊ m
eistedd	e i̯ s t ɛ ð
eistedd	ɪ s t ɛ
eistedd	ɪ s t a
eistedd	ɪ s t ɛ
eistedd	ɪ ʃ t ɛ
eisteddfod	e i̯ s t ɛ ð v ɔ d
eisteddfodau	e i̯ s t ɛ ð v ɔ d a ɨ̯
eisteddfodau	s t ɛ ð v ɔ d ɛ
eisteddfodau	s t ɛ ð v ɔ d a
eisteddfodwr	e i̯ s t ɛ ð v ɔ d ʊ r
eisteddfodwr	s t ɛ ð v ɔ d ʊ r
eisteddfodwyr	e i̯ s t ɛ ð v ɔ d ʊ ɨ̯ r
eisteddfota	e i̯ s t ɛ ð v ɔ t a
eisteddle	e i̯ s t ɛ ð l ɛ
eithr	e i̯ θ r̩
elltydd	ɛ ɬ t ɨ̞ ð
emrallt	ɛ m r a ɬ t
enillaist	ɛ n ɪ ɬ a i̯ s t
erchyllter	ɛ r χ ə ɬ t ɛ r
erchylltod	ɛ r χ ə ɬ t ɔ d
erchylltra	ɛ r χ ə ɬ t r a
erthygl	ɛ r θ ɨ̞ ɡ l̩ˠ
esblygiad	ɛ s p l ə ɡ j a d
esboniadwy	ɛ s p ɔ n j a d ʊ ɨ̯
esgaladur	ɛ s k a l a d ɨ̞ r
esgeulus	ɛ s k e ɨ̯ l ɨ̞ s
esgeuluso	ɛ s k e ɨ̯ l ɨ̞ s ɔ
esgid	ɛ s k ɪ d
esgidiau	ɛ s k ɪ d j a ɨ̯
esgidiau	s k ɪ d j ɛ
esgidiau	s k ɪ d j a
esgob	ɛ s k ɔ b
esgobion	ɛ s k ɔ b j ɔ n
esgor	ɛ s k ɔ r
esgori	ɛ s k ɔ r ɪ
esgoriad	ɛ s k ɔ r j a d
esgud	ɛ s k ɨ̞ d
esgus	ɛ s k ɨ̞ s
esgusodol	ɛ s k ɨ̞ s ɔ d ɔ l
esgyll	ɛ s k ɨ̯ ɬ
esgyn	ɛ s k ɨ̞ n
esgynlawr	ɛ s k ə n l a u̯ r
esgyrn	ɛ s k ɨ̞ r n
est	ɛ s t
ester	ɛ s t ɛ r
esteriad	ɛ s t ɛ r j a t
esteru	ɛ s t ɛ r ɨ
Estonaidd	ɛ s t ɔ n a ɨ̯ ð
Estoniaidd	ɛ s t ɔ n j a ɨ̯ ð
estron	ɛ s t r ɔ n
estrys	ɛ s t r ɨ̞ s
estyn	ɛ s t ɨ̞ n
estynwlad	ɛ s t ə n w l a d
ewinrhew	ɛ u̯ ɪ n r̥ ɛ u̯
ewinrhewi	ɛ u̯ ɪ n r̥ ɛ u̯ ɪ
ewythr	ɛ u̯ ɨ̞ θ r̩
Facebook	f eː s p ʊ kʰ
fast	v a s t
feidr	v e i̯ d r̩
Felffast	v ɛ l f a s t
fesigl	v ɛ s ɪ ɡ l̩
fesigl	v ɛ s ɪ ɡ ɪ l
finegr	v ɪ n ɛ ɡ r̩
finegr	v ɪ n ɛ ɡ ɛ r
frest	v r ɛ s t
ffacbys	f a kʰ p ɨ̞ s
ffagl	f a ɡ l̩ˠ
ffaldwellt	f a l d w ɛ ɬ t
fflasg	f l a s k
ffoniaist	f ɔ n j a i̯ s t
ffurfwisg	f ɨ̞ r v w ɪ s k
gaeafgwsg	ɡ e ɨ̯ a v ɡ ʊ s k
gaeafgysgu	ɡ e ɨ̯ a v ɡ ə s k ɨ
gafl	ɡ a v l̩
gafr	ɡ a v r
gafr	ɡ a v r̩
galanastra	ɡ a l a n a s t r a
gast	ɡ a s t
gastell	ɡ a s t ɛ ɬ
gastell	ɡ a s t a ɬ
geifr	ɡ e i̯ v r
geifr	ɡ e i̯ v r̩
gestyll	ɡ ɛ s t ɨ̞ ɬ
gist	ɡ iː s t
glasglwyf	ɡ l a s k l u ɨ̯ v
glasgoch	ɡ l a s k ɔ χ
glastwr	ɡ l a s t ʊ r
glastwraidd	ɡ l a s t ʊ r a i̯ ð
glastwrllyd	ɡ l a s t ʊ r ɬ ɨ̞ d
glaswellt	ɡ l a s w ɛ ɬ t
glaswst	ɡ l a s ʊ s t
gobr	ɡ ɔ b r̩
gogr	ɡ ɔ ɡ r̩
golosg	ɡ ɔ l ɔ s k
gonest	ɡ ɔ n ɛ s t
gonest	ɡ ɔ n a s t
gorasgellu	ɡ ɔ r a s k ɛ ɬ ɨ
gorchaifn	ɡ ɔ r χ a i̯ v n̩
gorfanadl	ɡ ɔ r v a n a d l̩
gorffwylltra	ɡ ɔ r f ʊ ɨ̯ ɬ t r a
gornest	ɡ ɔ r n ɛ s t
gornestau	ɡ ɔ r n ɛ s t a ɨ̯
gornestau	ɡ ɔ r n ɛ s t ɛ
gornestu	ɡ ɔ r n ɛ s t ɨ̯
gornestwr	ɡ ɔ r n ɛ s t ʊ r
gornestwyr	ɡ ɔ r n ɛ s t w ɨ̞ r
gosber	ɡ ɔ s p ɛ r
gosgeiddig	ɡ ɔ s k e i̯ ð ɪ ɡ
gosteg	ɡ ɔ s t ɛ ɡ
gostwng	ɡ ɔ s t ʊ ŋ
gostyngaidd	ɡ ɔ s t ə ŋ a i̯ ð
gwadn	ɡ w a d n̩
gwallt	ɡ w aː ɬ t
gwasg	ɡ w a s k
gwasgariad	ɡ w a s k a r j a d
gwasgaru	ɡ w a s k a r ɨ
gwasgfa	ɡ w a s k v a
gwasgu	ɡ w a s k ɨ̞
gwastad	ɡ w a s t a d
gwastatir	ɡ w a s t a tʰ ɪ r
gwastraff	ɡ w a s t r a f
gwastraffu	ɡ w a s t r a f ɨ̞
gwefr	ɡ w ɛ v r̩
gweithdy	ɡ w e i̯ θ t ɨ̞
gwellt	ɡ w eː ɬ t
gwellta	ɡ w ɛ ɬ tʰ a
gwerslyfr	ɡ w e r s l ɨ̞ v r
Gwersyllt	ɡ w ɛ r s ɨ̞ ɬ t
Reconstruction:Welsh/gwes	ɡ w ɛ s
gwesgyr	ɡ w ɛ s k ɨ̞ r
gwestai	ɡ w ɛ s t a i̯
gwesteion	ɡ w ɛ s t e i̯ ɔ n
gwestiwn	ɡ w̥ʰ ɛ s t j ʊ n
gwesty	ɡ w ɛ s t ɨ̞
gwifr	ɡ w ɪ v r
gwifr	ɡ w ɪ v r̩
gwisg	ɡ w iː s k
gwisgo	ɡ w ɪ s k ɔ
gwlatgar	ɡ w l a t k a r
gwnest	ɡ w n ɛ s t
gwobr	ɡ w ɔ b r̩
gwrthban	ɡ ʊ r θ p a n
gwrthdaro	ɡ ʊ r θ t a r ɔ
gwrthdaro	ɡ ʊ r θ t aː r ɔ
gwrthdaro	ɡ ʊ r θ t a r ɔ
gwrthdystio	ɡ ʊ r θ t ə s d j ɔ
gwrthgyferbyniad	ɡ ʊ r θ k ə v ɛ r b ə n j a d
gwrthgyferbyniol	ɡ ʊ r θ k ə v ɛ r b ə n j ɔ l
gwrthgyferbynnu	ɡ ʊ r θ k ə v ɛ r b ə n ɨ̞
gwrthgymdeithasol	ɡ ʊ r θ k ə m d e i̯ θ a s ɔ l
gwrysg	ɡ w r ɨː s k
gwsberen	ɡ ʊ s p ɛ r ɛ n
gwsberen	ɡ ʊ s p ɛ r a n
gwsberis	ɡ ʊ s p ɛ r ɪ s
gwst	ɡ ʊ s t
gwychder	ɡ w ɨ̞ χ t ɛ r
gwyllt	ɡ w ɨː ɬ t
gwystl	ɡ w ɨ̞ s t l̩ˠ
gymnasteg	ɡ ɨ̞ m n a s t ɛ ɡ
gymnasteg	d͡ʒ ɨ̞ m n a s t ɛ ɡ
gymnastwr	ɡ ɨ̞ m n a s t ʊ r
gymnastwr	d͡ʒ ɨ̞ m n a s t ʊ r
ngwystl	ŋ w ɨ̞ s t l̩ˠ
nghastell	ŋ̊ʰ a s t ɛ ɬ
nghastell	ŋ̊ʰ a s t a ɬ
nghestyll	ŋ̊ʰ ɛ s t ɨ̞ ɬ
nghwestiwn	ŋ̊ w̥ʰ ɛ s t j ʊ n
hafgwsg	h a v ɡ ʊ s k
hafgysgu	h a v ɡ ə s k ɨ̞
hagr	h a ɡ r̩
hallt	h aː ɬ t
harddwisg	h a r ð w ɪ s k
Hawstralia	h a u̯ s t r a l j a
henghraifft	h ɛ ŋ̊ r a i̯ f t
henghraifft	h ɛ ŋ̊ r ɛ f t
heisteddfod	h e i̯ s t ɛ ð v ɔ d
heisteddfodau	h e i̯ s t ɛ ð v ɔ d a ɨ̯
heisteddfodau	h e i̯ s t ɛ ð v ɔ d ɛ
heisteddfodau	h e i̯ s t ɛ ð v ɔ d a
helpaist	h ɛ l p a i̯ s t
hepgor	h ɛ p k ɔ r
hesg	h eː s k
hesgen	h ɛ s k ɛ n
hirddisgwyliedig	h iː r ð ɪ s k ʊ ɨ̯ lˠ j ɛ d ɪ ɡ
hirsgwar	h ɪ r s k w a r
hoffest	h ɔ f ɛ s t
hogldy	h ɔ ɡ l̩ d ɨ̞
hongl	h ɔ ŋ l̩
Holocost	h ɔ l ɔ kʰ ɔ s t
hollted	h ɔ ɬ t ɛ d
hollti	h ɔ ɬ t ɪ
holltiad	h ɔ ɬ t j a d
holltog	h ɔ ɬ t ɔ ɡ
hosbis	h ɔ s p ɪ s
hosbisau	h ɔ s p ɪ s a ɨ̯
hosbisau	h ɔ s p ɪ s ɛ
hosbisau	h ɔ s p ɪ s a
huawdl	h ɨː a u̯ d l̩
huddygl	h ɨ̞ ð ɨ̞ ɡ l̩
hwylustod	h ʊ ɨ̯ l ɨ̞ s t ɔ d
hylosg	h ə l ɔ s k
hyllt	h ɨː ɬ t
hysb	h ɨ̞ s p
hysbys	h ə s p ɨ̞ s
hysbyseb	h ə s p ə s ɛ b
hysbysebion	h ə s p ə s ɛ b j ɔ n
hysbysebu	h ə s p ə s ɛ b ɨ̞
hysbysfwrdd	h ə s p ə s v ʊ r ð
hysbysiad	h ə s p ə ʃ a d
hysbysu	h ə s p ə s ɨ̞
hysgadan	h ə s k a d a n
hysgi	h ə s k i
hystafell	h ə s t a v ɛ ɬ
isdyfiant	ɪ s t ə v j a n tʰ
isosgeles	i s ɔ s k ɛ l ɛ s
isteitl	iː s t e i̯ tʰ l̩
isteitlau	iː s t e i̯ t l̥ˠʰ a ɨ̯
isteitlau	iː s t e i̯ t l̥ˠʰ ɛ
isteitlau	iː s t e i̯ t l̥ˠʰ a
isteitlo	iː s t e i̯ t l̥ʰ ɔ
istyfiant	ɪ s t ə v j a n tʰ
jyngl	d͡ʒ ə ŋ ɡ l̩
jyngls	d͡ʒ ə ŋ ɡ l̩ˠ s
jyst	d͡ʒ ə s t
ladl	lˠ a d l̩ˠ
Lanfairpwllgwyngyllgogerychwyrndrobwllllantysiliogogogoch	l a n v a i̯ r p ʊ ɬ ɡ w ɨ̞ n ɡ ɨ̞ ɬ ɡ ɔ ɡ ɛ r ə χ w ɨ̞ r n d r ɔ b ʊ ɬ ɬ a n t ə s ɪ l j ɔ ɡ ɔ ɡ ɔ ɡ oː χ
leidr	l e i̯ d r̩
lestair	l ɛ s t a i̯ r
lestr	l ɛ s t r̩
lifft	l ɪ f t
lifftiau	l ɪ f t j a ɨ̯
lifftiau	l ɪ f t j ɛ
lifftiau	l ɪ f t j a
lipstic	l ɪ p s t ɪ k
Loegr	lˠ ɔ ɨ̯ ɡ r̩
lyfr	lˠ ɨ̞ v r
llaethdai	ɬ e ɨ̯ θ t a i̯
llaethdy	ɬ e i̯ θ t ɨ̞
Llanfairpwllgwyngyllgogerychwyrndrobwllllantysiliogogogoch	ɬ a n v a i̯ r p ʊ ɬ ɡ w ɨ̞ n ɡ ɨ̞ ɬ ɡ ɔ ɡ ɛ r ə χ w ɨ̞ r n d r ɔ b ʊ ɬ ɬ a n t ə s ɪ l j ɔ ɡ ɔ ɡ ɔ ɡ oː χ
llathr	ɬ a θ r̩
llawysgrif	ɬ a u̯ ə s k r ɪ v
lledr	ɬ ɛ d r̩
lleidr	ɬ e i̯ d r̩
llesg	ɬ eː s k
llesgáu	ɬ ɛ s k a ɨ̯
llestair	ɬ ɛ s t a i̯ r
llesteiriad	ɬ ɛ s t e i̯ r j a d
llesteiriannau	ɬ ɛ s t e i̯ r j a n a ɨ̯
llesteiriannau	ɬ ɛ s t e i̯ r j a n ɛ
llesteiriannau	ɬ ɛ s t e i̯ r j a n a
llesteiriant	ɬ ɛ s t e i̯ r j a n t
llesteiriau	ɬ ɛ s t e i̯ r j a ɨ̯
llesteiriau	ɬ ɛ s t e i̯ r j ɛ
llesteiriau	ɬ ɛ s t e i̯ r j a
llesteirio	ɬ ɛ s t e i̯ r j ɔ
llestr	ɬ ɛ s t r̩
lletchwithdod	ɬ ɛ t χ w ɪ θ t ɔ t
Lloegr	ɬ ɔ ɨ̯ ɡ r̩
llofft	ɬ ɔ f t
llofftydd	ɬ ɔ f t ɨ̞ ð
llosg	ɬ ɔ s k
llosgfynydd	ɬ ɔ s k v ə n ɨ̞ ð
llosgi	ɬ ɔ s k i
llosgol	ɬ ɔ s k ɔ l
llosgwr	ɬ ɔ s k ʊ r
llosgydd	ɬ ɔ s k ɨ̞ ð
llost	ɬ ɔ s t
llostchwydd	ɬ ɔ s t χ w ɨ̞ ð
llostgyfod	ɬ ɔ s t k ə v ɔ d
llostrudd	ɬ ɔ s t r ɨ̞ ð
lluest	ɬ ɨ ɛ s t
lluesty	ɬ ɨ ɛ s t ɨ̞
lluesty	ɬ j ɛ s t ɨ̞
llusg	ɬ ɨː s k
llusgo	ɬ ɨ̞ s k ɔ
llusgwr	ɬ ɨ̞ s k ʊ r
llwfrgi	ɬ ʊ v r̩ ɡ ɪ
llwgrwobr	ɬ ʊ ɡ r w ɔ b r̩
llwgrwobr	ɬ ʊ ɡ w r ɔ b r̩
llwgrwobr	ɬ ʊ ɡ r w ɔ b ɔ r
llwybr	ɬ ʊ ɨ̯ b r̩
llyfr	ɬ ɨ̞ v r
llysg	ɬ ɨː s k
llystad	ɬ ɨ̞ s t a d
Madagasgar	m a d a ɡ a s k a r
maestref	m e ɨ s t r ɛ v
mallter	m a ɬ t ɛ r
malltod	m a ɬ t ɔ t
mapgoll	m a p k ɔ ɬ
marchgacwn	m a r χ k a kʰ ʊ n
marchgacynen	m a r χ k a k ə n ɛ n
marchgacynen	m a r χ k a k ə n a n
marchysgall	m a r χ ə s k a ɬ
marddanadl	m a r ð a n a d l̩
marwddanadl	m a r w ð a n a d l̩
masg	m a s k
masgara	m a s k a r a
masgara	m a s k aː r a
masgara	m a s k a r a
masgau	m a s k a ɨ̯
masgau	m a s k ɛ
masgau	m a s k a
masgiau	m a s k j a ɨ̯
masgiau	m a s k j ɛ
masgiau	m a s k j a
masgio	m a s k j ɔ
masgl	m a s k l̩ˠ
masnachdy	m a s n a χ t ɨ
mast	m a s t
mastiff	m a s t ɪ f
mastwrbio	m a s t ʊ r b j ɔ
mastyrbio	m a s t ə r b j ɔ
meitrog	m e i̯ tʰ r ɔ k
Melffast	m ɛ l f a s t
melyster	m ɛ l ə s t ɛ r
mellt	m eː ɬ t
mellten	m ɛ ɬ t ɛ n
mellten	m ɛ ɬ t a n
melltith	m ɛ ɬ t ɪ θ
melltithio	m ɛ ɬ t ɪ θ j ɔ
melltithion	m ɛ ɬ t ɪ θ j ɔ n
merysbren	m ɛ r ə s p r ɛ n
metr	m ɛ t r̩
mhasbort	m̥ʰ a s p ɔ r tʰ
mhast	m ɦ a s t
mhasta	m̥ʰ a s t a
mhastai	m̥ʰ a s t a i̯
mhobl	m̥ʰ ɔ b l̩ˠ
microsgop	m ɪ k r̥ʰ ɔ s k ɔ pʰ
microsgopau	m ɪ k r̥ʰ ɔ s k ɔ pʰ a ɨ̯
microsgopau	m e i̯ k r̥ʰ ɔ s k ɔ pʰ ɛ
microsgopau	m e i̯ k r̥ʰ ɔ s k ɔ pʰ a
moelystota	m ɔ ɨ̯ l ɨ̯ s t ɔ t a
mollt	m oː ɬ t
moresg	m ɔ r ɛ s k
Moscfa	m ɔ s k v a
moscofium	m ɔ s k ɔ v j ʊ m
mosg	m ɔ s k
mosgiau	m ɔ s k j a ɨ̯
mosgiau	m ɔ s k j ɛ
mosgiau	m ɔ s k j a
Mosgo	m ɔ s k ɔ
Mosgofaidd	m ɔ s k ɔ v a i̯ ð
Mosgofiad	m ɔ s k ɔ v j a d
mrest	m r ɛ s t
musgrell	m ɨ̞ s k r ɛ ɬ
mwnwgl	m ʊ n ʊ ɡ l̩
mwsg	m uː s k
mwst	m ʊ s t
mwstasiog	m ʊ s t a ʃ ɔ ɡ
mwstro	m ʊ s t r ɔ
mynachdai	m ə n a χ t a i̯
mynachdy	m ə n a χ t ɨ̞
mynededig	m ə n ɛ d ɛ d ɪ ɡ
mysg	m ɨː s k
mysgu	m ə s k ɨ̞
nabl	n a b l̩
nacr	n a k a r
neidr	n e i̯ d r̩
neilltuad	n e i̯ ɬ t ɨː a d
neithdar	n e i̯ θ t a r
nest	n ɛ s t
nhad	n ɦ aː d
nheigr	n̥ e i̯ ɡ r̩
ocr	ɔ k r̩
ochr	ɔ χ r̩
ochrgamu	ɔ χ r̩ ɡ a m ɨ̞
odl	ɔ d l̩
ongl	ɔ ŋ l̩
ongl	ɔ ŋ ɔ l
ombwdsmon	ɔ m b ʊ t s m ɔ n
osgamu	ɔ s k a m ɨ̞
osgfwrdd	ɔ s k v ʊ r ð
osgiladu	ɔ s k ɪ l a d ɨ̞
osgiliad	ɔ s k ɪ l j a t
osgiliadu	ɔ s k ɪ l j a d ɨ̞
osgiliadur	ɔ s k ɪ l j a d ʊ r
osgl	ɔ s k ɫ̩
osgled	ɔ s k l ɛ t
osgoi	ɔ s k ɔ i̯
osgöwr	ɔ s k oː ʊ r
palimpsest	pʰ a l ɪ m pʰ s ɛ s t
pasbort	pʰ a s p ɔ r tʰ
Pasg	pʰ aː s k
past	pʰ a s t
pâst	pʰ aː s t
pasta	pʰ a s t a
pastai	pʰ a s t a i̯
pasteiod	pʰ a s t e i̯ ɔ d
Pedr	pʰ ɛ d r̩
pedrongl	pʰ ɛ d r ɔ ŋ l̩
pedrsill	pʰ ɛ d r̩ s ɪ ɬ
pellter	pʰ ɛ ɬ t ɛ r
pendrist	pʰ ɛ n d r ɪ s t
penffestr	p ɛ n f ɛ s t r̩
penffestr	p ɛ n f ɛ s t
penffestr	p ɛ n f a s t
penffestr	p ɛ n f ɛ s t
penysgafn	p ɛ n ə s k a v n
penysgawn	p ɛ n ə s k a u̯ n
perarogl	p ɛ r a r ɔ ɡ l̩
pesto	pʰ ɛ s t ɔ
picl	pʰ ɪ kʰ l̩
picls	pʰ ɪ kʰ l̩ s
pigdwll	pʰ ɪ k t ʊ ɬ
pistol	pʰ ɪ s t ɔ l
piston	p ɪ s t ɔ n
plastig	pʰ l a s t ɪ k
plisg	pʰ l ɪ s k
plisgyn	pʰ l ɪ s k ɨ̞ n
pobl	pʰ ɔ b l̩ˠ
posibl	pʰ ɔ s ɪ b l̩
post	pʰ oː s t
poster	pʰ ɔ s t ɛ r
poster	pʰ ɔ s t a r
posteri	pʰ ɔ s t ɛ r i
postio	pʰ ɔ s t j ɔ
postmon	pʰ ɔ s t m o n
postmyn	pʰ ɔ s t m ɨ̞ n
presgripsiwn	p r ɛ s k r ɪ p ʃ ʊ n
prifgost	p r̥ʰ ɪ v ɡ ɔ s t
prifodl	p r ɪ v ɔ d l̩
protest	p r̥ʰ ɔ tʰ ɛ s t
Protestaneiddio	p r̥ʰ ɔ tʰ ɛ s t a n e i̯ ð j ɔ
Protestaniaeth	p r̥ʰ ɔ tʰ ɛ s t a n j a ɨ̯ θ
Protestaniaeth	p r̥ʰ ɔ tʰ ɛ s t a n j ɛ θ
Protestaniaid	p r̥ʰ ɔ tʰ ɛ s t a n j a i̯ d
Protestaniaid	p r̥ʰ ɔ tʰ ɛ s t a n j ɛ d
Protestannaidd	p r̥ʰ ɔ tʰ ɛ s t a n a i̯ ð
Protestannaidd	p r̥ʰ ɔ tʰ ɛ s t a n ɛ ð
Protestant	p r̥ʰ ɔ tʰ ɛ s t a n tʰ
protestiadau	p r̥ʰ ɔ tʰ ɛ s t j a d a ɨ̯
protestiadau	p r̥ʰ ɔ tʰ ɛ s t j a d ɛ
protestiadau	p r̥ʰ ɔ tʰ ɛ s t j a d a
protestio	p r̥ʰ ɔ tʰ ɛ s t j ɔ
prynaist	p rʰ ə n a i̯ s t
prysg	pʰ r ɨː s k
prysglwyn	pʰ r ə s k l ʊ ɨ̯ n
prysglwyni	pʰ r ə s k l ʊ ɨ̯ n ɪ
prysgwydd	pʰ r ɨ̞ s k w ɨ̞ ð
pumongl	pʰ ɨ̞ m ɔ ŋ l̩
pwyllgor	pʰ ʊ ɨ̯ ɬ k ɔ r
pwyllgora	pʰ ʊ ɨ̯ ɬ k ɔ r a
pwyllgorau	pʰ ʊ ɨ̯ ɬ k ɔ r a ɨ̯
pwyllgorau	pʰ ʊ ɨ̯ ɬ k ɔ r ɛ
pwyllgorau	pʰ ʊ ɨ̯ ɬ k ɔ r a
pysgadain	pʰ ə s k a d a i̯ n
pysgod	pʰ ə s k ɔ d
pysgodfa	pʰ ə s k ɔ d v a
pysgodle	pʰ ə s k ɔ d l ɛ
pysgodyn	pʰ ə s k ɔ d ɨ̞ n
pysgota	pʰ ə s k ɔ tʰ a
pysgotwr	pʰ ə s k ɔ tʰ ʊ r
phasbort	f a s p ɔ r tʰ
phast	f a s t
phasta	f a s t a
phastai	f a s t a i̯
Phedr	f ɛ d r̩
phobl	f ɔ b l̩ˠ
rafft	r a f t
restr	r ɛ s t r̩
rhaeadr	r̥ʰ e ɨ̯ a d r̩
rhafn	r̥ a v n̩
rhedaist	r̥ ɛ d a i̯ s t
rhedaist	r̥ ɛ d ɛ s t
rhestr	r̥ʰ ɛ s t r̩
rhestrau	r̥ʰ ɛ s t r a ɨ̯
rhestrau	r̥ʰ ɛ s t r ɛ
rhestrau	r̥ʰ ɛ s t r a
rhestri	r̥ʰ ɛ s t r i
rhosb	r̥ ɔ s p
rhostio	r̥ ɔ s t j ɔ
rhuddygl	r̥ ɨ̞ ð ɨ̞ ɡ l̩
rhuthr	r̥ ɨ̞ θ r̩
rhwysg	r̥ uː ɨ̯ s k
rhwystr	r̥ʰ ʊ ɨ̯ s t r̩
rhwystrau	r̥ʰ ʊ ɨ̯ s t r a ɨ̯
rhwystrau	r̥ʰ ʊ ɨ̯ s t r ɛ
rhwystrau	r̥ʰ ʊ ɨ̯ s t r a
rhwystredig	r̥ʰ ʊ ɨ̯ s t r ɛ d ɪ ɡ
rhwystredigaeth	r̥ʰ ʊ ɨ̯ s t r ɛ d ɨ̞ ɡ a ɨ̯ θ
rhwystredigaeth	r̥ʰ ʊ ɨ̯ s t r ɛ d ɨ̞ ɡ ɛ θ
rhwystredigaeth	r̥ʰ ʊ ɨ̯ s t r ɛ d ɨ̞ ɡ a θ
rhwystredigaethau	r̥ʰ ʊ ɨ̯ s t r ɛ d ɨ̞ ɡ e ɨ̯ θ a ɨ̯
rhwystredigaethau	r̥ʰ ʊ ɨ̯ s t r ɛ d ɨ̞ ɡ e ɨ̯ θ ɛ
rhwystredigaethau	r̥ʰ ʊ ɨ̯ s t r ɛ d ɨ̞ ɡ e ɨ̯ θ a
rhwystro	r̥ʰ ʊ ɨ̯ s t r ɔ
safngrwn	s a v ŋ̩ ɡ r ʊ n
salamandr	s a l a m a n d r̩
sawdl	s a u̯ d l̩
sba	s p aː
Sbaen	s p aː ɨ̯ n
Sbaenes	s p e ɨ̯ n ɛ s
Sbaenes	s p e ɨ̯ n a s
Sbaenwr	s p e ɨ̯ n ʊ r
Sbaenwyr	s p e ɨ̯ n w ɨ̞ r
sbageti	s p a ɡ ɛ t i
sbaner	s p a n ɛ r
sbaner	s p a n a r
sbâr	s p aː r
sbardun	s p a r d ɨ̞ n
sbarian	s p a r j a n
sbario	s p a r j ɔ
sbatwla	s p a t ʊ l a
sbec	s p ɛ k
sbêc	s p eː k
sbecian	s p ɛ k j a n
sbectol	s p ɛ k t ɔ l
sbectolog	s p ɛ k tʰ ɔ lˠ ɔ ɡ
sbeis	s p e i̯ s
sbeisiog	s p e i̯ ʃ ɔ ɡ
sbeislyd	s p e ɨ̯ s l ɨ̞ d
sbel	s p ɛ l
sbelio	s p ɛ l j ɔ
sbelt	s p ɛ l t
sbigog	s p ɪ ɡ ɔ ɡ
sbio	s p iː ɔ
sbleisio	s p lˠ e i̯ ʃ ɔ
sbôc	s p oː kʰ
sbon	s p ɔ n
sbonc	s p ɔ ŋ k
sboncen	s p ɔ ŋ k ɛ n
sboncio	s p ɔ ŋ k j ɔ
sbonciwr	s p ɔ ŋ k jʰ u r
sbort	s p ɔ r tʰ
sbot	s p ɔ t
sbring	s p r ɪ ŋ
sbriws	s p r ɪ u̯ s
sbŵl	s p uː l
sbwliau	s p ʊ l j a ɨ̯
sbwliau	s p ʊ l j a
sbwlio	s p ʊ l j ɔ
sbwriel	s p ʊ r j ɛ lˠ
sbwriel	s p ʊ r j a lˠ
scandiwm	s k a n d j ʊ m
Scymraeg	s k ə m r aː i̯ ɡ
schism	s k ɪ s m
sdim	s t ɪ m
seiclaist	s e i̯ k l a i̯ s t
seithongl	s e i̯ θ ɔ ŋ l̩
serthder	s ɛ r θ t ɛ r
sgaffald	s k a f a l t
sgan	s k a n
Sgandinafaidd	s k a n d ɪ n a v a i̯ ð
Sgandinafia	s k a n d ɪ n a v j a
sgarff	s k a r f
sgeifio	s k e i̯ v j ɔ
sgen	s k ɛ n
sgerbwd	s k ɛ r b ʊ t
sgeri	s k ɛ r ɪ
sgert	s k ɛ r t
sgi	s k iː
sgil	s k iː l
sgil	s k ɪ l
sgìl	s k ɪ l
sgïo	s k i ɔ
sgipio	s k ɪ p jʰ ɔ
sgism	s k ɪ s m
sgiwen	s k i u̯ ɛ n
sglodion	s k l ɔ d j ɔ n
sglods	s k l ɔ t s
sglods	s k l ɔ d z
sglodyn	s k l ɔ d ɨ̞ n
sgôr	s k oː r
sgorio	s k ɔ r j ɔ
sgorpion	s k ɔ r pʰ j ɔ n
sgramblo	s k r a m b l ɔ
sgrap	s k r a p
sgrech	s k r eː χ
sgrechian	s k r ɛ χ j a n
sgri	s k r iː
sgriau	s k r iː a ɨ̯
sgriau	s k r iː ɛ
sgriau	s k r iː a
sgrin	s k r iː n
sgriniau	s k r ɪ n j a ɨ̯
sgriniau	s k r ɪ n j ɛ
sgriniau	s k r ɪ n j a
sgrinio	s k r i n j ɔ
sgrotwm	s k r ɔ t ʊ m
sgrwff	s k r ʊ f
sgwad	s k w a t
sgwâr	s k w aː r
sgwariau	s k w a r j a ɨ̯
sgwariau	s k w a r j ɛ
sgwariau	s k w a r j a
sgwarnog	s k w a r n ɔ ɡ
sgwd	s k uː d
sgwlio	s k ʊ l j ɔ
sgwrs	s k ʊ r s
sgwrsio	s k ʊ r ʃ o
sgydau	s k ə d a ɨ̯
sgydau	s k ə d ɛ
sgydau	s k ə d a
sgynni	s k ə n ɪ
sgynno	s k ə n ɔ
sgynnoch	s k ə n ɔ χ
sgynnon	s k ə n ɔ n
sgynnyn	s k ə n ɨ̞ n
sgyrsiol	s k ə r ʃ o l
Sgythia	s k ə θ j a
sïedn	s iː ɛ d n̩
sïedn	s iː ɛ d ɛ n
silindr	s ɪ l ɪ n d r̩
sisgyn	s ɪ s k ɨ̞ n
siwgr	ʃ ʊ ɡ r̩
sobr	s ɔ b r̩
Sosban	s ɔ s p a n
sosban	s ɔ s p a n
spleinsio	s p lˠ e i̯ n ʃ ɔ
stadiwm	s t a d j ʊ m
staen	s t aː ɨ̯ n
stafell	s t a v ɛ ɬ
stafell	s t a v a ɬ
staff	s t a f
stamp	s t a m pʰ
steiloffôn	s t e i̯ l ɔ f oː n
stêm	s t eː m
stemar	s t ɛ m a r
stemars	s t ɛ m a r s
stemio	s t ɛ m j ɔ
stethosgop	s t ɛ θ ɔ s k ɔ pʰ
'sti	s t iː
'sti	s t ɪ
stilo	s t ɪ l ɔ
stimwlws	s t ɪ m ʊ l ʊ s
stiwdio	s t ɪ u̯ d j ɔ
stopi	s t ɔ p i
stopiem	s t ɔ p j ɛ m
stopio	s t ɔ p j ɔ
stori	s t ɔ r ɪ
storïau	s t ɔ r iː a ɨ̯
storïau	s t ɔ r iː ɛ
storïau	s t ɔ r iː a
storm	s t ɔ r m
stormen	s t ɔ r m ɛ n
strach	s t r aː χ
straeon	s t r e ɨ̯ ɔ n
stranc	s t r a ŋ k
streic	s t r e i̯ kʰ
streiciau	s t r e i̯ k j̊ʰ a ɨ̯
streiciau	s t r e i̯ k j̊ʰ ɛ
streiciau	s t r e i̯ k j̊ʰ a
streicio	s t r e i̯ k j̊ʰ ɔ
streifio	s t r e i̯ v j ɔ
streip	s t r e i̯ pʰ
streulio	s t r e ɨ̯ l j ɔ
strontiwm	s t r ɔ n t jʰ ʊ m
strwythur	s t r ʊ ɨ̯ θ ɨ̞ r
strwythuraeth	s t r ʊ ɨ̯ θ ɨ̞ r a ɨ̯ θ
strwythuro	s t r ʊ ɨ̯ θ ɨ̞ r ɔ
stryd	s t r ɨː d
stwbwrn	s t ʊ b ʊ r n
stwnsh	s t ʊ n ʃ
stwnsio	s t ʊ n ʃ ɔ
stŵr	s t uː r
stwrio	s t ʊ r j ɔ
stwrsiwn	s t ʊ r ʃ ʊ n
stwrsiynod	s t ʊ r ʃ ə n ɔ d
styfnig	s t ə v n ɪ ɡ
sustem	s ɨ̞ s t ɛ m
Swistir	s w ɪ s t ɪ r
Swistir	ə s w ɪ s t ɪ r
swllt	s uː ɬ t
swyddwisg	s ʊ ɨ̯ ð w ɪ s k
swyddwisg	s ʊ i̯ ð w ɪ s k
sychdarthiad	s ə χ t a r θ j a d
sychdarthu	s ə χ t a r θ ɨ̞
sychder	s ə χ t ɛ r
sychdwr	s ə χ t ʊ r
syfl	s ɨ̞ v l̩ˠ
syllta	s ə ɬ t a
sylltach	s ə ɬ t a χ
syml	s ɨ̞ m l̩
symudaist	s ə m ɨ̞ d a i̯ s t
symudaist	s ə m ɨ̞ d ɛ s t
system	s ɨ̞ s t ɛ m
tacl	t a k l̩
tafl	t a v l̩
talaist	t a l a i̯ s t
talaist	t a l ɛ s t
tanagr	tʰ a n a ɡ r̩
tancwd	tʰ a ŋ kʰ ʊ d
taradr	tʰ a r a d r̩
tasg	tʰ a s k
teifl	tʰ e i̯ v l̩
teigr	tʰ e i̯ ɡ r̩
teitl	tʰ e i̯ tʰ l̩
teml	tʰ ɛ m l̩
terfysg	tʰ ɛ r v ɨ̞ s k
terfysgaeth	tʰ ɛ r v ə s k a ɨ̯ θ
terfysgaeth	tʰ ɛ r v ə s k ɛ θ
terfysgaidd	tʰ ɛ r v ə s k a i̯ ð
terfysglyd	tʰ ɛ r v ə s k l ɨ̞ d
terfysgoedd	tʰ ɛ r v ə s k ɔ ɨ̯ ð
terfysgu	tʰ ɛ r v ə s k ɨ
terfysgwr	tʰ ɛ r v ə s k ʊ r
terfysgwyr	tʰ ɛ r v ə s k w ɨ̞ r
terydr	tʰ ɛ r ɨ̞ d r̩
testun	t ɛ s t ɨ̞ n
tolltio	tʰ ɔ ɬ t j ɔ
tollty	t ɔ ɬ t ɨ̞
tollty	t ɔ ɬ t i
tost	tʰ oː s t
tostio	tʰ ɔ s t j ɔ
trawst	t r̥ʰ a u̯ s t
trawstoriad	t r a u̯ s t ɔ r ɪ
trawstorri	t r a u̯ s t ɔ r ɪ
trawstrefa	t r̥ʰ a u̯ s t r ɛ v a
treigl	t r e i̯ ɡ l̩
treisgar	t r e i̯ s k a r
triongl	t rʰ iː ɔ ŋ l̩
trist	t r iː s t
tristáu	tʰ r ɪ s t a ɨ̯
tristwch	tʰ r ɪ s t ʊ χ
trwbl	t r̥ʰ ʊ b l̩ˠ
trwsgl	t r ʊ s k l̩
trwstan	tʰ r ʊ s t a n
trychwibl	t r ə χ w ɪ b l̩
twngsten	tʰ ʊ ŋ s t ɛ n
tyst	tʰ ɨː s t
theigr	θ e i̯ ɡ r̩
uchder	ɨ̞ χ t ɛ r
uchderau	ɨ̞ χ t ɛ r a ɨ̯
uchderau	ɨ̞ χ t ɛ r ɛ
uchderau	ɨ̞ χ t ɛ r a
ungellog	a m l̩ ɡ ɛ ɬ ɔ ɡ
unionongl	ɪ n j ɔ n ɔ ŋ l̩
unionongl	ɪ n j ɔ n ɔ ŋ ɔ l
urddwisg	ɨ̞ r ð w ɪ s k
ustus	ɨ̞ s t ɨ̞ s
uwchbridd	ɨ̞ u̯ χ b r ɪ ð
uwchgroen	ɨ u̯ χ k r ɔ ɨ̯ n
wfft	ʊ f t
wncl	ʊ ŋ k l̩
wstid	ʊ s t ɪ d
wybr	ʊ ɨ̯ b r̩
wynepgoch	ʊ i̯ n ɛ p k ɔ χ
Wysg	uː ɨ̯ s k
wysg	uː ɨ̯ s k
wystl	w ɨ̞ s t l̩ˠ
wythongl	ʊ ɨ̯ θ ɔ ŋ l̩
ydw	n̩ d u
ydw	n d u
ydy	n̩ d ɪ
ydy	n d ɪ
ynghlwm	ə ŋ l̥ʰ ʊ m
ymeifl	ə m e i̯ v l̩
ymestyn	ə m ɛ s t ɨ̞ n
ymffrostio	ə m f r ɔ s t j ɔ
ymgysylltu	ə m k ə s ə ɬ t ɨ̞
ymherodr	ə m h ɛ r ɔ d r̩
ymhlith	ə m ɬ iː θ
ymhongar	ə m ɦ ɔ ŋ ɡ a r
ymhonni	ə m ɦ ɔ n ɪ
ymlusgiad	ə m lˠ ɨ̞ s k j a d
ymlusgo	ə m lˠ ɨ̞ s k ɔ
ymysg	ə m ɨː s k
ysbaddu	ə s p a ð ɨ̞
Ysbaen	ə s p aː ɨ̯ n
ysbardun	ə s p a r d ɨ̞ n
ysbarduno	ə s p a r d ɨ̞ n ɔ
ysbeilio	ə s p e i̯ l j ɔ
ysbïo	ə s p iː ɔ
ysbodol	ə s p ɔ d ɔ l
ysboncio	ə s p ɔ ŋ k j ɔ
ysbryd	ə s p r ɨ̞ d
ysbrydegol	ə s p r ə d ɛ ɡ ɔ l
ysbrydiaeth	ə s p r ə d j a ɨ̯ θ
ysbrydion	ə s p r ə d j ɔ n
ysbrydol	ə s p r ə d ɔ l
ysbrydoli	ə s p r ə d ɔ l i
ysbrydoliaeth	ə s p r ə d ɔ l j a ɨ̯ θ
ysbrydolrwydd	ə s p r ə d ɔ l r u ɨ̯ ð
ysbyty	ə s p ə t ɨ̞
ysbyty	s p ə t ɨ̞
ysgadan	ə s k a d a n
ysgadenyn	ə s k a d ɛ n ɨ̞ n
ysgafnder	ə s k a v n d ɛ r
ysgafnhad	ə s k a v n h aː d
ysgafnhau	ə s k a v n h a ɨ̯
ysgall	ə s k a ɬ
ysgallen	ə s k a ɬ ɛ n
ysgallen	s k a ɬ ɛ n
ysgallen	s k a ɬ a n
ysgar	ə s k a r
ysgariad	ə s k a r j a d
ysgarth	ə s k a r θ
ysgarthu	ə s k a r θ ɨ̞
ysgaru	ə s k a r ɨ̞
ysgaw	ə s k a u̯
ysgawen	ə s k a u̯ ɛ n
ysgawen	ə s k a u̯ a n
ysgawn	ə s k a u̯ n
ysgeiddig	ə s k e i̯ ð ɪ ɡ
ysgerbwd	ə s k ɛ r b ʊ t
ysgithredd	ə s k ɪ θ r ɛ ð
ysglodyn	ə s k l ɔ d ɨ̞ n
ysglodyn	s k l ɔ d ɨ̞ n
ysgol	ə s k ɔ l
ysgolor	ə s k ɔ l ɔ r
ysgrif	ə s k r ɪ v
ysgrifbin	ə s k r ɪ v b ɪ n
ysgrifen	ə s k r ɪ v ɛ n
ysgrifen	s k r ɪ v ɛ n
ysgrifen	s k r ɪ v a n
ysgrifennodd	ə s k r ɪ v ɛ n ɔ ð
ysgrifennodd	s k w ɛ n ɔ ð
ysgrifennu	ə s k r ɪ v ɛ n ɨ̞
ysgrifennu	s k r ɪ v ɛ n ɨ̞
ysgrifennu	s k w ɛ n ɨ̞
ysgubion	ə s k ɨ̞ b j ɔ n
ysgubo	ə s k ɨ̞ b ɔ
ysgubor	ə s k ɨ̞ b ɔ r
ysguthan	ə s k ɨ̞ θ a n
ysguthan	s k ɨ̞ θ a n
ysgwyd	ə s k w ɨ̞ d
ysgwydd	ə s k w ɨ̞ ð
ysgyfaint	ə s k ə v a i̯ n t
ysgyfarn	ə s k ə v a r n
ysmygaist	ə s m ə ɡ a i̯ s t
ystad	ə s t a d
ystafell	ə s t a v ɛ ɬ
ystafell	s t a v ɛ ɬ
ystafell	s t a v a ɬ
ystên	ə s t eː n
ystifflog	ə s t ɪ f l ɔ ɡ
ystifflogod	ə s t ɪ f l ɔ ɡ ɔ d
ystig	ə s t ɪ ɡ
ystlum	ə s t l ɨ̞ m
ystlys	ə s t l ɨ̞ s
ystlysfwrdd	ə s t l ə s v ʊ r ð
ystod	ə s t ɔ d
ystrad	ə s t r a d
Ystradwel	ə s t r a d w ɛ l
ystranc	ə s t r a ŋ k
ystranciog	ə s t r a ŋ k j ɔ ɡ
ystryw	ə s t r ɨ̞ u̯
ystrywgar	ə s t r ə u̯ ɡ a r
ystumiedig	ə s t ɨ̞ m j ɛ d ɪ ɡ
Ystwyth	ə s t ʊ ɨ̯ θ
ystyfnig	ə s t ə v n ɪ ɡ
ystyr	ə s t ɨ̞ r
ystyrgar	ə s t ə r ɡ a r
ystyried	ə s t ə r j ɛ d
ystyriol	ə s t ə r j ɔ l
ystyrol	ə s t ə r ɔ l
ỿ	ə
