Aada	ɑː d̥ ɑ
Aadam	ɑː d̥ ɑ m
Aafrika	ɑˑ f r i kˑ ɑ
Aardlapalu	ɑː r d̥ l ɑ pˑ ɑ l u
Aardlapalut	ɑː r d̥ l ɑ pˑ ɑ l u tˑ
Aaron	ɑː r o n
Aasia	ɑː sʲ i ɑ̯
Afganistan	ɑ f ɡ̊ ɑ nʲ i s t ɑː n
Ahvenamaa	ɑ h v e n ɑ m ɑː
Alas	ɑ l ɑ s
Albaania	ɑ l b̥ ɑː nʲ i ɑ̯
Albert	ɑ l b̥ e r tˑ
Aleksandra	ɑ l e k s ɑ n d̥ r ɑ
Alina	ɑ lʲ i n ɑ
Alžiir	ɑ l ʒ̊ iː r
Ameerika	ɑ m eˑ r i kˑ ɑ
Anadõr	ɑ n ɑː d̥ ɤ r
Andorra	ɑ n d̥ o rˑ ɑ
Andreas	ɑ n d̥ r e ɑ̯ s
Angela	ɑ ŋ ɡ̊ e l ɑ
Angelika	ɑ n ɡ̊ eː lʲ i kˑ ɑ
Antarktis	ɑ n t ɑ r kˑ tʲ i s
Aragón	ɑ r ɑ ɡ̊ ó n
Armeenia	ɑ r m eː nʲ i ɑ̯
Aruküla	ɑ r u k̚ k y l ɑ
Aserbaidžaan	ɑ s e r b̥ ɑ i̯ d̥ ʒ̊ ɑː n
Ateena	ɑ t eˑ n ɑ
Austraalia	ɑ u̯ s t r ɑː lʲ i ɑ̯
Austria	ɑ u̯ s t r i ɑ̯
B	b̥
B	b̥ eː
Baltimaad	b̥ ɑ lʲ tʲ i m ɑː d̥
Bangladesh	b̥ ɑ ŋ ɡ̊ l ɑ d̥ e ʃ
Belfast	b̥ e l f ɑː s t
Belgia	b̥ e l ɡ̊ i ɑ̯
Belgia	b̥ e lʲ ɡ̊ i ɑ̯
Belgrad	b̥ e l ɡ̊ r ɑ d̥
Berliin	b̥ e r lʲ iː n
Bosnia	b̥ o s nʲ i ɑ̯
Brüssel	b̥ r y sː e l
Budapest	b̥ u d̥ ɑ pˑ e s t
Bukarest	b̥ u kˑ ɑ r e s t
Bulgaaria	b̥ u l ɡ̊ ɑː r i ɑ̯
C	kˑ
C	s
C	t s
C	t s eː
Chișinău	k i ʃ i n ø u
Dzäudžõkäu	d̥ z̥ æ u̯ d̥ ʒ̊ ɤ k æ u̯
Eeden	eː d̥ e n
Eesti	eˑ s tʲ i
Eestimaa	eˑ s tʲ i m ɑː
Elevandiluurannik	e l e v ɑ nʲ d̥ʲ i l uː r ɑ nʲˑ i kˑ
Elina	e lʲ i n ɑ
Emajõgi	e m ɑ j ɤ ɡ̊ i
Emil	e m i l
Enn	e nː
Esko	e s k o
Euroopa	e u̯ r oː pː ɑ
Gagauusia	ɡ̊ ɑ ɡ̊ ɑ u̯ː sʲ i ɑ̯
Georgia	d̥ ʒ̊ oː d̥ ʒ̊ i ɑ̯
Georgia	d̥ ʒ̊ oː r d̥ ʒ̊ i ɑ̯
Georgia	ɡ̊ e o r ɡ̊ i ɑ̯
Gruusia	ɡ̊ r uː sʲ i ɑ̯
Haapsalu	h ɑː p s ɑ l u
Haapsalu	ɑː p s ɑ l u
Hanna	h ɑ nː ɑ
Hanna	ɑ nː ɑ
Helen	e l e n
Helen	h e l e n
Helsingi	e l sʲ i ŋ ɡ̊ i
Helsingi	h e l sʲ i ŋ ɡ̊ i
Hendrik	e n d̥ r i kˑ
Hendrik	h e n d̥ r i kˑ
Hertsegoviina	h e r t s e ɡ̊ o v iˑ n ɑ
Hess	e sː
Hess	h e sː
Hispaania	h i s p ɑː nʲ i ɑ̯
Horvaatia	h o r v ɑː tʲˑ i ɑ̯
Hypnos	h y p n o s
Hypnos	y p n o s
Iiri	iˑ r i
Iirimaa	iˑ r i m ɑː
Ingeri	i ŋ ɡ̊ e r i
Ingerimaa	i ŋ ɡ̊ e r i m ɑː
Inglismaa	i ŋ ɡ̊ lʲ i s m ɑː
Island	i s l ɑ n d̥
Jehoova	j e ɦ oˑ v ɑ
Johannes	j o ɦ ɑ nː e s
Jumal	j ü m ɑ l
Järva	j æ r v ɑ
Jõgeva	j ɤ ɡ̊ e v ɑ
Kairo	k ɑ i̯ r o
Kalevipoeg	k ɑ l e v i p o e̯ ɡ̊
Kiribati	k i r i b̥ ɑˑ tʲˑ i
Koolmajärve	k oː l m ɑ j æ r v e̞
Koolmajärve	k uː l m ɑ j æ r v e̞
Kuressaare	k u r e s s ɑː r e̞
Käos	k æ o̯ s
Kõmrimaa	k ɤ m r i m ɑː
Kõzõl	k ɤ z̥ ɤ l
Lahe	l ɑ ɦ e̞
Laura	l ɑ u̯ r ɑ
Libeeria	lʲ i b̥ eː r i ɑ̯
Luksemburg	l u k s e m b̥ u r ɡ̊
Luxembourg	l u k s e m b̥ u r ɡ̊
Luxembourg	l y ɡ̊ z̥ ɑ n b̥ uː r
Maali	m ɑˑ lʲ i
Maardu	m ɑː r d̥ u
Madrid	m ɑ d̥ r iː d̥
Malmö	m ɑ l m ø
Malta	m ɑ l t ɑ
Martin	m ɑ r tʲ i n
Mati	m ɑ tʲˑ i
Mehhiko	m e hˑ i kˑ o
Melikjan	m e lʲ i k j ɑ̈ n
Moldova	m o l d̥ o v ɑ
Monaco	m o n ɑ kˑ o
Montenegro	m o n t e n e ɡ̊ r o
Mooses	m oː s e s
Naissaar	n ɑ i̯ s s ɑː r
Napoli	n ɑː pː o lʲ i
Narva	n ɑ r v ɑ
Noor	n oː r
Noormaa	n oː r m ɑː
Noormägi	n oː r m æ ɡ̊ i
Nork	n o r kˑ
Norra	n o rː ɑ
Oja	o j ɑ̈
Ojakäär	o j ɑ̈ kˑ æː r
Olga	o lʲ ɡ̊ ɑ
Omaan	o m ɑː n
Ots	o t s
Paavo	p ɑː v o
Panama	p ɑ n ɑ m ɑ
Pluuto	p l uː tː o
Portugal	p o r t u ɡ̊ ɑ l
Praha	p r ɑ ɦ ɑ
Puss	p u sː
Rakvere	r ɑ k v e r e̞
Raudsepp	r ɑ u̯ d̥ s e pː
Revala	r e v ɑ l ɑ
Rootsi	r oˑ t sʲ i
Rätsep	r æ t s e pˑ
Rüütli	r yː t lʲ i
Saagpakk	s ɑː ɡ̊ p ɑ kː
Saaremaa	s ɑˑ r e m ɑː
Sadrak	s ɑ d̥ r ɑ kˑ
Sahk	s ɑ h k
Saksamaa	s ɑ k s ɑ m ɑː
Salum	s ɑ l u m
Salumets	s ɑ l u m e t s
Saluorg	s ɑ l u o̯ r ɡ̊
Saluri	s ɑ l u r i
Samm	s ɑ mː
Sapp	s ɑ pː
Sarajevo	s ɑ r ɑ̈ j e v o
Sarap	s ɑ r ɑ pˑ
Sarapu	s ɑ r ɑ pˑ u
Sarapuu	s ɑ r ɑ pˑ uː
Sauk	s ɑ u̯ kˑ
Saul	s ɑ u̯ l
Saviauk	s ɑ v i ɑ̯ u kˑ
Savik	s ɑ v i kˑ
Seišellid	s e i̯ ʃ e lʲˑ i d̥
Sekk	s e kː
Selg	s e l ɡ̊
Seoul	s o u̯ l
Sepa	s e pˑ ɑ
Sester	s e s t e r
Sevilla	s e v i lʲ j ɑ̈
Sillamäe	sʲ i lː ɑ m æ e̯
Sloveenia	s l o v eː nʲ i ɑ̯
Sofia	s o fˑ i ɑ̯
Soome	s oː m e̞
Soul	s o u̯ l
Stella	s t e lː ɑ
Stockholm	s t o kː h o l m
Suurbritannia	s uː r b̥ r i t t ɑ nʲː i ɑ̯
Säärits	s æː r i t s
Sääsk	s æː s k
Söul	s ø u l
Sööt	s øː tˑ
Süda	s y d̥ ɑ
Tammoja	t ɑ mː o j ɑ̈
Tartu	t ɑ r t u
Tasmaania	t ɑ s m ɑː nʲ i ɑ̯
Tatevosjan	t ɑ tˑ e v o sʲ j ɑ̈ n
Tondi	t o nʲ d̥ʲ i
Torino	t o r iː n o
Turu	t u r u
Tšeboksarõ	t ʃ e b̥ o k s ɑː r ɤ
Tšehhimaa	t ʃ e hˑ i m ɑː
Vaduz	f ɑ d̥ uː t s
Vaduz	v ɑ d̥ uː t s
Varssavi	v ɑ r sː ɑ v i
Vikipeedia	v i kˑ i p p eː d̥ʲ i ɑ̯
Vikisõnaraamat	v i kˑ i s ɤ n ɑ r ɑˑ m ɑ tˑ
Virumaa	v i r u m ɑː
Vjatšeslav	v j ɑ̈ t ʃ e s l ɑ v
Wales	u e̯ i̯ l s
Zagreb	z̥ ɑː ɡ̊ r e b̥
aabits	ɑˑ b̥ i t s
aadress	ɑː d̥ r e sʲː
aaker	ɑː kː e r
aam	ɑː m
aamen	ɑː m e n
aamissepp	ɑˑ m i s s e pː
aardelaegas	ɑː r d̥ e l ɑ e̯ ɡ̊ ɑ s
aare	ɑˑ r e̞
aas	ɑː s
aasia	ɑː sʲ i ɑ̯
aasta	ɑː s t ɑ
aastaaeg	ɑː s t ɑ ɑ e̯ ɡ̊
aastal	ɑː s t ɑ l
aastapäev	ɑː s t ɑ p æ e̯ v
aastasada	ɑː s t ɑ s ɑ d̥ ɑ
aastat	ɑː s t ɑ tˑ
aastatuhat	ɑː s t ɑ t u ɦ ɑ tˑ
aatelik	ɑː tː e lʲ i kˑ
aatom	ɑː tː o m
aatomipomm	ɑː tː o m i p o mː
abielluma	ɑ b̥ i e lː u m ɑ
abielulahutus	ɑ b̥ i e̯ l u l ɑ ɦ u tˑ u s
abielumees	ɑ b̥ i e̯ l u m eː s
abielupaar	ɑ b̥ i e l u p ɑː r
abikaasa	ɑ b̥ i k ɑˑ s ɑ
abipalve	ɑ b̥ i p ɑ l v e̞
ablas	ɑ b̥ l ɑ s
absoluutne	ɑ b̥ s o l uː t n e̞
adapter	ɑ d̥ ɑ pˑ t e r
adekvaatne	ɑ d̥ e k v ɑː t n e̞
adjektiiv	ɑ d̥ʲ j e k tʲ iː v
adru	ɑ d̥ r u
adverb	ɑ d̥ v e r b̥
adverbiline	ɑ d̥ v e r b̥ i lʲ i n e̞
advokaat	ɑ d̥ v o k k ɑː tˑ
advokaat	ɑ d̥ v o kˑ ɑː tˑ
aeg	ɑ e̯ ɡ̊
aeglane	ɑ e̯ ɡ̊ l ɑ n e̞
aeglaselt	ɑ e̯ ɡ̊ l ɑ s e l tˑ
aegluup	ɑ e̯ ɡ̊ l uː pˑ
aer	ɑ e̯ r
aevastama	ɑ e̯ v ɑ s t ɑ m ɑ
agar	ɑ ɡ̊ ɑ r
agressiivselt	ɑ ɡ̊ r e sʲ sʲ iː v s e l tˑ
ahas	ɑ ɦ ɑ s
ahav	ɑ ɦ ɑ v
aher	ɑ ɦ e r
ahhaat	ɑ hː ɑː tˑ
ahm	ɑ hˑ m̥
ahmima	ɑ h m i m ɑ
ahne	ɑ h n e̞
ahu	ɑ ɦ u
aiamaa	ɑ i̯ ɑ m ɑː
aiapiire	ɑ i̯ ɑ p iˑ r e̞
aine	ɑ i̯ n e̞
ainevahetus	ɑ i̯ n e v ɑ ɦ e tˑ u s
ainult	ɑ i̯ n u l tˑ
ainus	ɑ i̯ n u s
ait	ɑ i̯ tˑ
aita	ɑ i̯ tˑ ɑ
aitama	ɑ i̯ t̚ t ɑ m ɑ
aituma	ɑ i̯ t u m ɑ
aitäh	ɑ i̯ t t æ hː
aitüma	ɑ i̯ t t y m ɑ
ajaja	ɑ̈ j ɑ̈ j ɑ̈
ajakiri	ɑ̈ j ɑ̈ k i r i
ajakirjandus	ɑ̈ j ɑ̈ k i r j ɑ̈ n d̥ u s
ajakirjanik	ɑ̈ j ɑ̈ k i r j ɑ̈ nʲ i kˑ
ajaleht	ɑ̈ j ɑ̈ l e h t
ajalooline	ɑ̈ j ɑ̈ l oː lʲ i n e̞
ajalooliselt	ɑ̈ j ɑ̈ l oː lʲ i s e l tˑ
ajalugu	ɑ̈ j ɑ̈ l u ɡ̊ u
ajapiirang	ɑ̈ j ɑ̈ p iˑ r ɑ ŋ ɡ̊
ajatolla	ɑ̈ j ɑ̈ t o lː ɑ
ajatolla	ɑ̈ j ɑ̈ t̚ t o lː ɑ
ajukasvaja	ɑ̈ j ü k ɑ s v ɑ̈ j ɑ̈
akronüüm	ɑ k r o n yː m
aktiveerima	ɑ kˑ tʲ i v eˑ r i m ɑ
aktsiaturg	ɑ kˑ t sʲ i ɑ̯ t u r ɡ̊
akvaarium	ɑ k v ɑː r i u̯ m
akvarell	ɑ k v ɑ r e lʲː
akvedukt	ɑ k v e d̥ u kˑ t
alaleütlev	ɑ l ɑ l e y t l e v
alalõualuu	ɑ l ɑ l ɤ u̯ ɑ l uː
alalõug	ɑ l ɑ l ɤ u̯ ɡ̊
alalütlev	ɑ l ɑ l y t l e v
alamliik	ɑ l ɑ m lʲ iː kˑ
alasti	ɑ l ɑ s tʲ i
alastus	ɑ l ɑ s t u s
alates	ɑ l ɑ tˑ e s
aldehüüd	ɑ l d̥ e ɦ yː d̥
alevik	ɑ l e v i kˑ
alfabeet	ɑ l f ɑ b̥ eː tˑ
algama	ɑ l ɡ̊ ɑ m ɑ
algarv	ɑ l ɡ̊ ɑ r v
algoritm	ɑ l ɡ̊ o r i tˑ m̥
algskandinaavia	ɑ l ɡ̊ s k ɑ n d̥ʲ i n ɑː v i ɑ̯
alistuma	ɑ lʲ i s t u m ɑ
alk	ɑ lʲ kˑ
alkeen	ɑ l k eː n
alkohol	ɑ l k o ɦ o l
alkoholikauplus	ɑ l k o ɦ o lʲ i k ɑ u̯ p l u s
alkoholism	ɑ l k o ɦ o lʲ i sˑ m̥
alkoholivaba	ɑ l k o ɦ o lʲ i v ɑ b̥ ɑ
alkohoolne	ɑ l k o ɦ oː l n e̞
alküün	ɑ l k yː n
allergia	ɑ l l e r ɡ̊ i ɑ̯
allergiline	ɑ l l e r ɡ̊ i lʲ i n e̞
allianss	ɑ lʲˑ i ɑ n sː
allianss	ɑ lʲˑ i ɑ nʲ sː
allkiri	ɑ l kː i r i
allkiri	ɑ lː k i r i
allveelaev	ɑ lː v eː l ɑ e̯ v
altar	ɑ l t ɑ r
alusetu	ɑ l u s e tˑ u
alustama	ɑ l u s t ɑ m ɑ
ambuma	ɑ m b̥ u m ɑ
ametiühing	ɑ m e tʲˑ i y ɦ i ŋ ɡ̊
ametlik	ɑ m e t lʲ i kˑ
ammu	ɑ mː u
ammu	ɑ mˑ u
ammuma	ɑ mː u m ɑ
amulett	ɑ m u l e tʲː
amööb	ɑ m øː b̥
analüüs	ɑ n ɑ l yː s
analüüsima	ɑ n ɑ l yː sʲ i m ɑ
anarhism	ɑ n ɑ r h i sˑ m̥
and	ɑ nʲ d̥
anda	ɑ n d̥ ɑ
andekas	ɑ n d̥ e kˑ ɑ s
andis	ɑ nʲ d̥ʲ i s
andma	ɑ n d̥ m ɑ
andmebaas	ɑ n d̥ m e b̥ ɑː s
andmebaas	ɑ n d̥ m e b̥ ɑː sʲ
antisemitism	ɑ nʲ tʲ i s e m i tʲ i sˑ m̥
antonüüm	ɑ n t o n yː m
antonüümne	ɑ n t o n yː m n e̞
antud	ɑ n t u d̥
apelsinimahl	ɑ pˑ e l sʲ i nʲ i m ɑ hˑ l̥
apelsinipuu	ɑ pˑ e l sʲ i nʲ i p uː
aplus	ɑ p l u s
apteek	ɑ pˑ t eː kˑ
apteek	ɑː pˑ t eː kˑ
arahnofoobia	ɑ r ɑ h n o f oː b̥ i ɑ̯
arbuus	ɑ r b̥ uː s
areng	ɑ r e ŋ ɡ̊
argpüks	ɑ r ɡ̊ p y k s
arheoloogia	ɑ r h e o̯ l oː ɡ̊ i ɑ̯
armastama	ɑ r m ɑ s t ɑ m ɑ
armastus	ɑ r m ɑ s t u s
armastuskiri	ɑ r m ɑ s t u s k i r i
armastuslugu	ɑ r m ɑ s t u s l u ɡ̊ u
armee	ɑ r m eː
artišokk	ɑ r tʲ i ʃ o kː
aru	ɑ r u
arukas	ɑ r u kˑ ɑ s
arukus	ɑ r u kˑ u s
arusisalik	ɑ r u sʲ i s ɑ lʲ i kˑ
arutleja	ɑ r u t l e j ɑ̈
arutlus	ɑ r u t l u s
arv	ɑ r v
arve	ɑ r v e̞
arvelaud	ɑ r v e l ɑ u̯ d̥
arvestama	ɑ r v e s t ɑ m ɑ
arvukas	ɑ r v u kˑ ɑ s
arvuti	ɑ r v u tʲˑ i
arvutimäng	ɑ r v u tʲˑ i m æ ŋ ɡ̊
arvutiviirus	ɑ r v u tʲˑ i v iː r u s
aseksuaal	ɑ s e k s u ɑː l
asetäitja	ɑ s e t æ i̯ tʲ j ɑ̈
asi	ɑ sʲ i
asjatundja	ɑ sʲ j ɑ̈ t u nʲ d̥ʲ j ɑ̈
astenosfäär	ɑ s t e n o s f æː r
asteroid	ɑ s t e r o i̯ d̥
astmevaheldus	ɑ s t m e v ɑ ɦ e l d̥ u s
astuma	ɑ s t u m ɑ
asuma	ɑ s u m ɑ
atmosfäär	ɑ t m o s f æː r
autism	ɑ u̯ tʲ i sˑ m̥
auto	ɑ u̯ tˑ o
autobuss	ɑ u̯ tˑ o b̥ u sʲː
autobussijaam	ɑ u̯ tˑ o b̥ u sʲˑ i j ɑ̈ː m
automaatne	ɑ u̯ tˑ o m ɑː t n e̞
avalik	ɑ v ɑ lʲ i kˑ
avalikkus	ɑ v ɑ lʲ i kː u s
avama	ɑ v ɑ m ɑ
avastaja	ɑ v ɑ s t ɑ̈ j ɑ̈
avastus	ɑ v ɑ s t u s
b	b̥
b	b̥ eː
baar	b̥ ɑː r
baklažaan	b̥ ɑ k l ɑ ʒ̊ ɑː n
baleriin	b̥ ɑ l e r iː n
ballett	b̥ ɑ lː e tʲː
balustraad	b̥ ɑ l u s t r ɑː d̥
banaan	b̥ ɑ n ɑː n
barakk	b̥ ɑ r ɑ kː
bardakk	b̥ ɑ r d̥ ɑ kː
barrikaad	b̥ ɑ rː i k ɑː d̥
barrikaad	b̥ ɑ rː i kˑ ɑː d̥
bastion	b̥ ɑ sʲ tʲ i o̯ n
beež	b̥ eː ʒ̊
bemar	b̥ e m ɑ r
bemm	b̥ e mː
bensiinijaam	b̥ e n sʲ iˑ nʲ i j ɑ̈ː m
berdõšš	b̥ e r d̥ ɤ ʃː
berüll	b̥ e r y lʲː
biblioteek	b̥ i b̥ lʲ i o̯ tˑ eː kˑ
bioloogia	b̥ i o̯ l oː ɡ̊ i ɑ̯
bioloogiliselt	b̥ i o̯ l oˑ ɡ̊ i lʲ i s e l tˑ
boikott	b̥ o i̯ k o tʲː
bomž	b̥ o m ʃ
bomž	b̥ o m ʒ̊
bomž	p o m p s
bomž	p o m ʃ
botaanika	b̥ o t ɑː nʲ i kˑ ɑ
brändi	b̥ r æ n d̥ʲ i
brünett	b̥ r y n e tʲː
buss	b̥ u sʲː
bussijaam	b̥ u sʲˑ i j ɑ̈ː m
bussijuht	b̥ u sʲˑ i j ü h t
bussipeatus	b̥ u sʲˑ i p e ɑ̯ tˑ u s
bussipilet	b̥ u sʲː i p i l e tˑ
bänger	b̥ æ ŋ ɡ̊ e r
bürokraatia	b̥ y r o k r ɑː tʲˑ i ɑ̯
büroo	b̥ y r oː
c	t s eː
d	d̥ eː
davai	d̥ ɑ v ɑ i̯
davai	t ɑ v ɑ i̯
debiilik	d̥ e b̥ iˑ lʲ i kˑ
deemon	d̥ eː m o n
delegatsioon	d̥ e l e ɡ̊ ɑ t sʲ j oː n
delfiin	d̥ e l f iː n
delfiin	d̥ e lʲ f iː n
demograafia	d̥ e m o ɡ̊ r ɑː fˑ i ɑ̯
demokraat	d̥ e m o k r ɑː tˑ
demokraatia	d̥ e m o k r ɑː tʲˑ i ɑ̯
demokraatlik	d̥ e m o k r ɑː t lʲ i kˑ
depressioon	d̥ e p r e s sʲ i o̯ː n
desertöör	d̥ e s e r t øː r
desovetiseerimine	d̥ e s o v e tʲˑ i s eː r i m i n e̞
dialoog	d̥ʲ i ɑ̯ l oː ɡ̊
digiraamat	d̥ʲ i ɡ̊ i r ɑˑ m ɑ tˑ
diil	d̥ʲ iː l
diiler	d̥ʲ iː l e r
diivan	d̥ʲ iː v ɑ n
diktofon	d̥ʲ i kˑ t o f o n
diplomaat	d̥ʲ i p l o m ɑː tˑ
diplomaatiline	d̥ʲ i p l o m ɑː tʲˑ i lʲ i n e̞
diskriminatsioon	d̥ʲ i s k r i m i n ɑ t sʲ i o̯ː n
diviis	d̥ʲ i v iː s
divisjon	d̥ʲ i v i sʲ j o n
draakon	d̥ r ɑː kː o n
dublaaž	d̥ u b̥ l ɑː ʒ̊
dušigeel	d̥ u ʃ i ɡ̊ eː l
dušigeel	d̥ u ʃ i ɡ̊ eː lʲ
dušš	d̥ u ʃː
džemm	d̥ ʒ̊ e mː
džemper	d̥ ʒ̊ e m p e r
džihaad	d̥ ʒ̊ i ɦ ɑː d̥
džiip	d̥ ʒ̊ iː pˑ
džinn	d̥ ʒ̊ i nˑ
džäss	d̥ ʒ̊ æ sː
e	eː
ebakindel	e b̥ ɑ k i n d̥ e l
ebakindlus	e b̥ ɑ k i n d̥ l u s
ebavõrdsus	e b̥ ɑ v ɤ r d̥ s u s
ebaõnn	e b̥ ɑ ɤ nʲː
eeden	eː d̥ e n
eeslinn	eː s lʲ i nː
eesmärk	eː s m æ r kˑ
eesti	eˑ s tʲ i
eestimaalane	eˑ s tʲ i m ɑː l ɑ n e̞
efektiivne	e fˑ e k tʲ iː v n e̞
egüptoloogia	e ɡ̊ y pˑ t o l oː ɡ̊ i ɑ̯
eha	e ɦ ɑ
ehitama	e ɦ i t̚ t ɑ m ɑ
ehitis	e ɦ i tʲˑ i s
ehitus	e ɦ i tˑ u s
ehk	e h k
ehtima	e h tʲ i m ɑ
eile	e i̯ l e̞
ekraan	e k r ɑː n
ekraanipilt	e k r ɑː nʲ i p i lʲ tˑ
ekspert	e k s p e r tˑ
ekvaator	e k v ɑː tː o r
elama	e l ɑ m ɑ
elamu	e l ɑ m u
elanik	e l ɑ nʲ i kˑ
elanikkond	e l ɑ nʲ i kː o n d̥
elekter	e l e kˑ t e r
elektri	e l e kˑ t r i
elektriauto	e l e kˑ t r i ɑ u̯ tˑ o
elektrigeneraator	e l e kˑ t r i ɡ̊ e n e r ɑː tː o r
elektrijalgratas	e l e kˑ t r i j ɑ̈ l ɡ̊ r ɑ tˑ ɑ s
elektrilöök	e l e kˑ t r i l øː kˑ
elulugu	e l u l u ɡ̊ u
elutuba	e l u t u b̥ ɑ
emakas	e m ɑ kˑ ɑ s
emaplaat	e m ɑ p l ɑː tʲˑ
embargo	e m b̥ ɑ r ɡ̊ o
enam	e n ɑ m
endale	e n d̥ ɑ l e̞
endisaeg	e n d̥ʲ i s ɑ e̯ ɡ̊
endisaeg	e nʲ d̥ʲ i s ɑ e̯ ɡ̊
endisaegne	e n d̥ʲ i s ɑ e̯ ɡ̊ n e̞
endisaegne	e nʲ d̥ʲ i s ɑ e̯ ɡ̊ n e̞
energia	e n e r ɡ̊ i ɑ̯
enesepiiramine	e n e s e p iː r ɑ m i n e̞
ennast	e nˑ ɑ s t
enne	e nː e̞
enne	e nˑ e̞
enneaegne	e nː e ɑ e̯ ɡ̊ n e̞
entsüklopeedia	e n t s y k l o p eː d̥ʲ i ɑ̯
eos	e o̯ s
epideemia	e pˑ i d̥ eː m i ɑ̯
erakond	e r ɑ ɡ̊ o n d̥
eraldama	e r ɑ l d̥ ɑ m ɑ
eraldan	e r ɑ l d̥ ɑ n
eramu	e r ɑ m u
erektsioon	e r e kˑ t sʲ j oː n
erinema	e r i n e m ɑ
eripedagoogika	e r i p e d̥ ɑ ɡ̊ oː ɡ̊ i kˑ ɑ
eritlus	e r i t l u s
eriväed	e r i v æ e̯ d̥
eriüksus	e r i y k s u s
esimees	e sʲ i m eː s
esimene	e sʲ i m e n e̞
esirida	e sʲ i r i d̥ ɑ
esiteks	e sʲ i tˑ e k s
esmaspäev	e s m ɑ s p æ e̯ v
essee	e s s eː
etanool	e tˑ ɑ n oː l
ettekandja	e tː e k ɑ nʲ d̥ʲ j ɑ̈
ettepanek	e tː e p̚ p ɑ n e kˑ
ettevaatlik	e tː e v ɑː t lʲ i kˑ
ettevõte	e tː e v ɤ tˑ e̞
eufooria	e u̯ f oː r i ɑ̯
euro	e u̯ r o
eutanaasia	e u̯ tˑ ɑ n ɑː sʲ i ɑ̯
f	e fː
fantoom	f ɑ n t oː m
feminiin	f e m i nʲ iː n
feminiinne	f e m i nʲ iː nː e̞
feminiinum	f e m i nʲ iː n u m
ferriit	f e r r iː tˑ
festival	f e s tʲ i v ɑ l
fiasko	f i ɑ s k o
filantroopia	f i l ɑ n t r oː pː i ɑ̯
filosoofia	f i l o s oː fˑ i ɑ̯
filosoofia	f i l o s s oː fˑ i ɑ̯
folkloorne	f o l k l oː r n e̞
foobia	f oː b̥ i ɑ̯
forell	f o r e lʲː
fotoaparaat	f o tˑ o ɑ pˑ ɑ r ɑː tˑ
fotograaf	f o tˑ o ɡ̊ r ɑː f
fotograafia	f o tˑ o ɡ̊ r ɑː fˑ i ɑ̯
fotokas	f o tˑ o k ɑ s
fotorealistlik	f o tˑ o r e ɑ̯ lʲ i s t lʲ i kˑ
fraas	f r ɑː s
füsioloogia	f y sʲ i o̯ l oː ɡ̊ i ɑ̯
füüsik	f yˑ sʲ i kˑ
füüsiline	f yˑ sʲ i lʲ i n e̞
füüsiliselt	f yˑ sʲ i lʲ i s e l tˑ
g	ɡ̊ eː
gaas	ɡ̊ ɑː s
gaas	ɡ̊ ɑː sʲ
gaasikamber	ɡ̊ ɑˑ sʲ i k ɑ m b̥ e r
gaasimask	ɡ̊ ɑˑ sʲ i m ɑ sʲ kˑ
gangster	ɡ̊ æ ŋ ɡ̊ s t e r
gangster	ɡ̊ ɑ ŋ ɡ̊ s t e r
geiabielu	ɡ̊ e i̯ ɑ b̥ i e l u
generaator	ɡ̊ e n e r ɑː tː o r
genotsiid	ɡ̊ e n o t sʲ iː d̥
geograafia	ɡ̊ e o̯ ɡ̊ r ɑː fˑ i ɑ̯
geoloogia	ɡ̊ e o̯ l oː ɡ̊ i ɑ̯
giid	ɡ̊ iː d̥
glögi	ɡ̊ l ø ɡ̊ i
gnoomon	ɡ̊ n oː m o n
grammatika	ɡ̊ r ɑ m m ɑ tʲˑ i k ɑ
grupiseks	ɡ̊ r u pˑ i s e k s
grupp	ɡ̊ r u pˑ
gruppi	ɡ̊ r u pˑ i
guljašš	ɡ̊ u lʲ j ɑ̈ ʃː
götiit	ɡ̊ ø t tʲ iː tˑ
gümnaasium	ɡ̊ y m n ɑː sʲ i u̯ m
h	h ɑ ʃː
h	h ɑː
h	ɑ ʃː
h	ɑː
haab	h ɑː b̥
haab	ɑː b̥
haak	h ɑː kˑ
haak	ɑː kˑ
haarama	h ɑː r ɑ m ɑ
haarama	ɑː r ɑ m ɑ
habemeajaja	h ɑ b̥ e m e ɑ̈ j ɑ̈ j ɑ̈
habemeajaja	ɑ b̥ e m e ɑ̈ j ɑ̈ j ɑ̈
habemeajamiskreem	h ɑ b̥ e m e ɑ̈ j ɑ̈ m i s k r eː m
habemeajamiskreem	ɑ b̥ e m e ɑ̈ j ɑ̈ m i s k r eː m
hahk	h ɑ h k
hahk	ɑ h k
haigla	h ɑ i̯ ɡ̊ l ɑ
haigla	ɑ i̯ ɡ̊ l ɑ
hakka	h ɑ kː ɑ
hakka	ɑ kː ɑ
hakkas	h ɑ kː ɑ s
hakkas	ɑ kː ɑ s
haldjas	h ɑ l d̥ʲ j ɑ̈ s
haldjas	ɑ l d̥ʲ j ɑ̈ s
hall	h ɑ lʲː
hall	h ɑ lː
hall	ɑ lʲː
hall	ɑ lː
hallo	h ɑ lˑ o
hallo	ɑ lˑ o
halvasti	h ɑ l v ɑ s tʲ i
halvasti	ɑ l v ɑ s tʲ i
hambaarst	h ɑ m b̥ ɑ ɑ r s t
hambaarst	ɑ m b̥ ɑ ɑ r s t
hambapasta	h ɑ m b̥ ɑ p ɑ s t ɑ
hambapasta	ɑ m b̥ ɑ p ɑ s t ɑ
hamburger	h ɑ m b̥ u r ɡ̊ e r
hamburger	ɑ m b̥ u r ɡ̊ e r
hammas	h ɑ mˑ ɑ s
hammas	ɑ mˑ ɑ s
hansalinn	h ɑ n s ɑ lʲ i nː
hansalinn	ɑ n s ɑ lʲ i nː
hape	h ɑ pˑ e̞
hape	ɑ pˑ e̞
hapu	h ɑ pˑ u
hapu	ɑ pˑ u
harakas	h ɑ r ɑ kˑ ɑ s
harakas	ɑ r ɑ kˑ ɑ s
harilikult	h ɑ r i lʲ i kˑ u l tˑ
harilikult	ɑ r i lʲ i kˑ u l tˑ
harmoonia	h ɑ r m oː nʲ i ɑ̯
haugas	h ɑ u̯ ɡ̊ ɑ s
haugas	ɑ u̯ ɡ̊ ɑ s
hea	e ɑ̯
hea	h e ɑ̯
heitma	e i̯ t m ɑ
heitma	h e i̯ t m ɑ
hele	e l e̞
hele	h e l e̞
heleda	e l e d̥ ɑ
heleda	h e l e d̥ ɑ
helikaart	e lʲ i k ɑː r tˑ
helikaart	h e lʲ i k ɑː r tˑ
helikopter	e lʲ i k o pˑ t e r
helikopter	h e lʲ i k o pˑ t e r
heliriba	e lʲ i r i b̥ ɑ
heliriba	h e lʲ i r i b̥ ɑ
helisema	e lʲ i s e m ɑ
helisema	h e lʲ i s e m ɑ
helkur	e l k u r
helkur	h e l k u r
herilane	e r i l ɑ n e̞
herilane	h e r i l ɑ n e̞
hernes	e r n e s
hernes	h e r n e s
hiiglane	h iː ɡ̊ l ɑ n e̞
hiiglane	iː ɡ̊ l ɑ n e̞
hiljuti	h i lʲ j ü tʲˑ i
hiljuti	i lʲ j ü tʲˑ i
hiljutine	h i lʲ j ü tʲˑ i n e̞
hiljutine	i lʲ j ü tʲˑ i n e̞
himu	h i m u
himu	i m u
hind	h i n d̥
hind	i n d̥
hindama	h i n d̥ ɑ m ɑ
hindama	i n d̥ ɑ m ɑ
hindamatu	h i n d̥ ɑ m ɑ tˑ u
hindamatu	i n d̥ ɑ m ɑ tˑ u
hingama	h i ŋ ɡ̊ ɑ m ɑ
hingama	i ŋ ɡ̊ ɑ m ɑ
hinnang	h i nˑ ɑ ŋ ɡ̊
hinnang	i nˑ ɑ ŋ ɡ̊
hirm	h i r m
hirm	i r m
hirv	h i r v
hirv	i r v
hitt	h i tʲː
hitt	h i tː
hitt	i tʲː
hitt	i tː
hobi	h o b̥ i
hobi	o b̥ i
hobuseraud	h o b̥ u s e r ɑ u̯ d̥
hobuseraud	o b̥ u s e r ɑ u̯ d̥
hoidma	h o i̯ d̥ m ɑ
hoidma	o i̯ d̥ m ɑ
homme	h o mː e̞
homme	o mː e̞
hommikuti	h o mː i kˑ u tʲ i
hommikuti	o mː i kˑ u tʲ i
homne	h o m n e̞
homne	o m n e̞
homoabielu	h o m o ɑ b̥ i e l u
homoabielu	o m o ɑ b̥ i e l u
homofoobia	h o m o f oː b̥ i ɑ̯
homofoobia	o m o f oː b̥ i ɑ̯
hoog	h oː ɡ̊
hoog	oː ɡ̊
hoolima	h oː lʲ i m ɑ
hoolima	oː lʲ i m ɑ
hoomama	h oː m ɑ m ɑ
hoomama	oː m ɑ m ɑ
hoorada	h oˑ r ɑ d̥ ɑ
hoorada	oˑ r ɑ d̥ ɑ
hoorama	h oː r ɑ m ɑ
hoorama	oː r ɑ m ɑ
hoorataja	h oː r ɑ tˑ ɑ̈ j ɑ̈
hoorataja	oː r ɑ tˑ ɑ̈ j ɑ̈
hooratas	h oˑ r ɑ tˑ ɑ s
hooratas	oˑ r ɑ tˑ ɑ s
hotell	h o t e lʲː
hukkama	h u kː ɑ m ɑ
hukkama	u kː ɑ m ɑ
hukkuma	h u kː u m ɑ
hukkuma	u kː u m ɑ
huligaan	h u lʲ i ɡ̊ ɑː n
hundid	h u n d̥ʲ i d̥
hundid	u n d̥ʲ i d̥
hundikutsikas	h u nʲ d̥ʲ i k u t sʲ i kˑ ɑ s
hundikutsikas	u nʲ d̥ʲ i k u t sʲ i kˑ ɑ s
hussiit	h u s sʲ iː tˑ
huumor	h uː m o r
huumor	uː m o r
häbemekink	h æ b̥ e m e k i ŋ kˑ
häbemekink	æ b̥ e m e k i ŋ kˑ
häbi	h æ b̥ i
häbi	æ b̥ i
hädaoht	h æ d̥ ɑ o h t
hädaoht	æ d̥ ɑ o h t
hädasignaal	h æ d̥ ɑ sʲ i ɡ̊ n ɑː l
hädasignaal	æ d̥ ɑ sʲ i ɡ̊ n ɑː l
hämu	h æ m u
hämu	æ m u
hävitama	h æ v i tˑ ɑ m ɑ
hävitama	æ v i tˑ ɑ m ɑ
hää	h æː
hää	æː
hääl	h æː l
hääl	æː l
hääletama	h æˑ l e tˑ ɑ m ɑ
hääletama	æˑ l e tˑ ɑ m ɑ
häälik	h æˑ lʲ i kˑ
häälik	æˑ lʲ i kˑ
hõim	h ɤ i̯ m
hõim	ɤ i̯ m
hõljum	h ɤ lʲ j ü m
hõljum	ɤ lʲ j ü m
hõljumiteadus	h ɤ lʲ j ü m i t e ɑ̯ d̥ u s
hõljumiteadus	ɤ lʲ j ü m i t e ɑ̯ d̥ u s
hõlmama	h ɤ l m ɑ m ɑ
hõlmama	ɤ l m ɑ m ɑ
hõre	h ɤ r e̞
hõre	ɤ r e̞
hõõtsik	h ɤː t sʲ i kˑ
hõõtsik	ɤː t sʲ i kˑ
hütt	h y tʲː
hütt	y tʲː
hüva	h y v ɑ
hüva	y v ɑ
hüään	h y æː n
hüüdnimi	h yː d̥ nʲ i m i
hüüdnimi	yː d̥ nʲ i m i
hüüdsõna	h yː d̥ s ɤ n ɑ
hüüdsõna	yː d̥ s ɤ n ɑ
hüümen	h yˑ m e n
hüümen	yˑ m e n
hüüumärk	h y i̯ u̯ m æ r kˑ
hüüumärk	y i̯ u̯ m æ r kˑ
idanema	i d̥ ɑ n e m ɑ
idee	i d̥ eː
idu	i d̥ u
igapäevane	i ɡ̊ ɑ p æ e̯ v ɑ n e̞
igatahes	i ɡ̊ ɑ t ɑ ɦ e s
igaüks	i ɡ̊ ɑ y k s
igrek	i ɡ̊ r e kˑ
ikka	i kː ɑ
ilma	i l m ɑ
ilmalik	i l m ɑ lʲ i kˑ
ilu	i l u
ime	i m e̞
imetama	i m e t̚ t ɑ m ɑ
implosioon	i m p l o sʲ i o̯ː n
incel	i n sˑ e l
infrastruktuur	i n f r ɑ s t r u k t uː r
ingel	i ŋ ɡ̊ e l
ingelinvestor	i ŋ ɡ̊ e lʲ i n v e s t o r
inglise	i ŋ ɡ̊ lʲ i s e̞
inhibiitor	i n h i b̥ iː tː o r
inimrööv	i nʲ i m r øː v
instituut	i n s tʲ i t t uː tˑ
instituut	i n s tʲ i t̚ t uː tˑ
intellekt	i n t e lː e kˑ t
intelligents	i n t e lʲˑ i ɡ̊ e n t s
intelligents	i n t e lʲˑ i ɡ̊ e nʲ t s
intuitiivne	i n t u i̯ tʲ iː v n e̞
invasioon	i n v ɑ sʲ i o̯ː n
investeerima	i n v e s t eˑ r i m ɑ
investeering	i n v e s t eˑ r i ŋ ɡ̊
isekalt	i s e kˑ ɑ l tˑ
isiklikult	i sʲ i k lʲ i kˑ u l tˑ
islam	i s l ɑ m
istuma	i s t u m ɑ
iva	i v ɑ
jaam	j ɑ̈ː m
jaanalind	j ɑ̈ˑ n ɑ lʲ i n d̥
jaaniuss	j ɑ̈ˑ nʲ i u sʲː
jaanuar	j ɑ̈ˑ n u ɑ r
jaanuar	j ɑ̈ˑ n u ɑ̯ r
jaatav	j ɑ̈ː tː ɑ v
jagama	j ɑ̈ ɡ̊ ɑ m ɑ
jah	j ɑ̈ h
jahe	j ɑ̈ ɦ e̞
jahimees	j ɑ̈ ɦ i m eː s
jaht	j ɑ̈ h tʲ
jahtima	j ɑ̈ h tʲ i m ɑ
jalavägi	j ɑ̈ l ɑ v æ ɡ̊ i
jalgpalliväljak	j ɑ̈ l k p ɑ lʲˑ i v æ lʲ j ɑ̈ kˑ
jaoks	j ɑ̈ o̯ k s
jidiš	j i d̥ʲ i ʃ
joodik	j oˑ d̥ʲ i kˑ
joogiklaas	j oˑ ɡ̊ i k l ɑː s
joogiklaas	j oˑ ɡ̊ i k l ɑː sʲ
joom	j oː m
jooma	j oː m ɑ
jooma	j oˑ m ɑ
joonistama	j oˑ nʲ i s t ɑ m ɑ
joonlaud	j oː n l ɑ u̯ d̥
jootraha	j oː t r ɑ ɦ ɑ
juba	j ü b̥ ɑ
juhe	j ü ɦ e̞
juhtima	j ü h tʲ i m ɑ
juhtkoer	j ü h t k o e̯ r
jumal	j ü m ɑ l
jumalaga	j ü m ɑ l ɑ ɡ̊ ɑ
jumalamees	j ü m ɑ l ɑ m eː s
jutt	j ü tː
juttu	j ü tː u
jutu	j ü tˑ u
juurima	j üː r i m ɑ
juutuuber	j üː t uː b̥ e r
jäme	j æ m e̞
järgarv	j æ r ɡ̊ ɑ r v
järgmine	j æ r ɡ̊ m i n e̞
järv	j æ r v
jää	j æː
jääaeg	j æː ɑ e̯ ɡ̊
jääkülm	j æː k y lʲ m
jääma	j æː m ɑ
jäämägi	j æː m æ ɡ̊ i
jääpurikas	j æː p u r i kˑ ɑ s
jäätama	j æː tˑ ɑ m ɑ
jäätis	j æː tʲˑ i s
jäätisemasin	j æː tʲˑ i s e m ɑ sʲ i n
jäätuma	j æː tˑ u m ɑ
jõeäärne	j ɤ e̯ æː r n e̞
jõgi	j ɤ ɡ̊ i
jõud	j ɤ u̯ d̥
jõudma	j ɤ u̯ d̥ m ɑ
jõuk	j ɤ u̯ kˑ
jõusaal	j ɤ u̯ s ɑː lʲ
kaalu	k ɑˑ l u
kaaluma	k ɑː l u m ɑ
kaamera	k ɑː m e r ɑ
kaaren	k ɑː r e n
kaas	k ɑː s
kaasa	k ɑː s ɑ
kaasa	k ɑˑ s ɑ
kaassõna	k ɑː s s ɤ n ɑ
kabeljoo	k ɑ b̥ e lʲ j oː
kadakasakslane	k ɑ d̥ ɑ kˑ ɑ s ɑ k s l ɑ n e̞
kaduma	k ɑ d̥ u m ɑ
kaebama	k ɑ e̯ b̥ ɑ m ɑ
kaelkirjak	k ɑ e̯ l k i r j ɑ̈ kˑ
kaenlaauk	k ɑ e̯ n l ɑ ɑ u̯ kˑ
kafkalik	k ɑ f k ɑ lʲ i kˑ
kahekesi	k ɑ ɦ e k̚ k e sʲ i
kaheksa	k ɑ e̯ k s ɑ
kaheksa	k ɑ ɦ e k s ɑ
kaheksakümmend	k ɑ e k s ɑ ɡ̊ e n d̥
kaheksakümmend	k ɑ h e k s ɑ ɡ̊ e n d̥
kaheksakümmend	k ɑ ɦ e k s ɑ k y mˑ e n d̥
kaheksateistkümnene	k ɑ ɦ e k s ɑ t e i̯ s t k y m n e n e̞
kaheksateistkümnes	k ɑ ɦ e k s ɑ t e i̯ s t k y m n e s
kahetsema	k ɑ ɦ e t s e m ɑ
kahju	k ɑ h j ü
kahjur	k ɑ h j ü r
kahjurõõm	k ɑ h j ü r ɤː m
kahjutuli	k ɑ h j ü t u lʲ i
kahtlema	k ɑ h t l e m ɑ
kaitseraud	k ɑ i̯ t s e r ɑ u̯ d̥
kaitsevägi	k ɑ i̯ t s e v æ ɡ̊ i
kaja	k ɑ̈ j ɑ̈
kajakas	k ɑ̈ j ɑ̈ kˑ ɑ s
kajama	k ɑ̈ j ɑ̈ m ɑ
kaks	k ɑ k s
kakskümmend	k ɑ k s k e n d̥
kakskümmend	k ɑ k s k y mˑ e n d̥
kalamari	k ɑ l ɑ m ɑ r i
kalamees	k ɑ l ɑ m eː s
kalapulk	k ɑ l ɑ p u l kˑ
kalasupp	k ɑ l ɑ s u pː
kalender	k ɑ l e n d̥ e r
kalmistu	k ɑ lʲ m i s t u
kaltsunukk	k ɑ l t s u n u kː
kampsun	k ɑ m p s u n
kana	k ɑ n ɑ
kanamuna	k ɑ n ɑ m u n ɑ
kandela	k ɑ n d̥ e l ɑ
kandidatuur	k ɑ nʲ d̥ʲ i d̥ ɑ t t uː r
kanep	k ɑ n e pˑ
kantri	k ɑ n t r i
kaotama	k ɑ o̯ t̚ t ɑ m ɑ
kaotus	k ɑ o̯ tˑ u s
kapral	k ɑ p r ɑ l
kapuuts	k ɑ p uː t s
karask	k ɑ r ɑ s k
karistama	k ɑ r i s t ɑ m ɑ
karjuma	k ɑ r j ü m ɑ
karjäär	k ɑ r j æː r
karske	k ɑ r s k e̞
karsklane	k ɑ r s k l ɑ n e̞
karskus	k ɑ r s k u s
karusmari	k ɑ r u s m ɑ r i
kasin	k ɑ sʲ i n
kaskadöör	k ɑ s k ɑ d̥ øː r
kassikakk	k ɑ sʲˑ i k ɑ kː
kassiliiv	k ɑ sʲˑ i lʲ iː v
kassipoeg	k ɑ sʲˑ i p o e̯ ɡ̊
kasulaps	k ɑ s u l ɑ p s
kasvaja	k ɑ s v ɑ̈ j ɑ̈
kasvatusteadus	k ɑ s v ɑ tˑ u s t e ɑ̯ d̥ u s
katood	k ɑ t t oː d̥
katt	k ɑ tː
kaudu	k ɑ u̯ d̥ u
kaunis	k ɑ u̯ nʲ i s
kašelott	k ɑ ʃ e l o tː
keel	k eː l
keiser	k e i̯ s e r
keisrilõige	k e i̯ s r i l ɤ i̯ ɡ̊ e̞
kelder	k e l d̥ e r
kerjama	k e r j ɑ̈ m ɑ
keskkool	k e s k k oː l
keskkool	k e s k k oː lʲ
keskpäev	k e s k p æ e̯ v
keskpärasus	k e s k p æ r ɑ s u s
ketšup	k e t ʃ u pˑ
kibe	k i b̥ e̞
kihisema	k i ɦ i s e m ɑ
kihk	k i h k
kihutama	k i ɦ u t̚ t ɑ m ɑ
kiikuma	k iː kː u m ɑ
kiirabi	k iː r ɑ b̥ i
kiirusepiirang	k iː r u s e p iː r ɑ ŋ ɡ̊
kiiruspiirang	k iː r u s p iː r ɑ ŋ ɡ̊
kilekott	k i l e k o tʲː
kilometraaž	k i l o m e t r ɑː ʒ̥
kilpkonn	k i l p k o nː
kilpnääre	k i l p n æˑ r e̞
kindral	k i n d̥ r ɑ l
kindralmajor	k i n d̥ r ɑ l m ɑ̈ j o r
king	k i ŋ ɡ̊
kingitus	k i ŋ ɡ̊ i tˑ u s
kingsepp	k i ŋ ɡ̊ s e pː
kinnine	k i nʲː i n e̞
kinnistäht	k i nʲː i s t æ h t
kirjandus	k i r j ɑ̈ n d̥ u s
kirjaoskamatu	k i r j ɑ̈ o s k ɑ m ɑ tˑ u
kirjeldama	k i r j e l d̥ ɑ m ɑ
kirjutama	k i r j ü t̚ t ɑ m ɑ
kirjutusmasin	k i r j ü tˑ u s m ɑ sʲ i n
kirre	k i rˑ e̞
kirss	k i r sː
kirsstomat	k i r sː t o m ɑ tˑ
kirves	k i r v e s
kisama	k i s ɑ m ɑ
kitarrist	k i t t ɑ rˑ i s t
kitarrist	k i tˑ ɑ r r i s t
kitsehabe	k i t s e ɦ ɑ b̥ e̞
klarnet	k l ɑ r n e tˑ
klaver	k l ɑ v e r
klaveriliteratuur	k l ɑ v e r i lʲ i tˑ e r ɑ t t uː r
klaviatuur	k l ɑ v i ɑ̯ t uː r
kleepima	k l eː pː i m ɑ
kleeps	k l eː p s
kobrutis	k o b̥ r u tʲˑ i s
kodakondsus	k o d̥ ɑ ɡ̊ o n t s u s
kodanik	k o d̥ ɑ nʲ i kˑ
koer	k o e̯ r
koeras	k o e̯ r ɑ s
koeratoit	k o e̯ r ɑ t o i̯ tˑ
kogu	k o ɡ̊ u
kohtama	k o h t ɑ m ɑ
kohtupidamine	k o h t u p i d̥ ɑ m i n e̞
kohusetundlikult	k o ɦ u s e t u n d̥ lʲ i kˑ u l tˑ
kohustuslik	k o ɦ u s t u s lʲ i kˑ
kohv	k o hˑ v̥
kohviistandus	k o h v i i s t ɑ n d̥ u s
kohvik	k o h v i kˑ
kohvimasin	k o h v i m ɑ sʲ i n
kohvitass	k o h v i t ɑ sʲː
kohviuba	k o h v i u b̥ ɑ
kokakunst	k o kˑ ɑ k u nʲ s t
kokandus	k o kˑ ɑ n d̥ u s
kole	k o l e̞
kolima	k o lʲ i m ɑ
kolm	k o l m
kolmapäev	k o l m ɑ b̥ æ e̯ v
kolmapäev	k o l m ɑ p p æ e̯ v
kolmas	k o l m ɑ s
kolmekesi	k o l m e k̚ k e sʲ i
kolmekuningapäev	k o l m e k u nʲ i ŋ ɡ̊ ɑ p æ e̯ v
kolmkümmend	k o l m k y mˑ e n d̥
kolmkümmend	k o l ɡ̊ e n d̥
kolonel	k o l o n e l
kolonelleitnant	k o l o n e l l e i̯ t n ɑ n tˑ
komme	k o mː e̞
komme	k o mˑ e̞
kompleksne	k o m p l e k s n e̞
komöödia	k o m øː d̥ʲ i ɑ̯
kondensaator	k o n d̥ e n s ɑː tː o r
kondiiter	k o n d̥ʲ iː tː e r
kondiüdi	k o nʲ d̥ʲ i y d̥ʲ i
kondoom	k o n d̥ oː m
koni	k o nʲ i
konks	k o ŋ k s
konkurss	k o ŋ k u r sː
konservatiivsus	k o n s e r v ɑ t tʲ iː v s u s
konservatism	k o n s e r v ɑ tʲ i sˑ m̥
konsul	k o n s u l
kont	k o nʲ tˑ
kontekst	k o n t e k s t
kontsert	k o n t s e r tˑ
konverents	k o n v e r e n t s
koobas	k oˑ b̥ ɑ s
kool	k oː l
koole	k oː l e̞
koolidevaheline	k oˑ lʲ i d̥ e v ɑ ɦ e lʲ i n e̞
koolivorm	k oˑ lʲ i v o r m
koolja	k oː lʲ j ɑ̈
koolmeister	k oː l m e i̯ s t e r
koorem	k oː r e m
koostöö	k oː s t øː
koovitaja	k oː v i t̚ t ɑ̈ j ɑ̈
korjama	k o r j ɑ̈ m ɑ
koroonaviirus	k o r oˑ n ɑ v iː r u s
korpus	k o r p u s
korruselamu	k o rː u s e l ɑ m u
korrusmaja	k o rː u s m ɑ̈ j ɑ̈
kottima	k o tʲː i m ɑ
košmaar	k o ʃ m ɑː r
kraana	k r ɑː n ɑ
kraanikauss	k r ɑˑ nʲ i k ɑ u̯ sː
kraapima	k r ɑː pː i m ɑ
krahvinna	k r ɑ h v i nː ɑ
kratsima	k r ɑ tʲ sʲ i m ɑ
krematoorium	k r e m ɑ t̚ t oː r i u̯ m
kriit	k r iː tˑ
kruus	k r uː s
kruus	k r uː sʲ
kruustangid	k r uː s t ɑ ŋ ɡ̊ i d̥
krõps	k r ɤ p s
kubel	k u b̥ e l
kubism	k u b̥ i sˑ m̥
kudu	k u d̥ u
kui	k u i̯
kuigi	k u i̯ ɡ̊ i
kuiv	k u i̯ v
kujundlik	k ü j ü n d̥ lʲ i kˑ
kukk	k u kː
kukkel	k u kː e l
kuldnokk	k u l d̥ n o kː
kulinaaria	k u lʲ i n ɑː r i ɑ̯
kuljus	k u lʲ j ü s
kulm	k u l m
kuluma	k u l u m ɑ
kummuli	k u mˑ u lʲ i
kuni	k u nʲ i
kuninganna	k u nʲ i ŋ ɡ̊ ɑ nː ɑ
kuningas	k u nʲ i ŋ ɡ̊ ɑ s
kuningkobra	k u nʲ i ŋ ɡ̊ k o b̥ r ɑ
kuningriik	k u nʲ i ŋ ɡ̊ r iː kˑ
kunn	k u nʲː
kuri	k u r i
kuritegevus	k u r i t e ɡ̊ e v u s
kurv	k u r v
kutse	k u t s e̞
kutsika	k u tʲ sʲ i kˑ ɑ
kutsikas	k u tʲ sʲ i kˑ ɑ s
kutsikat	k u tʲ sʲ i k̚ k ɑ tˑ
kutsu	k u t s u
kutsu	k u tʲ s u
kutt	k u tʲː
kuu	k uː
kuueteistkümnes	k uː w e t e i̯ s t k y m n e s
kuulama	k uː l ɑ m ɑ
kuuldeaparaat	k uː l d̥ e ɑ pˑ ɑ r ɑː tˑ
kuulipilduja	k uˑ lʲ i p i l d̥ ü j ɑ̈
kuumaõhupall	k uː m ɑ ɤ ɦ u p ɑ lʲː
kuus	k uː s
kuusik	k uː sʲ i kˑ
kuuskümmend	k uː s k e n d̥
kuuskümmend	k uː s k y mˑ e n d̥
kuvand	k u v ɑ n d̥
käbi	k æ b̥ i
käekott	k æ e̯ k o tʲː
kähisema	k æ ɦ i s e m ɑ
käigukast	k æ i̯ ɡ̊ u k ɑ sʲ tˑ
käima	k æ i̯ m ɑ
käitumine	k æ i̯ tˑ u m i n e̞
käivitama	k æ i̯ v i t̚ t ɑ m ɑ
känd	k æ n d̥
känguru	k æ ŋ ɡ̊ u r u
käpik	k æ pˑ i kˑ
kärbseseen	k æ r b̥ s e s eː n
kärp	k æ r pˑ
käsi	k æ sʲ i
käsiraamat	k æ sʲ i r ɑˑ m ɑ tˑ
käsitama	k æ sʲ i t̚ t ɑ m ɑ
käsitlema	k æ sʲ i t l e m ɑ
käsivars	k æ sʲ i v ɑ r s
käsn	k æ sˑ n̥
kättemaks	k æ tː e m ɑ k s
kääne	k æː n e̞
kääne	k æˑ n e̞
käärid	k æː r i d̥
käärima	k æː r i m ɑ
kõhunääre	k ɤ ɦ u n æˑ r e̞
kõhunäärmejuha	k ɤ ɦ u n æː r m e j ü ɦ ɑ
kõhunäärmepõletik	k ɤ ɦ u n æː r m e p ɤ l e t ʲ̚ tʲ i kˑ
kõhunäärmevähk	k ɤ ɦ u n æː r m e v æ h k
kõhutuul	k ɤ ɦ u t uː l
kõik	k ɤ i̯ kˑ
kõmri	k ɤ m r i
kõnelema	k ɤ n e l e m ɑ
kõrgus	k ɤ r ɡ̊ u s
kõrs	k ɤ r s
kõrts	k ɤ r t s
kõrtsmik	k ɤ r t s m i kˑ
kõrvalmõju	k ɤ r v ɑ l m ɤ j ü
kõrvits	k ɤ r v i t s
kõva	k ɤ v ɑ
kõvem	k ɤ v e m
köösner	k øː s n e r
kübar	k y b̥ ɑ r
kükk	k y kː
külgnema	k y l ɡ̊ n e m ɑ
küll	k y lː
küllane	k y lˑ ɑ n e̞
külm	k y lʲ m
külmik	k y l m i kˑ
külmkapimagnet	k y lʲ m k ɑ pˑ i m ɑ ɡ̊ n e tˑ
külmkapp	k y lʲ m k ɑ pː
külvama	k y l v ɑ m ɑ
kümme	k y mˑ e̞
küps	k y p s
kütma	k y t m ɑ
kütt	k y tʲː
küülik	k yˑ lʲ i kˑ
küünal	k yˑ n ɑ l
küüslauk	k yː s l ɑ u̯ kˑ
laad	l ɑː d̥
labor	l ɑ b̥ o r
laegas	l ɑ e̯ ɡ̊ ɑ s
laev	l ɑ e̯ v
lagi	l ɑ ɡ̊ i
lagrits	l ɑ ɡ̊ r i t s
lahe	l ɑ ɦ e̞
laisk	l ɑ i̯ s k
laiskus	l ɑ i̯ s k u s
lakkuma	l ɑ kː u m ɑ
lammas	l ɑ mː ɑ s
lask	l ɑ s k
laskma	l ɑ s k m ɑ
lastehaigla	l ɑ s t e ɦ ɑ i̯ ɡ̊ l ɑ
lasteprostitutsioon	l ɑ s t e p r o s tʲ i t̚ t u t sʲ i o̯ː n
lauamäng	l ɑ u̯ ɑ m æ ŋ ɡ̊
lauatennis	l ɑ u̯ ɑ t e nʲˑ i s
lauatennisist	l ɑ u̯ ɑ t e nʲˑ i sʲ i s t
laudlina	l ɑ u̯ d̥ lʲ i n ɑ
laukapuu	l ɑ u̯ kˑ ɑ p uː
laulik	l ɑ u̯ lʲ i kˑ
laupäev	l ɑ u̯ b̥ æ e̯ v
laupäev	l ɑ u̯ p p æ e̯ v
laupäeviti	l ɑ u̯ p̚ p æ e̯ v i tʲˑ i
lavendel	l ɑ v e n d̥ e l
laviin	l ɑ v iː n
leegiheitja	l eˑ ɡ̊ i ɦ e i̯ tʲ j ɑ̈
leem	l eː m
leetrid	l eː t r i d̥
lehetäi	l e ɦ e t æ i̯
lehk	l e h k
lehkama	l e h k ɑ m ɑ
lehm	l e hˑ m̥
leht	l e h t
lehtpuu	l e h t p uː
leib	l e i̯ b̥
leidma	l e i̯ d̥ m ɑ
leitnant	l e i̯ t n ɑ n tˑ
leivanuga	l e i̯ v ɑ n u ɡ̊ ɑ
lendama	l e n d̥ ɑ m ɑ
lendav	l e n d̥ ɑ v
lepatriinu	l e pˑ ɑ t r iː n u
leping	l e pˑ i ŋ ɡ̊
leppima	l e pː i m ɑ
lesima	l e sʲ i m ɑ
leukeemia	l e u̯ k eˑ m i ɑ̯
ligikaudu	lʲ i ɡ̊ i k ɑ u̯ d̥ u
liha	lʲ i ɦ ɑ
lihtne	lʲ i h t n e̞
liide	lʲ iˑ d̥ e̞
liigutus	lʲ iˑ ɡ̊ u tˑ u s
liikluspiirang	lʲ iː k l u s p iː r ɑ ŋ ɡ̊
liikuma	lʲ iˑ kˑ u m ɑ
liikumispiirang	lʲ iː kː u m i s p iː r ɑ ŋ ɡ̊
liim	lʲ iː m
liisk	lʲ iː s k
liit	lʲ iˑ tˑ
liitma	lʲ iː t m ɑ
liiv	lʲ iː v
lillevaas	lʲ i lˑ e v ɑː s
lillevaas	lʲ i lˑ e v ɑː sʲ
linastama	lʲ i n ɑ s t ɑ m ɑ
lind	lʲ i n d̥
linlane	lʲ i nː l ɑ n e̞
linnapea	lʲ i nˑ ɑ p e ɑ̯
linnupiim	lʲ i nˑ u p iː m
lintšima	lʲ i n t ʃ i m ɑ
lips	lʲ i p s
lipsusõlm	lʲ i p s u s ɤ lʲ m
literatuur	lʲ i tˑ e r ɑ t t uː r
litši	lʲ i t ʃ i
loeng	l o e̯ ŋ ɡ̊
loik	l o i̯ kˑ
loll	l o lʲː
loome	l oː m e̞
loome	l oˑ m e̞
loss	l o sʲː
lubama	l u b̥ ɑ m ɑ
lugemisprillid	l u ɡ̊ e m i s p r i lʲː i d̥
luide	l u i̯ d̥ e̞
lukustama	l u kˑ u s t ɑ m ɑ
lumememm	l u m e m e mː
lumesadu	l u m e s ɑ d̥ u
lumi	l u m i
luterlik	l u tˑ e r lʲ i kˑ
luu	l uː
luud	l uː d̥
luukere	l uː k e r e̞
luup	l uː pˑ
luuüdi	l uː y d̥ʲ i
läbirääkimine	l æ b̥ i r æː kː i m i n e̞
läbirääkimised	l æ b̥ i r æˑ kˑ i m i s e d̥
läila	l æ i̯ l ɑ
läänelik	l æˑ n e lʲ i kˑ
lääs	l æː s
lõbustuspark	l ɤ b̥ u s t u s p ɑ r kˑ
lõhn	l ɤ hˑ n̥
lõhnama	l ɤ h n ɑ m ɑ
lõks	l ɤ k s
lõng	l ɤ ŋ ɡ̊
lõosilm	l ɤ o̯ sʲ i l m
lõpp	l ɤ pː
lõppjaam	l ɤ pː j ɑ̈ː m
lõpuks	l ɤ pˑ u k s
lõtv	l ɤ tˑ v̥
lõuna	l ɤ u̯ n ɑ
lõõskama	l ɤː s k ɑ m ɑ
lögane	l ø ɡ̊ ɑ n e̞
lühter	l y h t e r
lükantroopia	l y kˑ ɑ n t r oː pː i ɑ̯
lükkama	l y kː ɑ m ɑ
lüüasaamine	l y i̯ː j ɑ̈ s ɑː m i n e̞
maa	m ɑː
maagaas	m ɑː ɡ̊ ɑː s
maagaas	m ɑː ɡ̊ ɑː sʲ
maailmavaade	m ɑː i l m ɑ v ɑː d̥ e̞
maak	m ɑː kˑ
maakaitse	m ɑː k ɑ i̯ t s e̞
maakaitsevägi	m ɑː k ɑ i̯ t s e v æ ɡ̊ i
maakond	m ɑː k o n d̥
maalane	m ɑː l ɑ n e̞
maaler	m ɑː l e r
maamiil	m ɑː m iː l
maantee	m ɑː n t eː
maarahvas	m ɑː r ɑ h v ɑ s
maavägi	m ɑː v æ ɡ̊ i
maavärin	m ɑː v æ r i n
madu	m ɑ d̥ u
magamiskott	m ɑ ɡ̊ ɑ m i s k o tʲː
magamistuba	m ɑ ɡ̊ ɑ m i s t u b̥ ɑ
magus	m ɑ ɡ̊ u s
magusjuur	m ɑ ɡ̊ u s j üː r
mahepiim	m ɑ ɦ e p iː m
mahl	m ɑ hˑ l̥
maht	m ɑ h t
maiasmokk	m ɑ i̯ ɑ s m o kː
maitseaine	m ɑ i̯ t s e ɑ i̯ n e̞
maks	m ɑ k s
maksma	m ɑ k s m ɑ
malend	m ɑ l e n d̥
mall	m ɑ lʲː
mandariin	m ɑ n d̥ ɑ r iː n
mandel	m ɑ n d̥ e l
mandlipiim	m ɑ n d̥ lʲ i p iː m
mandoliin	m ɑ n d̥ o lʲ iː n
maniküür	m ɑ nʲ i kˑ yː r
mardikas	m ɑ r d̥ʲ i kˑ ɑ s
marss	m ɑ r sː
marssima	m ɑ r sʲː i m ɑ
masin	m ɑ sʲ i n
matrjoška	m ɑ t r j o ʃ k ɑ
matus	m ɑ tˑ u s
matš	m ɑ t ʃ
meditsiin	m e d̥ʲ i t sʲ iː n
meditsiiniline	m e d̥ʲ i t sʲ iˑ nʲ i lʲ i n e̞
meditsiiniõde	m e d̥ʲ i t sʲ iˑ nʲ i ɤ d̥ e̞
meduus	m e d̥ uː s
meel	m eː l
meele	m eː l e̞
meele	m eˑ l e̞
meelelahutus	m eː l e l ɑ ɦ u tˑ u s
meelespea	m eː l e s p e ɑ̯
meeletu	m eː l e tˑ u
meem	m eː m
meemäger	m eː m æ ɡ̊ e r
meene	m eː n e̞
meene	m eˑ n e̞
mees	m eː s
meesisik	m eː s i sʲ i kˑ
mehaanik	m e ɦ ɑˑ nʲ i kˑ
merejää	m e r e j æː
meremiil	m e r e m iː l
mererand	m e r e r ɑ n d̥
merevaik	m e r e v ɑ i̯ kˑ
merisiilik	m e r i sʲ iː lʲ i kˑ
metall	m e t ɑ lʲː
metroo	m e t r oː
metspipar	m e t s p i pˑ ɑ r
miilmõõt	m iː l m ɤː tˑ
miks	m i k s
mil	m i l
miljon	m i lʲ j o n
minema	m i n e m ɑ
minibuss	m i nʲ i b̥ u sː
miniseelik	m i nʲ i s eː lʲ i kˑ
ministeerium	m i nʲ i s t eˑ r i u̯ m
minut	m i n u tˑ
misjonär	m i sʲ j o n æ r
mood	m oː d̥
mood	m oː d̥ʲ
moos	m oː s
mootorratas	m oː tː o r r ɑ tˑ ɑ s
mootorratas	m oː tː o r ɑ tˑ ɑ s
mudžahiid	m u d̥ ʒ̊ ɑ ɦ iː d̥
muideks	m u i̯ d̥ e k s
muidugi	m u d̥ʲ u ɡ̊ i
muidugi	m u i̯ d̥ u ɡ̊ i
muinasjutt	m u i̯ n ɑ s j ü tː
muld	m u l d̥
mull	m u lʲː
muna	m u n ɑ
munand	m u n ɑ n d̥
munandikott	m u n ɑ n d̥ʲ i k o tʲː
munavõi	m u n ɑ v ɤ i̯
munk	m u ŋ kˑ
murakas	m u r ɑ kˑ ɑ s
murd	m u r d̥
muru	m u r u
murumuna	m u r u m u n ɑ
muruniiduk	m u r u nʲ iˑ d̥ u kˑ
muskuspart	m u s k u s p ɑ r tˑ
mutt	m u tʲː
muusika	m uˑ sʲ i kˑ ɑ
muusikainstrument	m uˑ sʲ i kˑ ɑ i n s t r u m e nʲ tˑ
muutlik	m uː t lʲ i kˑ
mägi	m æ ɡ̊ i
mälu	m æ l u
mänd	m æ n d̥
mänd	m æ nʲ d̥
märkima	m æ r k i m ɑ
märklaud	m æ r k l ɑ u̯ d̥
määrsõna	m æː r s ɤ n ɑ
mõis	m ɤ i̯ s
mõistus	m ɤ i̯ s t u s
mõjutaja	m ɤ j ü t̚ t ɑ̈ j ɑ̈
mõnikord	m ɤ nʲ i k o r d̥
mõnu	m ɤ n u
mõru	m ɤ r u
mõtlemine	m ɤ t l e m i n e̞
mõõk	m ɤː kˑ
mõõkvaal	m ɤː k v ɑː l
mõõtma	m ɤː t m ɑ
möga	m ø ɡ̊ ɑ
möllama	m ø lː ɑ m ɑ
möödunud	m øː d̥ u n u d̥
müdisema	m y d̥ʲ i s e m ɑ
münt	m y nʲ tˑ
mürgitamine	m y r ɡ̊ i tˑ ɑ m i n e̞
mürisema	m y r i s e m ɑ
mürk	m y r kˑ
mürkseen	m y r k s eː n
müsli	m y s lʲ i
mütoloogia	m y tˑ o l oː ɡ̊ i ɑ̯
müts	m y t s
müts	m y tʲ s
müür	m yː r
naaber	n ɑː b̥ e r
nad	n ɑ d̥
nahhui	n ɑ hː u i̯
naine	n ɑ i̯ n e̞
naiselik	n ɑ i̯ s e lʲ i kˑ
naiselikkus	n ɑ i̯ s e lʲ i kː u s
narkolepsia	n ɑ r k o l e p sʲ i ɑ̯
neelama	n eː l ɑ m ɑ
neer	n eː r
negatiivselt	n e ɡ̊ ɑ t tʲ iː v s e l tˑ
neitsinahk	n e i̯ t sʲ i n ɑ h k
neli	n e lʲ i
nelikümmend	n e lʲ i k y mˑ e n d̥
nelikümmend	n e lʲ i ɡ̊ e n d̥
neljapäev	n e lʲ j ɑ̈ b̥ æ e̯ v
neljapäev	n e lʲ j ɑ̈ p p æ e̯ v
neljateistkümnes	n e lʲ j ɑ̈ t e i̯ s t k y m n e s
nelk	n e lʲ kˑ
nelkpipar	n e l k p i pˑ ɑ r
nemad	n e m ɑ d̥
neutrontäht	n e u̯ t r o n t æ h t
nii	nʲ iː
niidistik	nʲ iː d̥ʲ i s tʲ i kˑ
niiduk	nʲ iˑ d̥ u kˑ
niipea	nʲ iː p e ɑ̯
niisiis	nʲ iː sʲ iː s
niit	nʲ iː tˑ
niitma	nʲ iː t m ɑ
nimetav	nʲ i m e tˑ ɑ v
nimisõna	nʲ i m i s ɤ n ɑ
ning	nʲ i ŋ ɡ̊
nobe	n o b̥ e̞
nohisema	n o ɦ i s e m ɑ
nokamüts	n o kˑ ɑ m y tʲ s
nokk	n o kː
nokkima	n o kː i m ɑ
nokkloom	n o kː l oː m
noku	n o kˑ u
noor	n oː r
nooremleitnant	n oː r e m l e i̯ t n ɑ n tˑ
normaalselt	n o r m ɑː l s e l tˑ
nuga	n u ɡ̊ ɑ
nuhisema	n u ɦ i s e m ɑ
nukuteater	n u kˑ u t e ɑ̯ tˑ e r
null	n u lʲː
nullis	n u lʲˑ i s
number	n u m b̥ e r
nupp	n u pː
nussida	n u sʲː i d̥ ɑ
nutitelefon	n u tʲˑ i t e l e fˑ o n
nägema	n æ ɡ̊ e m ɑ
nägu	n æ ɡ̊ u
näide	n æ i̯ d̥ e̞
näidend	n æ i̯ d̥ e n d̥
näiteks	n æ i̯ tˑ e k s
näkku	n æ kː u
näljane	n æ lʲ j ɑ̈ n e̞
nääre	n æˑ r e̞
nõder	n ɤ d̥ e r
nõges	n ɤ ɡ̊ e s
nõmm	n ɤ mː
nõudepesumasin	n ɤ u̯ d̥ e p e s u m ɑ sʲ i n
nõõ	n ɤː
nööp	n øː pˑ
nöör	n øː r
nüanss	n y ɑ nʲ sː
nülgida	n y lʲ ɡ̊ i d̥ ɑ
nülgima	n y lʲ ɡ̊ i m ɑ
o	oː
oblikas	o b̥ lʲ i kˑ ɑ s
oga	o ɡ̊ ɑ
ohjama	o h j ɑ̈ m ɑ
ohtlikult	o h t lʲ i kˑ u l tˑ
ohutu	o ɦ u tˑ u
okassiga	o kˑ ɑ sʲː i ɡ̊ ɑ
oks	o k s
oksendama	o k s e n d̥ ɑ m ɑ
oktoober	o k t oː b̥ e r
olema	o l e m ɑ
olenema	o l e n e m ɑ
oliivipuu	o lʲ iˑ v i p uː
olukord	o l u k o r d̥
oluline	o l u lʲ i n e̞
omadus	o m ɑ d̥ u s
omadussõna	o m ɑ d̥ u s s ɤ n ɑ
omakasuline	o m ɑ k ɑ s u lʲ i n e̞
omlett	o m l e tʲː
on	o n
on	o nː
onomatopöa	o n o m ɑ tˑ o p p ø ɑ̯
onupoeg	o n u p o e̯ ɡ̊
ooper	oː pː e r
ootama	oː tː ɑ m ɑ
ootamatult	oː tː ɑ m ɑ tˑ u l tˑ
oras	o r ɑ s
org	o r ɡ̊
orhidee	o r h i d̥ eː
orientatsioon	o r i e̯ n t ɑ t sʲ i o̯ː n
orkaan	o r k ɑː n
orkester	o r k e s t e r
oskama	o s k ɑ m ɑ
osoon	o s oː n
ostsillaator	o s t sʲ i l l ɑː tː o r
ots	o t s
otse	o t s e̞
otstarve	o t s t ɑ r v e̞
otsus	o t s u s
otsustama	o t s u s t ɑ m ɑ
otsustamatus	o t s u s t ɑ m ɑ tˑ u s
paanika	p ɑˑ nʲ i kˑ ɑ
paanikahoog	p ɑˑ nʲ i kˑ ɑ ɦ oː ɡ̊
paanikahäire	p ɑˑ nʲ i kˑ ɑ ɦ æ i̯ r e̞
paat	p ɑː tʲˑ
paat	p ɑː tˑ
paaž	p ɑː ʒ̊
pada	p ɑ d̥ ɑ
padjapüür	p ɑ d̥ʲ j ɑ̈ p yː r
pahem	p ɑ ɦ e m
paine	p ɑ i̯ n e̞
paiste	p ɑ i̯ s t e̞
paks	p ɑ k s
palee	p ɑ l eː
paleepööre	p ɑ l eː p øˑ r e̞
palgapäev	p ɑ l ɡ̊ ɑ p æ e̯ v
palitu	p ɑ lʲ i tˑ u
palk	p ɑ l kˑ
palk	p ɑ lʲ kˑ
palmik	p ɑ lʲ m i kˑ
pangakaart	p ɑ ŋ ɡ̊ ɑ k ɑː r tˑ
pank	p ɑ ŋ kˑ
papp	p ɑ pː
park	p ɑ r kˑ
parool	p ɑ r oː l
parukas	p ɑ r u kˑ ɑ s
peaaegu	p e ɑ̯ ɑ e̯ ɡ̊ u
peab	p e ɑ̯ b̥
peaingel	p e ɑ̯ i ŋ ɡ̊ e l
pealagi	p e ɑ̯ l ɑ ɡ̊ i
pealiskaudne	p e ɑ̯ lʲ i s k ɑ u̯ d̥ n e̞
peamine	p e ɑ̯ m i n e̞
peamiselt	p e ɑ̯ m i s e l tˑ
peatuma	p e ɑ̯ t̚ t u m ɑ
peavoolumeedia	p e ɑ̯ v oˑ l u m eː d̥ʲ i ɑ̯
pedantne	p e d̥ ɑ n t n e̞
pediküür	p e d̥ʲ i kˑ yː r
peegel	p eː ɡ̊ e l
peer	p eː r
peitma	p e i̯ t m ɑ
pekk	p e kː
pelmeen	p e l m eː n
pelmeen	p e lʲ m eː n
pensionär	p e n sʲ i o̯ n æ r
perekonnanimi	p e r e k o nˑ ɑ nʲ i m i
perfektne	p e r f e kˑ t n e̞
pesumaja	p e s u m ɑ̈ j ɑ̈
pesumasin	p e s u m ɑ sʲ i n
pesuvahend	p e s u v ɑ ɦ e n d̥
pettuma	p e tː u m ɑ
pidu	p i d̥ u
piibeleht	p iˑ b̥ e l e h t
piiksuma	p iː k s u m ɑ
piim	p iː m
piimahammas	p iˑ m ɑ ɦ ɑ mˑ ɑ s
piin	p iː n
piinama	p iː n ɑ m ɑ
piir	p iː r
piiraja	p iː r ɑ̈ j ɑ̈
piiramatus	p iː r ɑ m ɑ tˑ u s
piiramine	p iː r ɑ m i n e̞
piiramislahing	p iː r ɑ m i s l ɑ ɦ i ŋ ɡ̊
piiramismasin	p iː r ɑ m i s m ɑ sʲ i n
piiramisrõngas	p iː r ɑ m i s r ɤ ŋ ɡ̊ ɑ s
piiramisseisukord	p iː r ɑ m i s s e i̯ s u kˑ o r d̥
piiramistorn	p iː r ɑ m i s t o r n
piirang	p iː r ɑ ŋ ɡ̊
piiratus	p iː r ɑ tˑ u s
piirdumine	p iː r d̥ u m i n e̞
piire	p iː r e̞
piirkond	p iː r k o n d̥
piisk	p iː s k
pilet	p i l e tˑ
pilv	p i l v
pinge	p i ŋ ɡ̊ e̞
pinisema	p i nʲ i s e m ɑ
piraat	p i r ɑː tˑ
pirn	p i r n
pistaatsia	p i s t ɑː t sʲ i ɑ̯
pistaatsiaroheline	p i s t ɑː t sʲ i ɑ̯ r o ɦ e lʲ i n e̞
pitsabaar	p i t s ɑ b̥ ɑː r
pitsajahu	p i t s ɑ j ɑ̈ ɦ u
pitsapoiss	p i t s ɑ p o i̯ sː
planeet	p l ɑ n eː tˑ
plankton	p l ɑ ŋ kˑ t o n
platooniline	p l ɑ t oː nʲ i lʲ i n e̞
pliidiraud	p lʲ iˑ d̥ʲ i r ɑ u̯ d̥
pläru	p l æ r u
poeg	p o e̯ ɡ̊
pohhui	p o hː u i̯
polaarstratosfääripilv	p o l ɑː r s t r ɑ tˑ o s f æˑ r i p i l v
poliitik	p o lʲ iˑ tʲˑ i kˑ
politseiauto	p o lʲ i t s e i̯ ɑ u̯ tˑ o
politseiriik	p o lʲ i t s e i̯ r iː kˑ
polüester	p o l y e s t e r
pomm	p o mː
pommi	p o mː i
pontoonsild	p o n t oː n sʲ i l d̥
pood	p oː d̥ʲ
pool	p oː l
pool	p oː lʲ
poole	p oː l e̞
poolkera	p oː l k e r ɑ
poolteist	p oː l t e i̯ s t
poro	p o r o
positiivselt	p o sʲ i t tʲ iː v s e l tˑ
praegu	p r æ e̯ ɡ̊ u
praegu	p r ɑ e̯ ɡ̊ u
preservatiiv	p r e s e r ʋ ɑ tʲˑ iː ʋ
pressikonverents	p r e sʲˑ i k̚ k o n v e r e n t s
prillid	p r i lʲː i d̥
professionaalne	p r o fˑ e sʲˑ i o̯ n ɑː l n e̞
profülaktika	p r o fˑ y l ɑ kˑ tʲ i kˑ ɑ
programmeerimiskeel	p r o ɡ̊ r ɑ mː eː r i m i s k eː l
prostitutsioon	p r o s tʲ i tˑ u t sʲ i o̯ː n
präänik	p r æˑ nʲ i kˑ
prügikott	p r y ɡ̊ i k o tʲː
psühhoanalüüs	p s y hˑ o ɑ n ɑ l yː s
puhkema	p u h k e m ɑ
puiestee	p u i̯ j e s t eː
pull	p u lʲː
pull	p u lː
pulm	p u l m
puna	p u n ɑ
punakas	p u n ɑ kˑ ɑ s
punane	p u n ɑ n e̞
puri	p u r i
purikas	p u r i kˑ ɑ s
purje	p u r j e̞
puu	p uː
puus	p uː s
puusärk	p uː s æ r kˑ
puutuja	p uː tː ü j ɑ̈
puuvili	p uː v i lʲ i
puuviljamahl	p uː v i lʲ j ɑ̈ m ɑ hˑ l̥
puuviljasalat	p uː v i lʲ j ɑ̈ s ɑ l ɑ tˑ
puuviljavein	p uː v i lʲ j ɑ̈ v e i̯ n
pädema	p æ d̥ e m ɑ
pädev	p æ d̥ e v
päev	p æ e̯ v
päevalill	p æ e̯ v ɑ lʲ i lː
pähkel	p æ h k e l
päikeseprillid	p æ i̯ k̚ k e s e p r i lʲˑ i d̥
päitsed	p æ i̯ t s e d̥
pärastlõuna	p æ r ɑ s t l ɤ u̯ n ɑ
pärdik	p æ r d̥ʲ i kˑ
pärg	p æ r ɡ̊
pärl	p æ r l
pärlmutter	p æ r l m u tː e r
pärlmutterpilv	p æ r l m u tː e r p i l v
pärmseen	p æ r m s eː n
pääsuke	p æˑ s u kˑ e̞
põder	p ɤ d̥ e r
põhi	p ɤ ɦ i
põhikool	p ɤ ɦ i k oː l
põhjatuul	p ɤ h j ɑ̈ t uː l
põld	p ɤ l d̥
põldmurakas	p ɤ l d̥ m u r ɑ kˑ ɑ s
põldvarblane	p ɤ l d̥ v ɑ r b̥ l ɑ n e̞
põlev	p ɤ l e v
põlevkivi	p ɤ l e v k i v i
põlv	p ɤ lʲ v
põlvitama	p ɤ lʲ v i t̚ t ɑ m ɑ
põrand	p ɤ r ɑ n d̥
põrn	p ɤ r n
põrsas	p ɤ r s ɑ s
põsk	p ɤ sʲ kˑ
pöial	p ø i̯ ɑ̯ l
pöök	p øː kˑ
pöör	p øː r
pöördsõna	p øː r d̥ s ɤ n ɑ
pügal	p y ɡ̊ ɑ l
pügala	p y ɡ̊ ɑ l ɑ
pügalat	p y ɡ̊ ɑ l ɑ tˑ
pühakiri	p y ɦ ɑ k i r i
pühamu	p y ɦ ɑ m u
pühapäev	p y ɦ ɑ b̥ æ e̯ v
pühapäev	p y ɦ ɑ p p æ e̯ v
pühapäevakool	p y ɦ ɑ b̥ æ e̯ v ɑ k oː l
pühapäevakool	p y ɦ ɑ b̥ æ e̯ v ɑ k oː lʲ
pühapäevakool	p y ɦ ɑ p p æ e̯ v ɑ k oː l
pühapäevakool	p y ɦ ɑ p p æ e̯ v ɑ k oː lʲ
püramiidskeem	p y r ɑ m iː d̥ s k eː m
püstol	p y s t o l
püttsepp	p y tʲː s e pː
püür	p yː r
raadio	r ɑː d̥ʲ i o̯
raadiojaam	r ɑˑ d̥ʲ i o̯ j ɑ̈ː m
raamatualus	r ɑˑ m ɑ tˑ u ɑ l u s
raamatuarutelu	r ɑˑ m ɑ tˑ u ɑ r u t̚ t e l u
raamatukoguhoidja	r ɑˑ m ɑ tˑ u k o ɡ̊ u ɦ o i̯ d̥ʲ j ɑ̈
raamatupidaja	r ɑˑ m ɑ tˑ u p i d̥ ɑ̈ j ɑ̈
raamaturiiul	r ɑˑ m ɑ tˑ u r iˑ u l
rabamurakas	r ɑ b̥ ɑ m u r ɑ kˑ ɑ s
rabelema	r ɑ b̥ e l e m ɑ
raekoda	r ɑ e̯ k o d̥ ɑ
raha	r ɑ ɦ ɑ
rahastama	r ɑ ɦ ɑ s t ɑ m ɑ
rahaühik	r ɑ ɦ ɑ y ɦ i kˑ
rahuläbirääkimised	r ɑ ɦ u l æ b̥ i r æː kː i m i s e d̥
rahvaarv	r ɑ h v ɑ ɑ r v
rahvademokraatia	r ɑ h v ɑ d̥ e m o k r ɑː tʲˑ i ɑ̯
rahvalaul	r ɑ h v ɑ l ɑ u̯ l
rahvastik	r ɑ h v ɑ s tʲ i kˑ
rahvuspark	r ɑ h v u s p ɑ r kˑ
rahvusvaheline	r ɑ h v u s v ɑ ɦ e lʲ i n e̞
rahvusvaheliselt	r ɑ h v u s v ɑ ɦ e lʲ i s e l tˑ
rakk	r ɑ kː
rakuline	r ɑ kˑ u lʲ i n e̞
rase	r ɑ s e̞
rasedus	r ɑ s e d̥ u s
rasv	r ɑ sˑ v̥
ratas	r ɑ tˑ ɑ s
ratassepp	r ɑ tˑ ɑ s s e pː
ratastool	r ɑ tˑ ɑ s t oː l
ratsionaalselt	r ɑ t sʲ i o̯ n ɑː l s e l tˑ
raudsepp	r ɑ u̯ d̥ s e pː
raudteejaam	r ɑ u̯ d̥ t eː j ɑ̈ː m
rebima	r e b̥ i m ɑ
reede	r eː d̥ e̞
reisijuht	r e i̯ sʲ i j ü h t
reklaam	r e k l ɑː m
relatiivsusteooria	r e l ɑ t ʲ̚ tʲ iː v s u s t e oː r i ɑ̯
religioon	r e lʲ i ɡ̊ i o̯ː n
relvajõud	r e l v ɑ j ɤ u̯ d̥
relvarahu	r e l v ɑ r ɑ ɦ u
resto	r e s t o
riidepuu	r iː d̥ e pˑ uː
riik	r iː kˑ
riiki	r iː kː i
riisikeetja	r iˑ sʲ i k eː tʲ j ɑ̈
riisiko	r iː sʲ i kˑ o
riisipõld	r iˑ sʲ i p ɤ l d̥
riisivein	r iˑ sʲ i v e i̯ n
rikastuma	r i kˑ ɑ s t u m ɑ
rikkuma	r i kː u m ɑ
rikkumine	r i kː u m i n e̞
ringmängulaul	r i ŋ ɡ̊ m æ ŋ ɡ̊ u l ɑ u̯ l
ristimine	r i s tʲ i m i n e̞
ristiusk	r i sʲ tʲ i u s k
ristkülik	r i sʲ t k y lʲ i kˑ
rohi	r o ɦ i
roim	r o i̯ m
romaan	r o m ɑː n
rongijaam	r o ŋ ɡ̊ i j ɑ̈ː m
rosin	r o sʲ i n
rukis	r u kˑ i s
rukkijahu	r u kː i j ɑ̈ ɦ u
rukkilill	r u kː i lʲ i lː
russofoobia	r u sˑ o f oː b̥ i ɑ̯
ruuge	r uː ɡ̊ e̞
ruutmiil	r uː t m iː l
rämps	r æ m p s
räpane	r æ pˑ ɑ n e̞
rätsep	r æ t s e pˑ
rääkida	r æː kː i d̥ ɑ
rääkima	r æː kː i m ɑ
rõivakauplus	r ɤ i̯ v ɑ k ɑ u̯ p l u s
rõivas	r ɤ i̯ v ɑ s
rõske	r ɤ s k e̞
rõõm	r ɤː m
röövima	r øː v i m ɑ
röövimine	r øː v i m i n e̞
rühm	r y hˑ m̥
rühmateooria	r y h m ɑ t e oː r i ɑ̯
rüperaal	r y pˑ e r ɑː l
rüüstama	r yː s t ɑ m ɑ
rüütel	r yː tː e l
saada	s ɑː d̥ ɑ
saada	s ɑˑ d̥ ɑ
saade	s ɑˑ d̥ e̞
saadik	s ɑˑ d̥ʲ i kˑ
saal	s ɑː l
saal	s ɑː lʲ
saalibändi	s ɑˑ lʲ i b̥ æ n d̥ʲ i
saarlane	s ɑː r l ɑ n e̞
saati	s ɑː tʲˑ i
sadomasohhism	s ɑ d̥ o m ɑ s o h h i sˑ m̥
sagar	s ɑ ɡ̊ ɑ r
sahtel	s ɑ h t e l
sahtli	s ɑ h t lʲ i
sahtlit	s ɑ h t lʲ i tˑ
saiake	s ɑ i̯ ɑ kˑ e̞
saiakese	s ɑ i̯ ɑ k̚ k e s e̞
saiakest	s ɑ i̯ ɑ kˑ e s t
saientoloogia	s ɑ i̯ e n t o l oː ɡ̊ i ɑ̯
sajand	s ɑ̈ j ɑ̈ n d̥
saks	s ɑ k s
salvrätik	s ɑ l f r æ t ʲ̚ tʲ i kˑ
salvrätik	s ɑ l v r æ t ʲ̚ tʲ i kˑ
salvrätt	s ɑ l f r æ tʲː
salvrätt	s ɑ l v r æ tʲː
samasugune	s ɑ m ɑ s u ɡ̊ u n e̞
sanskrit	s ɑ n s k r i tˑ
seadma	s e ɑ̯ d̥ m ɑ
see	s eː
seeneteadus	s eː n e t e ɑ̯ d̥ u s
seep	s eː pˑ
seitse	s e i̯ t s e̞
seitsekümmend	s e i̯ t s e k y mˑ e n d̥
seitsekümmend	s e i̯ t s e ɡ̊ e n d̥
seitsmeteistkümnes	s e i̯ t s m e t e i̯ s t k y m n e s
sekretär	s e k r e tˑ æ r
seksuaalne	s e k s u ɑː l n e̞
seksuaalselt	s e k s u ɑː l s e l tˑ
sektor	s e kˑ t o r
selgus	s e l ɡ̊ u s
seljaaju	s e lʲ j ɑ̈ ɑ̈ j ü
seljakotirändur	s e lʲ j ɑ̈ k o tʲˑ i r æ n d̥ u r
senat	s e n ɑ tˑ
sfäär	s f æː r
sibul	sʲ i b̥ u l
sidesõna	sʲ i d̥ e s ɤ n ɑ
sidrunhape	sʲ i d̥ r u n h ɑ pˑ e̞
sidur	sʲ i d̥ u r
siga	sʲ i ɡ̊ ɑ
signaal	sʲ i ɡ̊ n ɑː l
sild	sʲ i l d̥
silmakirjatsema	sʲ i l m ɑ k i r j ɑ̈ t s e m ɑ
siluett	sʲ i l u e tʲː
sinikas	sʲ i nʲ i kˑ ɑ s
sipelgasiil	sʲ i pˑ e l ɡ̊ ɑ sʲ iː l
sirge	sʲ i r ɡ̊ e̞
sirp	sʲ i r pˑ
sisalik	sʲ i s ɑ lʲ i kˑ
sisestama	sʲ i s e s t ɑ m ɑ
situatsioon	sʲ i tˑ u ɑ t sʲ i o̯ː n
skelett	s k e l e tʲː
skisofreenia	s k i s o f r eː nʲ i ɑ̯
skorpion	s k o r p i o̯ n
sokk	s o kː
soldat	s o l d̥ ɑ tˑ
solvang	s o l v ɑ ŋ ɡ̊
somm	s o mː
soojus	s oː j ü s
soolama	s oː l ɑ m ɑ
soome	s oː m e̞
soomlane	s oː m l ɑ n e̞
soovima	s oː v i m ɑ
soum	s o u̯ m
stratosfäär	s t r ɑ tˑ o s f æː r
stratosfäärilend	s t r ɑ tˑ o s f æˑ r i l e n d̥
suguküpsus	s u ɡ̊ u k y p s u s
sugunääre	s u ɡ̊ u n æˑ r e̞
suguti	s u ɡ̊ u tʲˑ i
suhteliselt	s u h s e l tˑ
suhteliselt	s u h t e lʲ i s e l tˑ
suhteliselt	s u h t s e l tˑ
suhtkoht	s u h t k o h t
suitsetama	s u i̯ t s e t̚ t ɑ m ɑ
suletud	s u l e tˑ u d̥
sumu	s u m u
sundima	s u n d̥ʲ i m ɑ
sunduslik	s u nʲ d̥ u s lʲ i kˑ
sunduslikkus	s u nʲ d̥ u s lʲ i kː u s
supermarket	s u pˑ e r m ɑ r k e tˑ
surelik	s u r e lʲ i kˑ
surnuaed	s u r n u ɑ e̯ d̥
surnukeha	s u r n u k e ɦ ɑ
sutenöör	s u tˑ e n øː r
suudlema	s uː d̥ l e m ɑ
suutma	s uː t m ɑ
suvepuhkus	s u v e p u h k u s
säilitama	s æ i̯ lʲ i t̚ t ɑ m ɑ
säilitus	s æ i̯ lʲ i tˑ u s
säilitusaine	s æ i̯ lʲ i tˑ u s ɑ i̯ n e̞
särg	s æ r ɡ̊
särtsuauto	s æ r t s u ɑ u̯ tˑ o
säutsuma	s æ u̯ t s u m ɑ
säär	s æː r
sõge	s ɤ ɡ̊ e̞
sõiduk	s ɤ i̯ d̥ u kˑ
sõiduriist	s ɤ i̯ d̥ u r iː s t
sõir	s ɤ i̯ r
sõit	s ɤ i̯ tˑ
sõitma	s ɤ i̯ t m ɑ
sõjavägi	s ɤ j ɑ̈ v æ ɡ̊ i
sõltumatu	s ɤ l t u m ɑ tˑ u
sõna	s ɤ n ɑ
sõnaraamat	s ɤ n ɑ r ɑˑ m ɑ tˑ
sõnaraamatu	s ɤ n ɑ r ɑˑ m ɑ tˑ u
sõnastik	s ɤ n ɑ s tʲ i kˑ
sõnum	s ɤ n u m
sõsar	s ɤ s ɑ r
sööma	s øː m ɑ
söör	s øː r
sööstma	s øː s t m ɑ
südamekujuline	s y d̥ ɑ m e k ü j ü lʲ i n e̞
sügavalt	s y ɡ̊ ɑ v ɑ l tˑ
sülitama	s y lʲ i t̚ t ɑ m ɑ
sündima	s y nʲ d̥ʲ i m ɑ
sünna	s y nʲː ɑ
sünnipäevalaps	s y nʲˑ i p æ e̯ v ɑ l ɑ p s
sünnitus	s y nʲː i tˑ u s
sünnitushaigla	s y nʲː i tˑ u s h ɑ i̯ ɡ̊ l ɑ
sünonüüm	s y n o n yː m
sünonüümne	s y n o n yː m n e̞
sürr	s y rː
süsihape	s y sʲ i ɦ ɑ pˑ e̞
süsihappegaas	s y sʲ i ɦ ɑ pː e ɡ̊ ɑː s
süvameri	s y v ɑ m e r i
süü	s yː
taanduma	t ɑː n d̥ u m ɑ
tabu	t ɑ b̥ u
tagama	t ɑ ɡ̊ ɑ m ɑ
tagasi	t ɑ ɡ̊ ɑ sʲ i
tagastama	t ɑ ɡ̊ ɑ s t ɑ m ɑ
tagasõna	t ɑ ɡ̊ ɑ s ɤ n ɑ
taie	t ɑ i̯ e̞
taiet	t ɑ i̯ e tˑ
taimekaitsemürk	t ɑ i̯ m e k ɑ i̯ t s e m y r kˑ
taimeperekond	t ɑ i̯ m e p e r e k o n d̥
taimetoitlane	t ɑ i̯ m e t o i̯ t l ɑ n e̞
takjas	t ɑ k j ɑ̈ s
takk	t ɑ kː
taldrik	t ɑ l d̥ r i kˑ
tallama	t ɑ lː ɑ m ɑ
talv	t ɑ lʲ v
tana	t ɑ n ɑ
tantsupõrand	t ɑ n t s u p ɤ r ɑ n d̥
taotlema	t ɑ o̯ t l e m ɑ
tapatalgud	t ɑ pˑ ɑ t ɑ l ɡ̊ u d̥
tapma	t ɑ p m ɑ
tapper	t ɑ pː e r
taristu	t ɑ r i s t u
tarkusehammas	t ɑ r k u s e ɦ ɑ mˑ ɑ s
tarkvaraarendaja	t ɑ r k v ɑ r ɑ ɑ r e n d̥ ɑ̈ j ɑ̈
tatari	t ɑ tˑ ɑ r i
tavaliselt	t ɑ v ɑ lʲ i s e l tˑ
teab	t e ɑ̯ b̥
teada	t e ɑ̯ d̥ ɑ
teadja	t e ɑ̯ d̥ʲ j ɑ̈
teadlik	t e ɑ̯ d̥ lʲ i kˑ
teadma	t e ɑ̯ d̥ m ɑ
teaduslikult	t e ɑ̯ d̥ u s lʲ i kˑ u l tˑ
teemaväline	t eˑ m ɑ v æ lʲ i n e̞
teetass	t eː t ɑ sʲː
tegevusnimi	t e ɡ̊ e v u s nʲ i m i
tegevuspiirang	t e ɡ̊ e v u s p iː r ɑ ŋ ɡ̊
tegusõna	t e ɡ̊ u s ɤ n ɑ
tehas	t e ɦ ɑ s
tehe	t e ɦ e̞
teine	t e i̯ n e̞
teisipäev	t e i̯ sʲ i b̥ æ e̯ v
teisipäev	t e i̯ sʲ i p p æ e̯ v
tekiila	t e k k iˑ l ɑ
teksad	t e k s ɑ d̥
telefoninumber	t e l e f̚ f o nʲ i n u m b̥ e r
telefoniraamat	t e l e f̚ f o nʲ i r ɑˑ m ɑ tˑ
telefoniseks	t e l e f̚ f o nʲ i s e k s
teleskoop	t e l e s k oː pˑ
televiisor	t e l e v iː s o r
tellima	t e lʲː i m ɑ
tellis	t e lʲˑ i s
telliskivi	t e lʲˑ i s k i v i
tennisist	t e nʲˑ i sʲ i s t
teoksil	t e o̯ k sʲ i l
teooria	t e oː r i ɑ̯
teras	t e r ɑ s
terav	t e r ɑ v
teravili	t e r ɑ v i lʲ i
tere	t e r e̞
termokeemia	t e r m o k eː m i ɑ̯
teurgia	t e u r ɡ̊ i ɑ̯
tibla	tʲ i b̥ l ɑ
tiiger	tʲ iː ɡ̊ e r
tikand	tʲ i kˑ ɑ n d̥
tikk	tʲ i kː
tikker	tʲ i kː e r
tilkuma	tʲ i l k u m ɑ
till	tʲ i lː
till	tʲ i lːʲ
tint	tʲ i n tˑ
tint	tʲ i nʲ tˑ
tipp	tʲ i pː
tiss	tʲ i sʲː
tobe	t o b̥ e̞
tohhujaa	t o hː ü j ɑ̈ː
toimingupiirang	t o i̯ m i ŋ ɡ̊ u p iː r ɑ ŋ ɡ̊
toituma	t o i̯ t̚ t u m ɑ
tollipiirang	t o lʲː i p iː r ɑ ŋ ɡ̊
tolmuhari	t o l m u ɦ ɑ r i
tolmuimeja	t o l m u i m e j ɑ̈
tolmukott	t o l m u k o tʲː
tomat	t o m ɑ tˑ
tomatimahl	t o m ɑ tʲˑ i m ɑ hˑ l̥
too	t oː
toonekurg	t oː n e k u r ɡ̊
toonela	t oˑ n e l ɑ
trahv	t r ɑ hˑ v̥
transseksuaalsus	t r ɑ n s s e k s u ɑː l s u s
trend	t r e nʲ d̥
trepp	t r e pː
triikimislaud	t r iː kː i m i s l ɑ u̯ d̥
triljon	t r i lʲ j o n
trollibuss	t r o lʲˑ i b̥ u sʲː
tsaar	t s ɑː r
tsau	t s ɑ u̯
tsau	t sʲ ɑ u̯
tsau	t ʃ ɑ u̯
tsement	t s e m e n tˑ
tsensuur	t s e n s uː r
tsink	t sʲ i ŋ kˑ
tsoon	t s oː n
tudeng	t u d̥ e ŋ ɡ̊
tugevalt	t u ɡ̊ e v ɑ l tˑ
tugitool	t u ɡ̊ i t oː l
tugitool	t u ɡ̊ i t oː lʲ
tuhnima	t u h nʲ i m ɑ
tuisk	t u i̯ s k
tuiskama	t u i̯ s k ɑ m ɑ
tulekahju	t u l e k ɑ h j ü
tulekustuti	t u l e k u s t u tʲˑ i
tulemägi	t u l e m æ ɡ̊ i
tuletikk	t u l e t ʲ̚ tʲ i kː
tuletorn	t u l e t o r n
tundma	t u n d̥ m ɑ
tunne	t u nˑ e̞
tunnus	t u nː u s
tursk	t u r s k
tuul	t uː l
tuuletasku	t uˑ l e t ɑ s k u
tuumaelektrijaam	t uˑ m ɑ e l e kˑ t r i j ɑ̈ː m
tuumaelektrijaama	t uˑ m ɑ e l e kˑ t r i j ɑ̈ː m ɑ
tuumaelektrijaama	t uˑ m ɑ e l e kˑ t r i j ɑ̈ˑ m ɑ
tuumapomm	t uˑ m ɑ p o mː
tuumarelv	t uˑ m ɑ r e l v
tuumasõda	t uˑ m ɑ s ɤ d̥ ɑ
tuus	t uː s
tuvi	t u v i
tähestik	t æ ɦ e s tʲ i kˑ
täheteadus	t æ ɦ e t e ɑ̯ d̥ u s
tähistama	t æ ɦ i s t ɑ m ɑ
täht	t æ h t
täisarv	t æ i̯ s ɑ r v
täiskasvanu	t æ i̯ s k ɑ s v ɑ n u
täiuslik	t æ i̯ u̯ s lʲ i kˑ
täna	t æ n ɑ
tänan	t æ n ɑ n
tänavalaps	t æ n ɑ v ɑ l ɑ p s
täpp	t æ pː
täpselt	t æ p s e l tˑ
täring	t æ r i ŋ ɡ̊
tätoveering	t æ tˑ o v eˑ r i ŋ ɡ̊
tõeline	t ɤ e̯ lʲ i n e̞
tõeliselt	t ɤ e̯ lʲ i s e l tˑ
tõendama	t ɤ e̯ n d̥ ɑ m ɑ
tõenäolisus	t ɤ e̯ n æ o̯ lʲ i s u s
tõestama	t ɤ e̯ s t ɑ m ɑ
tõesti	t ɤ e̯ s tʲ i
tõlk	t ɤ lʲ kˑ
tõlkima	t ɤ lʲ k i m ɑ
tõlkimine	t ɤ lʲ k i m i n e̞
tõmblukk	t ɤ m b̥ l u kː
tõrvama	t ɤ r v ɑ m ɑ
tõsi	t ɤ sʲ i
tõstma	t ɤ s t m ɑ
tõuk	t ɤ u̯ kˑ
tõukeratas	t ɤ u̯ kˑ e r ɑ tˑ ɑ s
tökat	t ø kˑ ɑ tˑ
töö	t øː
töökoda	t øː kː o d̥ ɑ
tööriist	t øː r iː s t
tööriistakomplekt	t øː r iː s t ɑ kˑ o m p l e kˑ t
tööriistariba	t øː r iː s t ɑ r i b̥ ɑ
töötaja	t øː tː ɑ̈ j ɑ̈
tütar	t y tˑ ɑ r
tüümian	t yː m i ɑ̯ n
tšeburekk	t ʃ e b̥ u r e kː
tšekk	t ʃ e kː
tšellist	t ʃ e l lʲ i s t
tšello	t ʃ e lˑ o
ubinale	u b̥ i n ɑ l e̞
ubinalt	u b̥ i n ɑ l tˑ
ubinasse	u b̥ i n ɑ sː e̞
ubinat	u b̥ i n ɑ tˑ
udu	u d̥ u
uhkelt	u h k e l tˑ
uisutamine	u i̯ s u t̚ t ɑ m i n e̞
ujuksild	ü j ü k sʲ i l d̥
ujuma	ü j ü m ɑ
uksekell	u k s e k e lː
ulme	u l m e̞
umbrohi	u m b̥ r o ɦ i
umbtee	u m b̥ t eː
unenägu	u n e n æ ɡ̊ u
unistus	u nʲ i s t u s
universaalne	u nʲ i v e r s ɑː l n e̞
usklik	u s k lʲ i kˑ
uss	u sʲː
uulits	uˑ lʲ i t s
vaablane	v ɑː b̥ l ɑ n e̞
vaar	v ɑː r
vaas	v ɑː s
vaatama	v ɑː tˑ ɑ m ɑ
vaatlema	v ɑː t l e m ɑ
vaatlus	v ɑː t l u s
vaba	v ɑ b̥ ɑ
vabadus	v ɑ b̥ ɑ d̥ u s
vabalt	v ɑ b̥ ɑ l tˑ
vabamüürlane	v ɑ b̥ ɑ m yː r l ɑ n e̞
vabatahtlik	v ɑ b̥ ɑ t ɑ h t lʲ i kˑ
vabatahtlikult	v ɑ b̥ ɑ t ɑ h t lʲ i kˑ u l tˑ
vadak	v ɑ d̥ ɑ kˑ
vadja	v ɑ d̥ʲ j ɑ̈
vaen	v ɑ e̯ n
vaesus	v ɑ e̯ s u s
vaesuspiir	v ɑ e̯ s u s p iː r
vagu	v ɑ ɡ̊ u
vahel	v ɑ ɦ e l
vaheldama	v ɑ ɦ e l d̥ ɑ m ɑ
vaher	v ɑ ɦ e r
vahetama	v ɑ ɦ e t̚ t ɑ m ɑ
vahetusõpilane	v ɑ ɦ e tˑ u s ɤ pˑ i l ɑ n e̞
vahvel	v ɑ h v e l
vaik	v ɑ i̯ kˑ
vaim	v ɑ i̯ m
vaip	v ɑ i̯ pˑ
vajuma	v ɑ̈ j ü m ɑ
vaksal	v ɑ k s ɑ l
valamu	v ɑ l ɑ m u
valetama	v ɑ l e t̚ t ɑ m ɑ
valge	v ɑ l ɡ̊ e̞
valgusaasta	v ɑ l ɡ̊ u s ɑː s t ɑ
valgusfoor	v ɑ l ɡ̊ u s f oː r
valguskiir	v ɑ l ɡ̊ u s k iː r
valm	v ɑ lʲ m
valukoda	v ɑ l u kˑ o d̥ ɑ
valuuta	v ɑ l uˑ tˑ ɑ
vampiir	v ɑ m p iː r
vanaema	v ɑ n ɑ e m ɑ
vanahärra	v ɑ n ɑ ɦ æ rˑ ɑ
vanaisa	v ɑ n ɑ i s ɑ
vanasõna	v ɑ n ɑ s ɤ n ɑ
vandaal	v ɑ n d̥ ɑː l
vandaali	v ɑ n d̥ ɑː lʲ i
vandaali	v ɑ n d̥ ɑˑ lʲ i
vandaalitsema	v ɑ n d̥ ɑˑ lʲ i t s e m ɑ
vandenõuteooria	v ɑ n d̥ e n ɤ u̯ tˑ e oː r i ɑ̯
vanduma	v ɑ n d̥ u m ɑ
vangla	v ɑ ŋ ɡ̊ l ɑ
vannituba	v ɑ nʲˑ i t u b̥ ɑ
vanusepiir	v ɑ n u s e p iː r
vanusepiirang	v ɑ n u s e p iˑ r ɑ ŋ ɡ̊
vapper	v ɑ pː e r
vapsik	v ɑ p sʲ i kˑ
varbaküüs	v ɑ r b̥ ɑ k yː s
varblane	v ɑ r b̥ l ɑ n e̞
vares	v ɑ r e s
vargus	v ɑ r ɡ̊ u s
varjupaik	v ɑ r j ü p ɑ i̯ kˑ
varras	v ɑ rˑ ɑ s
vars	v ɑ r s
vasak	v ɑ s ɑ kˑ
vasakum	v ɑ s ɑ kˑ u m
vasar	v ɑ s ɑ r
vasem	v ɑ s e m
vasikaliha	v ɑ sʲ i kˑ ɑ lʲ i ɦ ɑ
vasikas	v ɑ sʲ i kˑ ɑ s
vastama	v ɑ s t ɑ m ɑ
vastlad	v ɑ s t l ɑ d̥
vastuluure	v ɑ s t u l uˑ r e̞
vastupidavus	v ɑ s t u p i d̥ ɑ v u s
vatitekk	v ɑ tʲˑ i t e kː
vatnik	v ɑ tʲ nʲ i kˑ
veatu	v e ɑ̯ tˑ u
vedel	v e d̥ e l
vedelik	v e d̥ e lʲ i kˑ
vedur	v e d̥ u r
veekeetja	v eː k eː tʲ j ɑ̈
veider	v e i̯ d̥ e r
veidrat	v e i̯ d̥ r ɑ tˑ
vein	v e i̯ n
veinibaar	v e i̯ nʲ i b̥ ɑː r
veiniklaas	v e i̯ nʲ i k l ɑː s
veinipudel	v e i̯ nʲ i p u d̥ e l
veltveebel	v e l t v eː b̥ e l
vennapoeg	v e nˑ ɑ p o e̯ ɡ̊
vennatütar	v e nˑ ɑ t y tˑ ɑ r
veoauto	v e o̯ ɑ u̯ tˑ o
verd	v e r d̥
vere	v e r e̞
veri	v e r i
vermut	v e r m u tˑ
vettima	v e tʲˑ i m ɑ
viga	v i ɡ̊ ɑ
vigle	v i ɡ̊ l e̞
vihakõne	v i ɦ ɑ k ɤ n e̞
vihaselt	v i ɦ ɑ s e l tˑ
vihm	v i hˑ m̥
vihmamets	v i h m ɑ m e t s
vihmane	v i h m ɑ n e̞
vihmapiisk	v i h m ɑ p iː s k
vihmavari	v i h m ɑ v ɑ r i
viibima	v iː b̥ i m ɑ
viieteistkümnes	v iː j e t e i̯ s t k y m n e s
viinakuu	v iˑ n ɑ k uː
viipekeel	v iː pː e k eː l
viir	v iː r
viirus	v iː r u s
viis	v iː s
viis	v iː sʲ
viiskümmend	v iː s k e n d̥
viiskümmend	v iː s k y mˑ e n d̥
vikat	v i kˑ ɑ tˑ
vikatimees	v i kˑ ɑ tʲ i m eː s
vikerkaar	v i kˑ e r k ɑː r
vili	v i lʲ i
vimm	v i mː
vintpüss	v i nʲ t p y sː
virmalised	v i r m ɑ lʲ i s e d̥
voodi	v oː d̥ʲ i
voodilina	v oː d̥ʲ i lʲ i n ɑ
voodilutikas	v oː d̥ʲ i l u tʲˑ i k ɑ s
voog	v oː ɡ̊
voogedastama	v oː ɡ̊ e d̥ ɑ s t ɑ m ɑ
vorst	v o r s t
vulkaan	v u l k ɑː n
vundament	v u n d̥ ɑ m e nʲ tˑ
väga	v æ ɡ̊ ɑ
vägev	v æ ɡ̊ e v
vägi	v æ ɡ̊ i
vägistama	v æ ɡ̊ i s t ɑ m ɑ
vähemalt	v æ ɦ e m ɑ l tˑ
vähk	v æ h k
väike	v æ i̯ kˑ e̞
välismaa	v æ lʲ i s m ɑː
väljakutse	v æ lʲ j ɑ̈ k u t s e̞
väljapressimine	v æ lʲ j ɑ̈ p r e sʲː i m i n e̞
väravavaht	v æ r ɑ v ɑ v ɑ h t
värk	v æ r kˑ
värv	v æ r v
väsimus	v æ sʲ i m u s
väsinud	v æ sʲ i n u d̥
västrik	v æ s t r i kˑ
väärjumal	v æː r j ü m ɑ l
väärt	v æː r tˑ
väärtushinnang	v æː r t u s h i nˑ ɑ ŋ ɡ̊
väävelhape	v æː v e l h ɑ pˑ e̞
võileib	v ɤ i̯ l e i̯ b̥
võileiba	v ɤ i̯ l e i̯ b̥ ɑ
võileiva	v ɤ i̯ l e i̯ v ɑ
võim	v ɤ i̯ m
võitlus	v ɤ i̯ t l u s
võitma	v ɤ i̯ t m ɑ
võrk	v ɤ r kˑ
võti	v ɤ tʲˑ i
võtma	v ɤ t m ɑ
võtta	v ɤ tː ɑ
võõras	v ɤˑ r ɑ s
võõrastemaja	v ɤˑ r ɑ s t e m ɑ̈ j ɑ̈
võõrkeelne	v ɤː r k eː l n e̞
vöökoht	v øː k o h t
vöönd	v øː n d̥
vürts	v y r t s
vürtsaine	v y r t s ɑ i̯ n e̞
vürtspipar	v y r t s p i pˑ ɑ r
youtuber	j üː tʲ j üː b̥ e r
Öland	øː l ɑ n d̥
Öpik	ø pˑ i kˑ
ädal	æ d̥ ɑ l
ähvardama	æ h v ɑ r d̥ ɑ m ɑ
äi	æ i̯
ämblik	æ m b̥ lʲ i kˑ
ämblikuvõrk	æ m b̥ lʲ i kˑ u v ɤ r kˑ
ämm	æ mː
äriline	æ r i lʲ i n e̞
ärkama	æ r k ɑ m ɑ
äsja	æ sʲ j ɑ̈
äärelinn	æˑ r e lʲ i nˑ
õde	ɤ d̥ e̞
õepoeg	ɤ e̯ p o e̯ ɡ̊
õetütar	ɤ e̯ t y tˑ ɑ r
õgima	ɤ ɡ̊ i m ɑ
õhtu	ɤ h t u
õhtukleit	ɤ h t u k l e i̯ tˑ
õhtusöök	ɤ h t u s øː kˑ
õhtuti	ɤ h t u tʲˑ i
õhupall	ɤ ɦ u p ɑ lʲː
õietolm	ɤ i̯ e t o l m
õigekeelsus	ɤ i̯ ɡ̊ e k eː l s u s
õigekeelsussõnaraamat	ɤ i̯ ɡ̊ e k eː l s u s s ɤ n ɑ r ɑˑ m ɑ tˑ
õigusriik	ɤ i̯ ɡ̊ u s r iː kˑ
õlg	ɤ l ɡ̊
õlikaste	ɤ lʲ i k ɑ s t e̞
õllekõht	ɤ lˑ e k ɤ h t
õlletehas	ɤ lˑ e t e ɦ ɑ s
õmbleja	ɤ m b̥ l e j ɑ̈
õmblema	ɤ m b̥ l e m ɑ
õmblusmasin	ɤ m b̥ l u s m ɑ sʲ i n
õnnelik	ɤ nˑ e lʲ i kˑ
õnnelikult	ɤ nˑ e lʲ i kˑ u l tˑ
õnnetult	ɤ nˑ e tˑ u l tˑ
õpetama	ɤ pˑ e t ɑ m ɑ
õpik	ɤ pˑ i kˑ
õpilane	ɤ pˑ i l ɑ n e̞
õppima	ɤ pː i m ɑ
õrnus	ɤ r n u s
õud	ɤ u̯ d̥
õudne	ɤ u̯ d̥ n e̞
õueaiamaa	ɤ u̯ e ɑ i̯ ɑ m ɑː
õun	ɤ u̯ n
õunapuu	ɤ u̯ n ɑ p p uː
õunapuu	ɤ u̯ n ɑ p uː
ödeem	ø d̥ eː m
öelda	ø e̯ l d̥ ɑ
ökonoomika	ø kˑ o n oˑ m i kˑ ɑ
ööaeg	øː ɑ e̯ ɡ̊
ööbima	øː b̥ i m ɑ
ööelu	øː e l u
öökima	øː kː i m ɑ
öölaud	øː l ɑ u̯ d̥
ööp	øː pˑ
ööpääsuke	øː p æˑ s u kˑ e̞
öösorr	øː s o rː
öösärk	øː s æ r kˑ
üdi	y d̥ʲ i
üheksa	y ɦ e k s ɑ
üheksa	ø e̯ k s ɑ
üheksa	ø ɦ e k s ɑ
üheksakümmend	y ɦ e k s ɑ k y mˑ e n d̥
üheksakümmend	ø e k s ɑ ɡ̊ e n d̥
üheksakümmend	ø h e k s ɑ ɡ̊ e n d̥
üheksateist	ø ɦ e k s ɑ t e i̯ s t
üheksateistkümnendik	ø ɦ e k s ɑ t e i̯ s t k y m n e n d̥ʲ i kˑ
üheksateistkümnene	y ɦ e k s ɑ t e i̯ s t k y m n e n e̞
üheksateistkümnes	ø ɦ e k s ɑ t e i̯ s t k y m n e s
ühik	y ɦ i kˑ
ühikas	y ɦ i kˑ ɑ s
ühiskondlik	y ɦ i s k o n d̥ lʲ i kˑ
ühistransport	y ɦ i s t r ɑ n s p o r tˑ
üks	y k s
üksi	y k sʲ i
üksteist	y k s t e i̯ s t
ülane	y l ɑ n e̞
ülbe	y l b̥ e̞
üldse	y l d̥ s e̞
ülekäik	y l e k æ i̯ kˑ
ülem	y l e m
üles	y l e s
ülevenemaaline	y l e v e n e m ɑː lʲ i n e̞
üliõpilane	y lʲ i ɤ pˑ i l ɑ n e̞
üllatama	y lˑ ɑ t̚ t ɑ m ɑ
üllatuma	y lˑ ɑ t̚ t u m ɑ
üllatunud	y lˑ ɑ t̚ t u n u d̥
ümar	y m ɑ r
ümberlõikamine	y m b̥ e r l ɤ i̯ kˑ ɑ m i n e̞
üpsilon	y p sʲ i l o n
üritama	y r i t̚ t ɑ m ɑ
üritus	y r i tˑ u s
ürt	y r tˑ
üsna	y s n ɑ
üterbium	y t t e r b̥ i u m
üterbium	y t t e r b̥ i u̯ m
ütlema	y t l e m ɑ
ütlev	y t l e v
ütrium	y t r i u m
ütrium	y t r i u̯ m
üür	yː r
üürikorter	yˑ r i k o r t e r
Šoti	ʃ o tʲˑ i
šaakal	ʃ ɑː kː ɑ l
šampinjon	ʃ ɑ m p i nʲ j o n
šampoon	ʃ ɑ m p oː n
šantaaž	ʃ ɑ n t ɑː ʒ̊
šašlõkk	ʃ ɑ ʃ l ɤ kː
šeik	ʃ e i̯ kˑ
šnautser	ʃ n ɑ u̯ t s e r
šokk	ʃ o kː
šokolaad	ʃ o kˑ o l ɑː d̥
žaboo	ʒ̊ ɑ b̥ oː
žanr	ʒ̊ ɑ n r
žest	ʒ̊ e s t
žürii	ʒ̊ y r iː
