abacas	a bˠ ə k ə sˠ
abairte	a bˠ ə ɾʲ tʲ ə
abairtí	ɑ bˠ ə ɾʲ tʲ iː
abairtí	a bˠ ə ɾʲ tʲ iː
abairtí	ɑ bˠ ə ɾʲ tʲ iː
abairtí	a bˠ ə ɾʲ tʲ i
abarthar	a bˠ ə ɾˠ h ə ɾˠ
abhaile	ə w aː lʲ ə
abraimid	a bˠ ɾˠ ə mʲ ə dʲ
abrair	a bˠ ɾˠ ə ɾʲ
ach	aː x
achoimre	a x ɪ mʲ ɾʲ ə
acu	ɑ k ə bˠ
acu	aː k ə bˠ
acu	aː pˠ ə k
adhairc	e i ɾʲ c
adhairce	e i ɾʲ c ɪ
adharc	ɑ i ə̯ ɾˠ k
adhlacóir	ə i l̪ˠ ə k oː ɾʲ
adhlacóir	ə i l̪ˠ ə k oː ɾʲ
adhlacóir	ə i l̪ˠ ə k ɔ ɾʲ
admháil	a d̪ˠ v ɑ̃ː i̯ lʲ tʲ
aduaidh	ə d̪ˠ u ə ɟ
aduaidh	ə d̪ˠ u ə j
aduaidh	ə d̪ˠ u ə
aer	ɛː ɾˠ
agaibh	ɑ ɡ iː
agaibh	aː ɡ iː
againn	aː ɡ ə n̠ʲ
againn	æː n̠ʲ
agallamh	a ɡ ə lˠ ə vˠ
agallamh	a ɡ ə lˠ uː
agallamh	a ɡ ə lˠ u
agam	aː ɡ ə mˠ
agam	aː mˠ
agat	aː ɡ ə d̪ˠ
agat	aː d̪ˠ
aicearra	æː c ə ɾˠ ə
aicmí	a c mʲ iː
Aifreann	æː fʲ ɾʲ ə n̪ˠ
aigne	æː ɟ nʲ ə
aimsir	æː mʲ ʃ ə ɾʲ
aimsire	æː mʲ ʃ ə ɾʲ ə
Aindriais	aː nˠ rˠ æ ʃ
Aindrias	aː nˠ rˠ a sˠ
aineolaí	aː n̪ˠ oː l̪ˠ iː
ainfheoil	a nˠ ɔ i̯ lʲ
ainm	æː nʲ ə mʲ
ainmfhocal	a nʲ ə mʲ ɔ k ə l̪ˠ
ainneoin	ə nʲ õː i̯ nʲ
ainrialaí	a nʲ ɾˠ i ə lˠ iː
áintín	ɑː nʲ tʲ iː nʲ
airdí	aː ɾˠ dʲ iː
airgead	æː ɾʲ ɪ ɟ ə d̪ˠ
airgid	aː ɾʲ ə ɟ ɪ dʲ
áiteanna	ɑː tʲ ə n̪ˠ ə
áith	ãː i̯ ç
áithe	ãː i̯ ç ə
aithin	æː nʲ
aithne	æː nʲ ə
aithníonn	æː nʲ iː n̪ˠ
almanag	ɑ lˠ ə m ə n ə ɡ
almanag	ɑ lˠ m ə n ə ɡ
almanag	a lˠ ə m ə n ə k
almanag	a lˠ m ə n ə k
altair	a l̪ˠ t̪ˠ ə ɾʲ
altar	a l̪ˠ t̪ˠ ə ɾˠ
altú	aː l̪ˠ t̪ˠ uː
ama	ɑ mˠ ə
ama	a mˠ ə
amadáin	ɑ mˠ ə d̪ˠ ɑː nʲ
amadáin	a mˠ ə d̪ˠ ɑː nʲ
amadáin	a mˠ ə d̪ˠ æ nʲ
amadán	aː mˠ ə d̪ˠ ɑː n̪ˠ
amadána	a m ə d ɑː n ə
amadána	a m ə d ɑː n ə
amais	a mˠ ə ʃ
amas	a mˠ ə sˠ
amháin	ə v ɑ̃ː i̯ nʲ
amhairc	aː fˠ ə ɾʲ c
amhairc	aː fˠ ɾˠ ɪ c
amharc	aː fˠ ə ɾˠ k
amharc	aː fˠ ɾˠ ə k
anlann	ɑ̃ ũ n̪ˠ l̪ˠ ə n̪ˠ
anraith	aː nˠ rˠ ɪ
ansan	ə n̪ˠ sˠ a n̪ˠ
anseo	ə d̠ʲ ʃ o
aoirde	ɪː ɾˠ dʲ ɪ̽
aos	eː sˠ
aos	iː sˠ
aosa	eː sˠ ə
aosa	iː sˠ ə
Araib	a ɾˠ ə bʲ
Araibis	a ɾˠ ə bʲ ə ʃ
arán	ə ɾˠ ɑ̃ː n̪ˠ
armais	a ɾˠ ə mˠ ə ʃ
armais	a ɾˠ mˠ ə ʃ
armas	a ɾˠ ə mˠ ə sˠ
armas	a ɾˠ mˠ ə sˠ
asal	aː sˠ ə l̪ˠ
ascaill	aː sˠ k ə l̠ʲ
at	aː t̪ˠ
atáim	ə t̪ˠ ɑː mʲ
atáim	ə t̪ˠ æː mˠ
atáimid	ə t̪ˠ ɑː mʲ ə dʲ
atáimid	ə t̪ˠ æː mʲ ə dʲ
atáthar	ə t̪ˠ ɑː h ə ɾˠ
atáthar	ə t̪ˠ æ h ə ɾˠ
athar	aː ɾˠ
athrú	aː ɾˠ uː
athruithe	a h ɾˠ ɪ h ə
ba	bˠ aː
bacach	bˠ aː k ə x
baile	bˠ aː lʲ ə
baintreach	bˠ aː n̠ʲ tʲ ɾʲ ə x
Bairbre	bˠ a ɾʲ ə bʲ ɾʲ ə
baise	bˠ a ʃ ə
baistim	bˠ aː ʃ tʲ ə mʲ
baithis	bˠ aː ʃ
baladh	bˠ aː l̪ˠ ə
ballaí	bˠ a l̪ˠ iː
banríon	bˠ ɑː n̪ˠ t ɾˠ i ə n̪ˠ
banríon	bˠ aː nˠ rˠ iː nˠ
bansár	bˠ a nˠ sˠ ɑː ɾˠ
baoch	bˠ ëː ə̯ x
baoth	bˠ ëː h
baraille	bˠ a ɾˠ ə lʲ ə
basa	bˠ ɑ sˠ ə
basa	bˠ a sˠ ə
basún	bˠ a sˠ uː nˠ
beachóige	bʲ a x ɔ i̯ ɟ ɪ
beagán	bʲ ə ɡ ɑ̃ː n̪ˠ
beagnach	bʲ ɔ ɡ n̪ˠ ə x
beagnach	bʲ ɔ ɡ nˠ ə x
beagnach	bʲ ɛ ɡ nˠ ə x
béala	bʲ i a̯ l̪ˠ ə
béala	bʲ eː lˠ ə
béalastán	bʲ ɛ ə lˠ ə sˠ t̪ˠ a nˠ
béalfhliuch	bʲ iː a̯ lʲ ɯ x
bean	bʲ æː n̪ˠ
béarfaidh	bʲ ɛː ɾˠ h i
Béarla	bʲ ɛː ɾˠ l̪ˠ ə
béarla	bʲ ɛː ɾˠ l̪ˠ ə
beathaí	bʲ a h iː
beathaí	bʲ a h iː
beifear	bʲ ɛ j ɑː ɾˠ
beire	bʲ ɛ ɾʲ ə
beiread	bʲ ɛ ɾʲ ə d̪ˠ
beireas	bʲ ɛ ɾʲ ə s̪ˠ
beirigí	bʲ ɛ ɾʲ ɪ ɟ iː
beirimid	bʲ ɛ ɾʲ ə mʲ ə dʲ
beirir	bʲ ɛ ɾʲ ɪ ɾʲ
beoir	bʲ j ɔ i̯ ɾʲ
bhaile	w aː lʲ ə
bhainne	vˠ ɑ ɲ ə
bhainne	vˠ ɑ nʲ ə
bhainne	w a n̠ʲ ə
bhaint	w a n̠ʲ tʲ
bhaint	w ɪ n̠ʲ tʲ
bháisteach	w aː ʃ tʲ ə x
bhanc	vˠ a ŋ k
bhanc	w a ŋ k
bhaoch	vˠ ëː ə̯ x
bhasa	vˠ ɑ sˠ ə
bhasa	w ɑ sˠ ə
bhasa	w a sˠ ə
bhasa	w a sˠ ə
bhean	vʲ æː n̪ˠ
bhéarfaidh	vʲ ɛː ɾˠ h i
Bhéarla	vʲ eː ɾˠ lˠ ə
bheifear	vʲ ɛ j ɑː ɾˠ
bheireann	vʲ ɛ ɾʲ ə n̪ˠ
bheireas	vʲ ɛ ɾʲ ə s̪ˠ
bheirtear	vʲ ɛ ɾʲ h ə ɾˠ
bhfága	vˠ ɑː ɡ ə
bhfága	w ɑː ɡ ə
bhfága	w æː ɡ ə
bhfágáil	vˠ ɑː ɡ ɑː lʲ
bhfágáil	w ɑː ɡ ɑː lʲ
bhfágáil	w æː ɡ æ lʲ
bhfágálacha	vˠ ɑː ɡ ɑː lˠ ə x ə
bhfágálacha	w ɑː ɡ ɑː lˠ ə x ə
bhfágálacha	w ɑː ɡ ɑː lˠ ə x iː
bhfágálacha	w æː ɡ æ lˠ ə x ə
bhfáinne	vˠ ɑː ɲ ə
bhfáinne	vˠ ɑː n̠ʲ ə
bhfáinne	w ɑː n̠ʲ ə
bhfáinne	w æː n̠ʲ ə
bhfáinní	vˠ ɑː ɲ iː
bhfáinní	vˠ ɑː n̠ʲ iː
bhfáinní	w ɑː n̠ʲ iː
bhfáinní	w æː n̠ʲ i
bhfarraigí	vˠ a ɾˠ ə ɟ iː
bhfarraigí	w a ɾˠ ə ɟ iː
bhfarraigí	w a ɾˠ ə ɟ i
bhfear	vʲ æː ɾˠ
bhfearthainn	vʲ a ɾˠ h ə ɲ
bhfearthainn	vʲ a ɾˠ h ə n̠ʲ
bhfearthainn	vʲ a ɾˠ h ə n̠ʲ
bhfeictear	vʲ ɛ c tʲ ə ɾˠ
bhfeidhm	vʲ ë i mʲ
bhfeidhm	vʲ e i mʲ
bhfeidhm	vʲ ɛː mʲ
bhfeoil	vʲ oː lʲ
bhfeoil	vʲ ɔː lʲ
bhfeolta	vʲ oː l̪ˠ t̪ˠ ə
bhfeolta	vʲ ɔː l̪ˠ t̪ˠ ə
bhfiarthaí	vʲ i ə ɾˠ h iː
bhfiche	vʲ ɪ h ə
bhfiche	vʲ ɪ ç ə
bhfichidí	vʲ ɪ h ɪ dʲ iː
bhfichidí	vʲ ɪ ç ɪ dʲ iː
bhfichidí	vʲ ɪ ç ɪ dʲ i
bhFionlainn	vʲ ɪ n lˠ ə n̠ʲ
bhFionlainnis	vʲ ɪ n̪ˠ l̪ˠ ə n̠ʲ ɪ ʃ
bhflaith	vˠ lˠ a h
bhflaith	w lˠ a h
bhflaith	w lˠ a
bhflatha	vˠ lˠ a h ə
bhflatha	w lˠ a h ə
bhFrainc	vˠ ɾˠ a ɲ c
bhFranc	vˠ ɾˠ a ŋ k
bhfréamh	vʲ ɾʲ eː vˠ
bhfréamhacha	vʲ ɾʲ eː vˠ ə x ə
bhfréamhacha	vʲ ɾʲ eː w ə x ə
bhfréamhacha	vʲ ɾʲ eː w ə x iː
bhfréamhacha	vʲ ɾʲ eː vˠ a x ə
bhfuáil	w uː aː lʲ
bhfuair	w u ɪ̯ ɾʲ
bhfuilim	vˠ ɪ lʲ ə mʲ
bhfuilim	w ɪ lʲ ə mʲ
bhfuilimid	w ɪ lʲ ə mʲ ə dʲ
bhfuiltear	vˠ ɪ l̠ʲ tʲ ə ɾʲ
bhfuiltear	w ɪ l̠ʲ tʲ ə ɾʲ
bhídís	vʲ iː dʲ iː ʃ
bhímis	vʲ iː mʲ ə ʃ
bhínn	vʲ iː n̠ʲ
bhíomar	vʲ iː mˠ ə ɾˠ
bhíonn	vʲ iː n̪ˠ
bhíteá	vʲ iː tʲ aː
bhítí	vʲ iː tʲ iː
bhlas	vˠ l̪ˠ ɑ sˠ
bhlas	vˠ lˠ a sˠ
bhod	vˠ ɔ d̪ˠ
bhod	w ɔ d̪ˠ
bhoid	vˠ ɪ dʲ
bhoid	w ɪ dʲ
bhraith	w ɾˠ a i̯ ç
bhranda	vˠ ɾˠ a n̪ˠ d̪ˠ ə
bhreá	vʲ ɾʲ ɛ ə̯
bhuel	w ɛ lʲ
bhuel	w ɛ lʲ
bhuel	vˠ ɛ lʲ
bhuíoch	vˠ ëː ə̯ x
bíd	bʲ iː dʲ
bídís	bʲ iː dʲ iː ʃ
bige	bʲ ɪ ɟ ɪ
bímid	bʲ iː mʲ ə dʲ
bímis	bʲ iː mʲ ə ʃ
bíonn	bʲ iː n̪ˠ
bír	bʲ iː ɾʲ
bítear	bʲ iː tʲ ə ɾˠ
bláithche	bˠ lˠ aː i̯ ç ə
bláithche	bˠ l̪ˠ aː i̯ ç ə
blaosc	pˠ l̪ˠ ëː ə̯ sˠ k
blasanna	bˠ l̪ˠ ɑ sˠ ə n̪ˠ ə
blasanna	bˠ lˠ a sˠ ə n̪ˠ iː
blasanna	bˠ lˠ a sˠ ə n̪ˠ ə
boladh	bˠ aː l̪ˠ ə
bolraíoch	bˠ ɔ lˠ rˠ i a x
bolraíoch	bˠ ɔ lˠ rˠ i a
bpian	bʲ i ə nˠ
bpianta	bʲ i ə n̪ˠ t̪ˠ ə
braith	bˠ ɾˠ a i̯ ç
brandaí	bˠ ɾˠ a n̪ˠ d̪ˠ iː
branra	bˠ ɾˠ a n̪ˠ ɾˠ ə
brat	bˠ ɾˠ aː t̪ˠ
breá	bʲ ɾʲ ɛ ə̯
breácha	bʲ ɾʲ ɛ a̯ x ə
breáichte	bʲ ɾʲ ɛ ə̯ x tʲ ə
breathnaigh	bʲ ɾʲ æː n̪ˠ ə
Breatnach	bʲ ɾʲ æː n̪ˠ ə x
breoite	bʲ ɾʲ i̯ ɔː tʲ ə
Brian	bʲ ɾʲ i ə n̪ˠ
briseanna	bʲ ɾʲ ɪ ʃ ə n̪ˠ ə
briseanna	bʲ ɾʲ ɪ ʃ ə n̪ˠ iː
bristeacha	bʲ ɾʲ ɪ ʃ tʲ ə x ə
bristeacha	bʲ ɾʲ ɪ ʃ tʲ ə x iː
brobh	bˠ ɾˠ o w̥
bróga	bˠ ɾˠ oː ɡ ə
bróga	bˠ ɾˠ oː ɡ ə
bróga	bˠ ɾˠ oː ɡ iː
bróga	bˠ ɾˠ ɔː ɡ ə
brón	bˠ ɾˠ õː nˠ
buabhall	bˠ u ə vˠ ə l̪ˠ
buabhall	bˠ u ə w ə l̪ˠ
buachalla	bˠ u ə x ə l̪ˠ ə
buailteachas	bˠ u i̯ l̠ʲ tʲ a x ə sˠ
buailtín	bˠ u i̯ l̠ʲ tʲ i nʲ
buaireamh	bˠ u i̯ ɾʲ u
buíoch	bˠ ëː ə̯ x
bunú	bˠ ʊ n̪ uː
busanna	bˠ ʊ sˠ ə n̪ˠ ə
busanna	bˠ ʊ sˠ ə n̪ˠ iː
cab	k aː b
cabaire	k aː bˠ i ɾʲ ə
cabhair	k a ɯ̯ ɪ ɾʲ
Cadhla	k ə i̯ lˠ ə
caibléara	k aː bʲ ə lʲ eː ɾˠ ə
caibléir	k aː bʲ ə lʲ eː ɾˠ ə
cailce	k a lʲ c ə
cailceanna	k a lʲ kʲ ə n ə
cailíní	k aː lʲ iː nʲ iː
cailleadh	k aː l̠ʲ ə
cailleadh	k aː l̠ʲ uː
cailleadh	k aː l̠ʲ ə tʲ
cailleadh	k aː l̠ʲ ə x
caint	k aː n̠ʲ tʲ
cainteanna	k a n̠ʲ tʲ ə n ə
cairr	k aː ɾˠ
cais	k a ʃ
caitheamh	k aː
caitheamh	k æ h u w̥ ʔ
caithfidh	k aː
caithne	k a h nʲ ə
Caitlín	k a tʲ lʲ iː nʲ
Caitlín	k a tʲ lʲ iː nʲ
canta	k a n̪ˠ t̪ˠ ə
cantalach	k a u n̪ˠ t̪ˠ ə lˠ ə x
cantalach	k a n̪ˠ t̪ˠ ə lˠ ə x
cantalach	k a n̪ˠ t̪ˠ ə lˠ a h
cantalach	k a n̪ˠ t̪ˠ ə lˠ a
caoch	k ëː ə̯ x
caogad	k eː ɡ ə d̪ˠ
caogad	k iː ɡ ə d̪ˠ
caogaidí	k eː ɡ ə dʲ iː
caogaidí	k iː ɡ ə dʲ iː
caogaidí	k iː ɡ ə dʲ i
caol	k ëː ə̯ l̪ˠ
caolas	kʰ ɰ eː l̪ˠ ə sˠ
caolas	kʰ ɰ iː lˠ ə sˠ
caraid	k aː ɾˠ ə dʲ
carraig	k aː ɾˠ ɪ ɟ
carraige	k aː ɾˠ i ɟ ə
carranna	k aː ɾˠ ə n̪ˠ iː
casacht	k aː sˠ ə x t̪ˠ
casad	k ɑ sˠ ə d̪ˠ
casóg	k ə sˠ oː ɡ
casóg	k a sˠ oː ɡ
casóg	k a sˠ ɔ ɡ
casóg	k a sˠ a ɡ
casta	k ɑ sˠ t̪ˠ ə
casta	k a sˠ t̪ˠ ə
catach	k ə t̪ˠ a x
catach	k a t̪ˠ ə x
catach	k a t̪ˠ a x
catach	k a t̪ˠ a h
catach	k a t̪ˠ a
cath	k aː
cathair	k aː ɾʲ
cathaoireach	k a h iː ɾʲ ə x
cathaoireach	k a h iː ɾʲ ə x
cathaoireach	k ə i r ə x
cathaoireach	k ə i r ə x
cathaoireach	k a i h i ɾʲ ə x
cathaoireacha	k a h iː ɾʲ ə x ə
cathaoireacha	k a h iː ɾʲ ə x ə
cathaoireacha	k ə i ɾʲ ə x iː
cathaoireacha	k ə i ɾʲ ə x iː
cathaoireacha	k a i h i ɾʲ ə x ə
cathú	k aː uː
céacht	c ɛ a̯ x t̪ˠ
ceachta	c a x t̪ˠ ə
ceachtanna	c a x t̪ˠ ə n̪ˠ ə
ceachtar	c a h t̪ˠ ə ɾˠ
ceachtar	c æː x t̪ˠ ə ɾˠ
cead	c æː d̪ˠ
céadach	c ɛ ə̯ d̪ˠ a x
céadach	c ɛ ə̯ d̪ˠ a
Céadach	c ɛ ə̯ d̪ˠ a x
Céadach	c ɛ ə̯ d̪ˠ a
Céadaigh	c ɛ ə̯ d̪ˠ iː
Céadaigh	c ɛ ə̯ d̪ˠ i
céallannaí	c i ə l̪ˠ ə n̪ˠ ĩ
ceamara	c a mˠ ə ɾˠ ə
ceangal	c ɑ̃ ŋ ɡ ə l̪ˠ
ceangal	c ɑ̃ ŋ ə l̪ˠ
ceannacht	c æː n̪ˠ ə x t̪ˠ
ceap	c æː pˠ
cearc	c æː ɾˠ k
cearca	c a ɾˠ k ə
cearca	c æː ɾˠ k ə
ceart	c æː ɾˠ t̪ˠ
ceártaí	c aː ɾˠ t̪ˠ iː
ceártaí	c ɑː ɾˠ t̪ˠ iː
ceártaí	c æː ɾˠ t̪ˠ i
céaslach	c ɛ ə̯ sˠ l̪ˠ a x
céaslach	c ɛ ə̯ sˠ l̪ˠ a
ceathair	c æː ɾʲ
ceathrar	c æː ɾˠ
ceathrú	c æː ɾˠ uː
céim	c ɛ i̯ mʲ
céirseach	c ɛː ɾˠ sˠ a x
céirseach	c ɛː ɾˠ sˠ a
ceiste	c ɛ ʃ tʲ ə
cén	c eː nˠ
chaint	x aː n̠ʲ tʲ
chais	x a ʃ
cham	x a u mˠ
cham	x ɑː mˠ
cham	x a mˠ
chan	x a n̪ˠ
chan	x a nʲ
chan	x a n̪ˠ
chantar	x a n̪ˠ t̪ˠ ə ɾˠ
chaoga	x eː ɡ ə
chaoga	x iː ɡ ə
chaogad	x eː ɡ ə d̪ˠ
chaogad	x iː ɡ ə d̪ˠ
chaoirigh	x iː ɾʲ ɪ ɟ
chaoirigh	x iː ɾʲ ə
chaoirigh	x iː ɾʲ iː
chaoirigh	x iː ɾʲ i
chaol	x ëː ə̯ l̪ˠ
charachtar	x a ɾˠ ə x t̪ˠ ə ɾˠ
chasa	x ɑ sˠ ə
chasa	x a sˠ ə
chasas	x ɑ sˠ ə sˠ
chata	x ɑ t̪ˠ ə
chata	x a t̪ˠ ə
chata	x ʊ t̪ˠ ə
chatach	x ə t̪ˠ a x
chatach	x a t̪ˠ ə x
chatach	x a t̪ˠ a x
chatach	x a t̪ˠ a h
chatach	x a t̪ˠ a
chathair	x aː ɾʲ
Chéadaigh	ç ɛ ə̯ d̪ˠ iː
Chéadaigh	ç ɛ ə̯ d̪ˠ i
cheal	ç æː l̪ˠ
chearc	ç æː ɾˠ k
cheart	ç æː ɾˠ t̪ˠ
cheárta	ç aː ɾˠ t̪ˠ ə
cheárta	ç ɑː ɾˠ t̪ˠ ə
cheárta	ç æː ɾˠ t̪ˠ ə
cheathrar	ç æː ɾˠ
chímid	ç iː mʲ ɪ dʲ
chine	ç ɪ nʲ ə
chiníocha	ç ɪ nʲ iː x ə
chiníocha	ç ɪ nʲ iː x ə
chiníocha	ç ɪ nʲ iː x iː
chiníocha	ç ɪ nʲ i x ə
chíonn	ç iː n̪ˠ
chis	ç ɪ ʃ
chladach	x l̪ˠ aː d̪ˠ ə x
chladaigh	x l̪ˠ aː d̪ˠ ə
chladhaire	x lˠ e i ɾʲ ə
chladhaire	x l̪ˠ e i ɾʲ ə
chladhaire	x lˠ ɤ i ɾʲ ə
chléibh	ç lʲ ɛ i̯ vʲ
chloisteáil	x lˠ ɔ ʃ tʲ ɑː lʲ
chluich	x lˠ ɪ ç
chnoic	x n̪ˠ ɪ c
chnoic	x nˠ ɪ c
chnoic	x ɾˠ ɪ c
choda	x ɔ d̪ˠ ə
choir	x ɛ ɾʲ
chol	x ɔ lˠ
chon	x ɔ nˠ
chonaic	x aː nʲ i c
chonaic	h aː nʲ i c
chonaic	x aː ɲ c
chóra	x oː ɾˠ ə
chosúlacht	x ɔ sˠ u lˠ a ɾˠ t̪ˠ
chosúlacht	x ɔ sˠ l̪ˠ a ɾˠ t̪ˠ
chraiceann	x ɾˠ æː c ə n̪ˠ
chraith	x ɾˠ aː
chruaidh	x ɾˠ u ɛ̯ ɟ
chruaidh	x ɾˠ u i̯
chuaigh	h u i̯
chualabhair	x u ə lˠ ə w ə ɾʲ
chualadar	x u ə lˠ ə d̪ˠ ə ɾˠ
chualais	x u ə lˠ ə ʃ
chualamar	x u ə lˠ ə mˠ ə ɾˠ
chúng	x uː ŋ
chúng	x uː ŋ ɡ
cialla	c i ə l̪ˠ ə
cíd	c iː dʲ
címíd	c iː mʲ iː dʲ
ciníocha	c ɪ nʲ iː x ə
ciníocha	c ɪ nʲ iː x ə
ciníocha	c ɪ nʲ iː x iː
ciníocha	c ɪ nʲ i x ə
cíonn	c iː n̪ˠ
cip	c ɪ pʲ
cise	c ɪ ʃ ə
ciseanna	c ɪ ʃ ə n̪ˠ ə
ciseanna	c ɪ ʃ ə n̪ˠ iː
cisteanacha	c ɪ ʃ tʲ ə n̪ˠ ə x iː
cistine	c ɪ ʃ tʲ ɪ nʲ ə
cistineacha	c ɪ ʃ tʲ ɪ nʲ ə x ə
cítear	c iː tʲ ə ɾˠ
clabhchorda	k lˠ a u x oː ɾˠ d̪ˠ ə
cladach	k l̪ˠ aː d̪ˠ ə x
cladaigh	k l̪ˠ aː d̪ˠ ə
cladhaire	k lˠ e i ɾʲ ə
cladhaire	k lˠ ɤ i ɾʲ ə
claidhmhtheacha	c lʲ ɛ̃ i̯ fʲ a x ə
claíomh	k l̪ˠ aː vʲ ə
cláirseacha	k lˠ ɑː ɾˠ ʃ ə x ə
cláirseacha	k lˠ ɑː ɾˠ ʃ ə x iː
cláirseacha	k lˠ æː ɾˠ ʃ a x ə
cleachtadh	c lʲ æː x t̪ˠ ə
cléibh	c lʲ ɛ i̯ vʲ
cloganna	k lˠ ɔ ɡ ə n̪ˠ iː
cloisteála	k lˠ ɔ ʃ tʲ ɑː lˠ ə
clós	k l̪ˠ oː sˠ
clós	k l̪ˠ ɔː sˠ
coda	k ɔ d̪ˠ ə
coil	k ɛ lʲ
coirm	k ɨ ɾʲ h ʔ ə mʲ
colanna	k ɔ lˠ ə n̪ˠ ə
colm	k o l̪ˠ ə mˠ
comhionann	k uː aː n̪ˠ ə n̪ˠ
Conamara	k u n̪ˠ ə m aː ɾˠ ə
cónra	k u n̪ˠ t ɾˠ ə
cónra	k oː nˠ t ɾˠ ə
cónra	k oː nˠ ɾˠ ə
cónra	k oː nˠ d ɾˠ ə
cónra	k oː nˠ ɾˠ ə
conradh	k ɞ nˠ rˠ uː
conradh	k ɞ nˠ rˠ u
cosúlacht	k ɔ sˠ u lˠ a ɾˠ t̪ˠ
cosúlacht	k ɔ sˠ l̪ˠ a ɾˠ t̪ˠ
craice	k ɾˠ a c ə
craiceáilte	k ɾˠ æː c ɑː l̠ʲ tʲ ə
craiceann	k ɾˠ æː c ə n̪ˠ
craith	k ɾˠ aː
cranra	k ɾˠ aː nˠ rˠ ə
crath	k ɾˠ aː
créatúir	c ɾʲ eː t̪ˠ uː ɾʲ
créatúir	c ɾʲ eː t̪ˠ uː ɾʲ
créatúir	c ɾʲ eː t̪ˠ u ɾʲ
creideamh	c ɾʲ e dʲ u h
croith	k ɾˠ aː
croith	k ɾˠ e i h ʔ
croíthe	k ɾˠ iː h ɪ
croítí	k ɾˠ iː tʲ iː
crua	k ɾˠ u ɛ̯ ɟ
crua	k ɾˠ u i̯
cruaidh	k ɾˠ u ɛ̯ ɟ
cruaidh	k ɾˠ u i̯
cruaidhe	k ɾˠ u i̯ j ə
cruaim	k ɾˠ u i̯ j ə mˠ
cú	k u βˠ
cúlriascach	k uː lˠ rˠ ɛ ə̯ s k a x
cúlriascach	k uː lˠ rˠ ɛ ə̯ s k a
cúlriascach	k uː lˠ rˠ ɤː s k a x
cúlriascach	k uː lˠ rˠ ɤː s k a
cúnamh	k ũː nˠ ũː
cúng	k ũː ŋ ɡ
cúng	k ũː ŋ
cúng	k ũː n̪ˠ
cúntach	k uː n̪ˠ t̪ˠ ə x
cúntach	k uː n̪ˠ t̪ˠ a x
cúntach	k uː n̪ˠ t̪ˠ a h
cupáin	k ʊ pˠ ɑː nʲ
cupáin	k ʊ pˠ ɑː nʲ
cupáin	k ʊ pˠ æ nʲ
cupla	k ʊ pˠ lˠ ə
cúpla	k uː pˠ lˠ ə
d'	d̪ˠ
d'	dʲ
d'aithin	d̪ˠ æː nʲ
d'alt	d̪ˠ a l̪ˠ t̪ˠ
d'éalóigh	dʲ ɛ ə̯ lˠ ɔ j
d'éalóigh	dʲ ɛ ə̯ l̪ˠ ɔ j
d'fhéadfainn	dʲ ɛ ə̯ t̪ˠ ɪ n̠ʲ
d'fhógair	d̪ˠ ɪ ə ɡ ə ɾʲ
d'fhuafaí	d̪ˠ ɪ ɛ i̯ fʲ i
daidithe	d̪ˠ a dʲ ɪ h ə
dán	d̪ˠ ɑ̃ː n̪ˠ
dánlann	d̪ˠ ɑː n̪ˠ l̪ˠ ə n̪ˠ
dánlann	d̪ˠ æː n̪ˠ l̪ˠ ə n̪ˠ
Danmhairge	d̪ˠ a n w ə ɾʲ ə ɟ ə
daor	d̪ˠ ëː ə̯ ɾˠ
deacair	dʲ æː k ə ɾʲ
deachthas	dʲ a x ə sˠ
déad	dʲ ɛ ə̯ d̪ˠ
déag	dʲ ɛ ə̯ ɡ
deaide	dʲ æː dʲ ə
dealbhóir	dʲ a lˠ ə w oː ɾʲ
dealbhóir	dʲ a lˠ w oː ɾʲ
dealg	dʲ æː l̪ˠ ə ɡ
dear	dʲ a ɾˠ
dearg	dʲ æː ɾˠ ə ɡ
dearmad	dʲ æː ɾˠ ə mˠ ə d̪ˠ
deas	dʲ æː sˠ
deimhin	dʲ ë ɪ nʲ
deineann	dʲ ɪ nʲ ə n̪ˠ
deinid	dʲ ɪ nʲ ə dʲ
deinimíd	dʲ ɪ nʲ ə mʲ iː dʲ
deinir	dʲ ɪ nʲ ə ɾʲ
deintear	dʲ ɪ nʲ tʲ ə ɾˠ
déirce	dʲ eː ɾʲ c ɪ
déirce	dʲ e i̯ ɾʲ c ə
deiread	dʲ ɛ ɾʲ ə d̪ˠ
deireas	dʲ ɛ ɾʲ ə sˠ
deirid	dʲ ɛ ɾʲ ə dʲ
deiridís	dʲ ɛ ɾʲ ə dʲ iː ʃ
deirimid	dʲ ɛ ɾʲ ə mʲ ə dʲ
deirimis	dʲ ɛ ɾʲ ə mʲ ə ʃ
deirinn	dʲ ɛ ɾʲ ə ɲ
deirinn	dʲ ɛ ɾʲ ə nʲ
deirinn	dʲ ɛ ɾʲ ə n̠ʲ
deirir	dʲ ɛ ɾʲ ə ɾʲ
deirteá	dʲ ɛ ɾʲ tʲ ɑː
deirteá	dʲ ɛ ɾʲ tʲ æ
deirtí	dʲ ɛ ɾʲ tʲ iː
deirtí	dʲ ɛ ɾʲ tʲ i
deisigh	dʲ ɛ ʃ ə ɟ
deisigh	dʲ ɛ ʃ iː
deisigh	dʲ ɛ ʃ ə
deisigh	dʲ ɛ ʃ i
deochanna	dʲ ɔ x ə n̪ˠ ə
deochanna	dʲ ɔ x ə n̪ˠ iː
dhaidí	ɣ a dʲ iː
dhéag	j ɛ ə ɡ
dheas	j æː sˠ
dheineann	j ɪ nʲ ə n̪ˠ
dhíleáigh	j iː lʲ ɛ i̯
dhiúca	j uː k ə
dhiúic	j uː c
dhochtúir	ɣ ɔ x t̪ˠ uː ɾʲ
dhochtúir	ɣ ɔ x t̪ˠ uː ɾʲ
dhochtúir	ɣ ɔ x t̪ˠ u ɾʲ
dhochtúirí	ɣ ɔ x t̪ˠ uː ɾʲ iː
dhochtúirí	ɣ ɔ x t̪ˠ uː ɾʲ iː
dhochtúirí	ɣ ɔ x t̪ˠ u ɾʲ i
dhónna	ɣ oː n̪ˠ ə
dhónna	ɣ oː n̪ˠ iː
dhónna	ɣ ɔː n̪ˠ ə
dhréim	ʝ ɾʲ e i̯ mʲ
dhubh	ɣ ʊ ʍ
dídhíleá	dʲ iː j iː lʲ ɛ a̯ w
díleá	dʲ iː lʲ ɛ a̯ w
díleáigh	dʲ iː lʲ ɛ i̯
docht	d̪ˠ ɔ x t̪ˠ
dochtúra	d̪ˠ ɔ x t̪ˠ uː ɾˠ ə
dochtúra	d̪ˠ ɔ x t̪ˠ uː ɾˠ ə
dochtúra	d̪ˠ ɔ x t̪ˠ u ɾˠ ə
dófaidh	d̪ˠ ɔː i̯ ç ɪ
dois	d̪ˠ ɔ ʃ
dónna	d̪ˠ oː n̪ˠ ə
dónna	d̪ˠ oː n̪ˠ iː
dónna	d̪ˠ ɔː n̪ˠ ə
donnrua	d̪ˠ ɔ n̪ˠ ɾˠ u ə
dosanna	d̪ˠ ɔ sˠ ə n̪ˠ ə
dosanna	d̪ˠ ɔ sˠ ə n̪ˠ iː
dreama	d̪ˠ ɾˠ ɑ mˠ ə
dreama	dʲ ɾʲ a mˠ ə
dreamanna	d̪ˠ ɾˠ ɑ mˠ ə n̪ˠ ə
dreamanna	dʲ ɾʲ a mˠ ə n̪ˠ ə
dreamanna	dʲ ɾʲ æː mˠ ə n̪ˠ iː
dreoilín	dʲ ɾʲ oː i̯ lʲ iː nʲ
dromanna	d̪ˠ ɾˠ ɔ mˠ ə n̪ˠ ə
druide	d̪ˠ ɾˠ ɪ dʲ ə
dtae	d̪ˠ eː
dtaenna	d̪ˠ eː n̪ˠ ə
dtaga	d̪ˠ a ɡ ə
dtalamh	d̪ˠ aː l̪ˠ ə
dtaobhanna	d̪ˠ eː vˠ ə n̪ˠ ə
dtaobhanna	d̪ˠ iː w ə n̪ˠ ə
dtaobhanna	d̪ˠ iː w ə n̪ˠ iː
dteach	dʲ æː x
dtéann	dʲ ɛ ə n̪ˠ
dteorainneacha	dʲ oː ɾˠ ə n̠ʲ ə x ə
dtí	dʲ iː
dtíortha	dʲ iː ɾˠ h ə
dtor	d̪ˠ ɔ ɾˠ
duabhair	d̪ˠ u ə vˠ ə ɾʲ
duadar	d̪ˠ u ə d̪ˠ ə ɾˠ
duamair	d̪ˠ u ə m ə ɾʲ
duán	d̪ˠ ə vˠ ɑ̃ː n̪ˠ
dubh	d̪ˠ ʊ ʍ
duibhe	d̪ˠ ɪː
dula	d̪ˠ ʊ lˠ ə
dulta	d̪ˠ ʊ l̪ˠ t̪ˠ ə
dúrabhair	d̪ˠ uː ɾˠ ə w ə ɾʲ
dúrais	d̪ˠ uː ɾˠ ə ʃ
dúrt	d̪ˠ uː ɾˠ t̪ˠ
éad	ɛ ə̯ d̪ˠ
éadaigh	ɛ ə̯ d̪ˠ iː
éadaigh	ɛ ə̯ d̪ˠ i
éadáil	ɛ ə̯ d æ lʲ
éadmhar	ɛ ə̯ d̪ˠ uː ɾˠ
éadóchas	ɛː d̪ˠ ɔ x ə sˠ
éadóchasach	ɛː d̪ˠ ɔ x ə sˠ a x
éadóchasach	ɛː d̪ˠ ɔ x ə sˠ a
éadoimhne	ɛ ə̯ d̪ˠ ɨ̞̃ vʲ nʲ ə
éadomhain	ɛ ə̯ d̪ˠ o nʲ
éadrom	ɛː d̪ˠ ɾˠ ə mˠ
éadrom	ɛ ə d̪ˠ ɾˠ ə mˠ
éag	ɛ ə̯ ɡ
eaglaise	a ɡ ə l̪ˠ ə ʃ ə
eaglaise	a ɡ lˠ ə ʃ ə
eaglaise	ɑː ɡ lˠ ə ʃ ə
eaglaise	a ɡ lˠ ə ʃ ə
eaglaisí	a ɡ ə l̪ˠ ə ʃ iː
eaglaisí	a ɡ lˠ ə ʃ iː
eaglaisí	ɑː ɡ lˠ ə ʃ iː
eaglaisí	a ɡ lˠ ə ʃ i
éagsúil	iː a̯ ɡ̊ sˠ uː i̯ lʲ
éagsúil	ɛ ə k s ã u w ɪ lʲ
ealaín	aː l̪ˠ iː nʲ
éaló	ɛː ə̯ lˠ ɔ
éalóigh	ɛ ə̯ lˠ ɔ j
éalóigh	ɛ ə̯ l̪ˠ ɔ j
éalóim	ɛ ə lˠ oː mˠ
éalóim	ɛ ə l̪ˠ oː mˠ
éan	ɛ ə̯ nˠ
earrach	æː ɾˠ ə x
earraigh	æː ɾˠ ə
eascrach	a sˠ k ɾˠ ə x
eascracha	a s k r ə x ə
easna	aː sˠ n̪ˠ ə
easóg	aː sˠ oː ɡ
easpag	aː sˠ pˠ ə k
eich	ɛ i̯ ç
eidheann	ɛ ə n̪ˠ
eidheann	ɛ ə nˠ
éifeacht	e i̯ fʲ a x t̪ˠ
éigean	e i̯ ɟ ə nˠ
éigiall	e i̯ ɟ i ə l̪ˠ
éileamh	e i̯ lʲ u
éileochaidh	e i̯ lʲ a x ə
éileog	e i̯ lʲ ɔ ɡ
eireog	e i̯ ɾʲ ɔ ɡ
éirí	ë i ɾʲ iː
éirí	e i̯ ɾʲ iː
éirim	eː ɾʲ ə mʲ
éirímid	eː ɾʲ iː mʲ ə dʲ
éirímid	eː ɾʲ iː mʲ ə dʲ
éisteacht	e i̯ ʃ tʲ a x t̪ˠ
éisteacht	e i̯ ʃ tʲ a t̪ˠ
eofón	oː fˠ oː nˠ
facabhair	fˠ a k ə w ə ɾˠ
facadar	fˠ a k ə d̪ˠ ə ɾˠ
facais	fˠ a k ə ʃ
facamar	fˠ a k ə mˠ ə ɾˠ
facthas	fˠ a k ə sˠ
fágála	fˠ ɑː ɡ ɑː lˠ ə
fágála	fˠ ɑː ɡ ɑː lˠ ə
fágála	fˠ æː ɡ æ lˠ ə
fágálacha	fˠ ɑː ɡ ɑː lˠ ə x ə
fágálacha	fˠ ɑː ɡ ɑː lˠ ə x ə
fágálacha	fˠ ɑː ɡ ɑː lˠ ə x iː
fágálacha	fˠ æː ɡ æ lˠ ə x ə
fáidheanna	fˠ aː j ə n̪ˠ ĩ
fáinní	fˠ ɑː ɲ iː
fáinní	fˠ ɑː n̠ʲ iː
fáinní	fˠ ɑː n̠ʲ iː
fáinní	fˠ æː n̠ʲ i
fair	fˠ a ɾʲ
falamh	fˠ aː l̪ˠ ə
faobhar	fˠ ëː ɾˠ
farraige	fˠ aː ɾˠ ɪ ɟ ə
farraigí	fˠ a ɾˠ ə ɟ iː
farraigí	fˠ a ɾˠ ə ɟ iː
farraigí	fˠ a ɾˠ ə ɟ i
fathach	fˠ aː x
feadaíl	fʲ a d̪ˠ iː lʲ
feadaíl	fʲ a d̪ˠ iː lʲ
feadaíl	fʲ æː d̪ˠ iː lʲ
feadaíl	fʲ a d̪ˠ i lʲ
féadaim	fʲ ɛ ə̯ d̪ˠ ə mˠ
feadh	fʲ æː
feamainn	fʲ æː mˠ ɪ n̠ʲ
fear	fʲ æː ɾˠ
fearg	fʲ æː ɾˠ ə ɡ
fearthainne	fʲ a ɾˠ h ə ɲ ə
fearthainne	fʲ a ɾˠ h ə n̠ʲ ə
fearthainne	fʲ a ɾˠ h ə n̠ʲ ə
féasóg	fʲ ɛ ə̯ sˠ ɔ ɡ
féasóig	fʲ ɛ ə̯ sˠ ɔ ɟ
feicthe	fʲ ɛ c ə
feidhm	fʲ ë i mʲ
feidhm	fʲ e i mʲ
feidhm	fʲ ɛː mʲ
feidhme	fʲ ə i mʲ ə
feidhmiúil	fʲ ɛː mʲ u lʲ
feilm	fʲ ɛ lʲ ə mʲ
feilméara	fʲ ɛ lʲ ə mʲ eː ɾˠ ə
feilméaraí	fʲ ɛ lʲ ə mʲ eː ɾˠ iː
féineach	fʲ e i̯ nʲ a x
féineach	fʲ e i̯ nʲ a
féinne	fʲ e i n̠ʲ ə
feolta	fʲ oː l̪ˠ t̪ˠ ə
feolta	fʲ ɔː l̪ˠ t̪ˠ ə
fhaca	ɑ k ə
fhaca	a k ə
fháinne	ɑː ɲ ə
fháinne	ɑː n̠ʲ ə
fháinne	æː n̠ʲ ə
fhathach	aː x
fhéadaim	ɛ ə̯ d̪ˠ ə mˠ
fhearr	aː ɾˠ
fhearthainn	a ɾˠ h ə ɲ
fhearthainn	a ɾˠ h ə n̠ʲ
fhearthainn	a ɾˠ h ə n̠ʲ
fhéasóig	ɛ ə̯ sˠ ɔ ɟ
fheola	oː lˠ ə
fhiáin	iː ɛ̯ nʲ
fhiartha	i ə ɾˠ h ə
fhiche	ɪ h ə
fhiche	ɪ ç ə
Fhionlainn	ɪ n lˠ ə n̠ʲ
Fhionlainnis	ɪ n̪ˠ l̪ˠ ə n̠ʲ ɪ ʃ
fhlaith	lˠ a h
fhlaith	lˠ a
fhlatha	lˠ a h ə
Fhranc	ɾˠ a ŋ k
Fhranca	ɾˠ a ŋ k ə
fhréamh	ɾʲ eː vˠ
fhuáil	uː aː lʲ
fhuilim	ɪ lʲ ə mʲ
fhuilimid	ɪ lʲ ə mʲ ə dʲ
fiacaile	fʲ i ə k ə lʲ ə
Fiadh	fʲ i ə
fiafheoil	fʲ i ə oː lʲ
fiáin	fʲ iː ɛ̯ nʲ
fiarthaí	fʲ i ə ɾˠ h iː
fichidí	fʲ ɪ h ɪ dʲ iː
fichidí	fʲ ɪ ç ɪ dʲ iː
fichidí	fʲ ɪ ç ɪ dʲ i
Fionlainn	fʲ ɪ n lˠ ə n̠ʲ
Fionlainnis	fʲ ɪ n̪ˠ l̪ˠ ə n̠ʲ ɪ ʃ
Fionlainnise	fʲ ɪ n̪ˠ l̪ˠ ə n̠ʲ ɪ ʃ ə
Fionnabhair	fʲ ɪ n̪ˠ uː ɾʲ
fiosrach	fʲ ɨ ʂ ɾˠ ɑ x
fiosrach	fʲ ɨ ʂ ɾˠ ɑ
flaithiúil	fˠ l̪ˠ a h uː i̯ lʲ
flatha	fˠ lˠ a h ə
fógair	fˠ ɪ ə ɡ ə ɾʲ
foilmhe	fˠ ɛ lʲ ə vʲ ə
folamh	fˠ aː l̪ˠ ə
folmha	fˠ ɔ l̪ˠ ə w ə
fónamh	fˠ õː n̪ˠ ə vˠ
fónanna	fˠ oː n̪ˠ ə n̪ˠ iː
foscadh	fˠ aː sˠ k ə
Franca	fˠ ɾˠ a ŋ k ə
francaigh	fˠ ɾˠ a ŋ k ɪ ɟ
francaigh	fˠ ɾˠ a ŋ k ə
francaigh	fˠ ɾˠ a ŋ k iː
francaigh	fˠ ɾˠ a ŋ k i
fraoch	fˠ ɾˠ ëː ə̯ x
fréimh	fʲ ɾʲ e i vʲ
fréimhe	fʲ ɾʲ eː vʲ ə
frog	fˠ ɾˠ ɔ ɡ
fuáil	fˠ ɪ a lʲ
fuaiscneamh	fˠ u i̯ ʃ c nʲ u
fuála	fˠ uː aː lˠ ə
fuar	fˠ ɪ ə ɾˠ
fuath	fˠ ɪ ə
fuilid	fˠ ɪ lʲ ə dʲ
fuilim	fˠ ɪ lʲ ə mʲ
fuilimid	fˠ ɪ lʲ ə mʲ ə dʲ
fuilir	fˠ ɪ lʲ ə ɾʲ
fuiltear	fˠ ɪ l̠ʲ tʲ ə ɾʲ
fuinneoige	f i ɲ oː ɡʲ ə
fuinneoige	f i ɲ oː ɡʲ ə
gabhair	ɡ a ɯ̯ ɪ ɾʲ
gad	ɡ aː d̪ˠ
gadaí	ɡ aː d̪ˠ iː
Gaeilge	ɡ ɰ eː l̪ˠ ɪ nʲ
Gaeilge	ɡ ɰ eː l̪ˠ ɪ ɲ
Gaeltacht	ɡ eː l̪ˠ t̪ˠ ə x t̪ˠ
Gaeltacht	ɡ eː l̪ˠ t̪ˠ a x t̪ˠ
gaiscíocha	ɡ a ʃ c iː x ə
gaiscíocha	ɡ a ʃ c iː x ə
gaiscíocha	ɡ a ʃ c i x ə
gala	ɡ a l̪ˠ ə
galar	ɡ a l̪ˠ d ɾˠ ə
galar	ɡ aː l̪ˠ d ɾˠ ə
galraí	ɡ a lˠ rˠ iː
gaol	ɡ ëː ə̯ l̪ˠ
gara	ɡ ɑ ɾˠ ə
gara	ɡ a ɾˠ ə
garanna	ɡ a ɾˠ ə n̪ˠ ə
garanna	ɡ a ɾˠ ə n̪ˠ iː
gardaí	ɡ ɑː ɾˠ d̪ˠ iː
gardaí	ɡ ɑː ɾˠ d̪ˠ iː
gardaí	ɡ æː ɾˠ d̪ˠ i
garma	ɡ a r m a
garmhac	ɡ a ɾˠ w a k
garraithe	ɡ ɑ ɾˠ ɪ h ə
gcabhair	ɡ a ɯ̯ ɪ ɾʲ
gcailín	ɡ a lʲ iː nʲ
gcailín	ɡ a lʲ iː nʲ
gcailín	ɡ a lʲ i nʲ
gcaithfidh	ɡ aː
gcaoga	ɡ eː ɡ ə
gcaoga	ɡ iː ɡ ə
gcaogad	ɡ eː ɡ ə d̪ˠ
gcaogad	ɡ iː ɡ ə d̪ˠ
gcaogaidí	ɡ eː ɡ ə dʲ iː
gcaogaidí	ɡ iː ɡ ə dʲ iː
gcaogaidí	ɡ iː ɡ ə dʲ i
gcarachtar	ɡ a ɾˠ ə x t̪ˠ ə ɾˠ
gcasa	ɡ ɑ sˠ ə
gcasa	ɡ a sˠ ə
gcatach	ɡ ə t̪ˠ a x
gcatach	ɡ a t̪ˠ ə x
gcatach	ɡ a t̪ˠ a x
gcatach	ɡ a t̪ˠ a h
gcatach	ɡ a t̪ˠ a
gcathair	ɡ aː ɾʲ
gceart	ɟ æː ɾˠ t̪ˠ
gceárta	ɟ aː ɾˠ t̪ˠ ə
gceárta	ɟ ɑː ɾˠ t̪ˠ ə
gceárta	ɟ æː ɾˠ t̪ˠ ə
gceártaí	ɟ aː ɾˠ t̪ˠ iː
gceártaí	ɟ ɑː ɾˠ t̪ˠ iː
gceártaí	ɟ æː ɾˠ t̪ˠ i
gciall	ɟ i ə l̪ˠ
gcine	ɟ ɪ nʲ ə
gciníocha	ɟ ɪ nʲ iː x ə
gciníocha	ɟ ɪ nʲ iː x ə
gciníocha	ɟ ɪ nʲ iː x iː
gciníocha	ɟ ɪ nʲ i x ə
gcis	ɟ ɪ ʃ
gciseanna	ɟ ɪ ʃ ə n̪ˠ ə
gciseanna	ɟ ɪ ʃ ə n̪ˠ iː
gcloisteáil	ɡ lˠ ɔ ʃ tʲ ɑː lʲ
gcnámh	ɡ n̪ˠ ɑ̃ː vˠ
gcnoc	ɡ n̪ˠ ɔ k
gcnoc	ɡ nˠ ɔ k
gcnoc	ɡ ɾˠ ɔ k
gcodanna	ɡ ɔ d̪ˠ ə n̪ˠ ə
gcol	ɡ ɔ lˠ
gcolanna	ɡ ɔ lˠ ə n̪ˠ ə
gcónaí	ɡ oː n̪ˠ iː
gcónaí	ɡ uː n̪ˠ iː
gcónaí	ɡ ɔː n̪ˠ i
géacha	ɟ ɛ ə̯ x ə
géag	ɟ ɛ ə̯ ɡ
géagláidir	ɟ eː ɡ l̪ˠ ɑː dʲ ɪ ɾʲ
géagláidre	ɟ eː ɡ lˠ ɑː dʲ ɾʲ ə
géagleabhair	ɟ eː ɡ l̠ʲ ə u ɾʲ
gealach	ɟ æː l̪ˠ ə x
gealaí	ɟ æː l̪ˠ iː
gealtacht	ɟ a l̪ˠ t̪ˠ ə x t̪ˠ
gealtacht	ɟ æ l̪ˠ t̪ˠ ə x t̪ˠ
gealtacht	ɟ æ l̪ˠ t̪ˠ ə x t̪ˠ
gealtacht	ɟ a l̪ˠ t̪ˠ a x t̪ˠ
géar	ɟ ɛː ɾˠ
géaraigh	ɟ ɛ ə̯ ɾˠ i
geata	ɟ æː t̪ˠ ə
geataí	ɟ a t̪ˠ iː
géillfidh	ɟ e i̯ l̠ʲ h ə
geimhríocha	ɟ iː vʲ ɾʲ iː x iː
géire	ɟ e i̯ ɾʲ ə
geocán	ɟ oː k ɑ̃ː n̪ˠ
geoin	ɟ oː i̯ nʲ
ghad	ɣ aː d̪ˠ
ghaiscíocha	ɣ a ʃ c iː x ə
ghaiscíocha	ɣ a ʃ c iː x ə
ghaiscíocha	ɣ a ʃ c i x ə
ghar	ɣ ɑ ɾˠ
ghar	ɣ a ɾˠ
gharda	ɣ ɑː ɾˠ d̪ˠ ə
gharda	ɣ æː ɾˠ d̪ˠ i
ghardaí	ɣ ɑː ɾˠ d̪ˠ iː
ghardaí	ɣ ɑː ɾˠ d̪ˠ iː
ghardaí	ɣ æː ɾˠ d̪ˠ i
ghealach	j æː l̪ˠ ə x
ghéaraigh	j ɛ ə̯ ɾˠ ə
ghéaraigh	j ɛ ə̯ ɾˠ i
gheibhim	j e i mʲ
ghlais	ɣ lˠ a ʃ
ghlas	ɣ lˠ a sˠ
ghleanna	ʝ lʲ aː n̪ˠ ə
ghléas	ʝ lʲ ɛː ə̯ sˠ
ghlic	ʝ lʲ ɪ c
ghliocacht	ʝ lʲ ɪ k ə x t̪ˠ
ghníomh	ʝ nʲ iː ə̯ vˠ
ghobtha	ɣ ɔ pˠ ə
ghreim	ʝ ɾʲ ë i mʲ
ghreim	ʝ ɾʲ iː mʲ
ghreim	ʝ ɾʲ i mʲ
ghrian	ʝ ɾʲ i ə n̪ˠ
ghrian	ʝ ɾʲ i ə nˠ
ghrian	ʝ ɾʲ i ə n̪ˠ
giolla	ɟ ɯ l̪ˠ ə
giolla	ɟ ɨ l̪ˠ ə
giúiré	ɟ uː ɾʲ eː
glais	ɡ lˠ a ʃ
glan	ɡ l̪ˠ aː n̪ˠ
glasa	ɡ lˠ a sˠ ə
gléas	ɟ lʲ ɛː ə̯ sˠ
glice	ɟ lʲ ɪ c ɪ
gliogaire	ɟ lʲ ɯ ɡ ə ɾʲ ə
gloiniúcha	ɡ lˠ ɪ nʲ uː x iː
gnaitheach	ɡ ɾˠ eː h a x
gnaitheach	ɡ ɾˠ iː h a x
gnéas	ɟ nʲ eː sˠ
gnéas	ɟ ɾʲ eː sˠ
gníomh	ɟ nʲ iː ə̯ vˠ
gníomhaí	ɡ nʲ iː w iː
gobtha	ɡ ɔ pˠ ə
goilí	ɡ ɛ lʲ iː
goilte	ɡ ɛ lʲ tʲ ə
greadhain	ɟ ɾʲ ë i nʲ
Gréagach	ɟ ɾʲ ɛː ə̯ ɡ a x
Gréagach	ɟ ɾʲ ɛː ə̯ ɡ a
gréasán	ɟ ɾ ɛ ə sˠ a nˠ
greim	ɟ ɾʲ ë i mʲ
grianghraf	ɟ ɾʲ i ə nˠ ɣ ɾˠ a fˠ
grua	ɡ ɾˠ u i̯
gruth	ɡ ɾˠ ɯ h
guirme	ɡ ɪ ɾʲ mʲ ə
gúnga	ɡ ɾˠ ũː ŋ ɡ ə
gúnga	ɡ ɾˠ ũː ŋ ə
guth	ɡ ɯ h
hab	h ɑ bˠ
haca	h a k ə
hae	h eː
haenna	h eː n̪ˠ ə
haicme	h a c mʲ ə
haicmí	h a c mʲ iː
hailt	h a l̠ʲ tʲ
hairde	h aː ɾˠ dʲ ə
hairdí	h aː ɾˠ dʲ iː
halt	h a l̪ˠ t̪ˠ
ham	h aː mˠ
ham	h a mˠ
hama	h a mˠ ə
hamas	h a mˠ ə sˠ
haos	h eː sˠ
haos	h iː sˠ
harán	h ə ɾˠ ɑː n̪ˠ
harán	h a ɾˠ ɑː n̪ˠ
harán	h a ɾˠ æ n̪ˠ
hard	h aː ɾˠ d̪ˠ
harda	h aː ɾˠ d̪ˠ ə
hascaill	h aː sˠ k ə l̠ʲ
hataí	h a t̪ˠ iː
hathruithe	h a h ɾˠ ɪ h ə
hé	h eː
heaglaise	h a ɡ ə l̪ˠ ə ʃ ə
heaglaise	h a ɡ lˠ ə ʃ ə
heaglaise	h ɑː ɡ lˠ ə ʃ ə
heaglaise	h a ɡ lˠ ə ʃ ə
heaglaisí	h a ɡ ə l̪ˠ ə ʃ iː
heaglaisí	h a ɡ lˠ ə ʃ iː
heaglaisí	h ɑː ɡ lˠ ə ʃ iː
heaglaisí	h a ɡ lˠ ə ʃ i
heich	h ɛ ç
himeanna	h ɪ mʲ ə n̪ˠ ə
himeanna	h ɪ mʲ ə n̪ˠ iː
hola	h ɔ l̪ˠ ə
holaí	h ɔ lˠ iː
huaire	h u ə ɾʲ ə
huaireanta	h u ə ɾʲ ə n̪ˠ t̪ˠ ə
huaireanta	h u ə ɾʲ ə n̪ˠ t̪ˠ iː
húr	h uː ɾˠ
hursa	h ʊ ɾˠ sˠ ə
imeanna	ɪ mʲ ə n̪ˠ ə
imeanna	ɪ mʲ ə n̪ˠ iː
imeartas	ɪ mʲ ə ɾˠ t̪ˠ ə sˠ
inár	ɪ nˠ aː ɾˠ
inní	ɪ n̠ʲ iː
inniu	ɪ nʲ ɯ vˠ
inse	iː nʲ ʃ ɪ
inseoidh	i nʲ ʃ ɔ ə̯
insím	iː nʲ ʃ ɪ mʲ
insím	nʲ i ʃ ɪ mʲ
iomarca	ɯ mˠ ə ɾˠ k ə
ionaidh	uː n̪ˠ ɪ ɟ
ionaidh	iː nˠ iː
ionaidh	iː nˠ i
iondúil	uː n̪ˠ d̪ˠ uː lʲ
ionga	ũː ŋ ɡ ə
ionga	ũː ŋ ə
iothlann	ɔ l ə n̪ˠ
isteach	ə ʃ tʲ æː x
ithimid	ɪ h ə mʲ ə dʲ
Iúil	uː lʲ
lách	l̪ˠ ɛ ə x
lachan	l̪ˠ a x ə nˠ
lacht	l̪ˠ ɑ x t̪ˠ
lacht	l̪ˠ a x t̪ˠ
lag	l̪ˠ aː ɡ
laghach	l̪ˠ ɛ ə x
láiche	l̪ˠ e i ə
láiche	l̪ˠ ɤ i ə
Laidin	l̪ˠ aː dʲ ə nʲ
laig	l̪ˠ a ɟ
láin	l̪ˠ ɑː nʲ
láin	l̪ˠ æː nʲ
laisteas	l̪ˠ a ʃ tʲ a sˠ
lampaí	l̪ˠ a mˠ pˠ iː
leá	l̠ʲ ɛ w
leaba	l̠ʲ æː bˠ ə
leabharlann	l̠ʲ ə u ɾˠ l̪ˠ ə n̪ˠ
leabharlann	l̠ʲ oː ɾˠ l̪ˠ ə n̪ˠ
leac	l̠ʲ æː k
leadhb	l̠ʲ ɛ ə̯ bˠ
leadhbthacha	l̠ʲ ɛ ə̯ pˠ a x ə
leagan	l̠ʲ æː ɡ ə n̪ˠ
leagtha	l̠ʲ æː k iː
leáigí	l̠ʲ e i̯ j ɪ ɟ iː
leáigí	l̠ʲ e i̯ j ɪ ɟ i
leáim	l̠ʲ ɛ i̯ j ə mˠ
leáite	l̠ʲ e i̯ tʲ ə
léamh	l̠ʲ ɛ w
leanacht	l̠ʲ æː nˠ ə x t̪ˠ
leanbh	l̠ʲ æː n̪ˠ ə vˠ
leanbh	l̠ʲ æː n̪ˠ ə
leas	l̠ʲ æː sˠ
leat	lʲ æː t̪ˠ
leath	l̠ʲ æː
leathair	l̠ʲ æː ɾʲ
leathan	l̠ʲ æː n̪ˠ
leathar	l̠ʲ æː ɾˠ
leictreoir	lʲ ɛ c tʲ ɾʲ oː ɾʲ
leidhbe	lʲ ë i bʲ ə
leidhcide	lʲ ë i c ɪ dʲ ə
léifidh	l̠ʲ e i̯ h ə
leigheas	l̠ʲ ɛ ə̯ sˠ
leigheasfaidh	l̠ʲ ɛ ə̯ sˠ ə
leigheasta	l̠ʲ ɛ ə̯ sˠ t̪ˠ ə
léighim	l̠ʲ ɛ i̯ j ə mˠ
leighis	lʲ ë i ʃ
leighis	l̠ʲ e i ʃ
léigí	l̠ʲ e i̯ j ɪ ɟ iː
léigí	l̠ʲ e i̯ j ɪ ɟ i
léimfidh	l̠ʲ e i mʲ h i
léinte	l̠ʲ eː n̠ʲ tʲ ə
léinteacha	l̠ʲ eː n̠ʲ tʲ ə x iː
léiriú	l̠ʲ eː ɾʲ uː
léiriú	l̠ʲ eː ɾʲ uː
léiriú	l̠ʲ eː ɾʲ u
léite	l̠ʲ e i̯ tʲ ə
leith	l̠ʲ e i̯ ç
léithe	l̠ʲ e i ç ə
léithe	l̠ʲ e i ç ə
léithe	lʲ e i ç ə
léithe	lʲ e i h ə
léití	l̠ʲ e i̯ tʲ i
leonaim	lʲ õː n̪ˠ ə mʲ
liaigh	l̠ʲ e i
lianna	l̠ʲ e i̯ j ə n̪ˠ ĩ
Liatroim	l̠ʲ i ə t̪ˠ ɾˠ ə mʲ
Life	l̠ʲ ɪ fʲ ə
lige	l̠ʲ ɪ ɟ ə
ligis	l̠ʲ ɪ ɟ ɪ ʃ
líofa	lʲ iː ə̯ fˠ ə
liom	lʲ ɯ mˠ
litreach	lʲ i tʲ ɾʲ ə x
litreacha	lʲ ɪ tʲ ɾʲ ə x ə
locha	l̪ˠ ɔ x ə
lochán	l̪ˠ ɔ x ɑː nˠ
loin	l̪ˠ ɪ nˠ
long	l̪ˠ ũː ŋ ɡ
long	l̪ˠ ũː ŋ
longa	l̪ˠ ɔ ŋ ə
longa	l̪ˠ ɔ ŋ ɡ ə
longa	l̪ˠ ʊ ŋ ə
longa	l̪ˠ ʊ ŋ ɡ ə
luasanna	l̪ˠ u ə sˠ ə n̪ˠ ə
luasanna	l̪ˠ u ə sˠ ə n̪ˠ iː
lucha	l̪ˠ ʊ x ə
luime	l̪ˠ ɪ mʲ ə
luin	l̪ˠ ɪ nˠ
madadh	mˠ aː d̪ˠ ə
maide	mˠ aː dʲ ə
maidineacha	mˠ a dʲ ə nʲ ə x ə
maidineacha	mˠ a dʲ ə nʲ ə x iː
maime	mˠ a mʲ ə
Máiréad	mˠ ɑː ɾʲ eː d̪ˠ
Máiréad	mˠ ɑː ɾʲ eː d̪ˠ
Máiréad	mˠ æː ɾʲ a d̪ˠ
Máirtín	mˠ ɑː ɾˠ tʲ iː nʲ
Máirtín	mˠ ɑː ɾˠ tʲ iː nʲ
Máirtín	mˠ æː ɾˠ tʲ i nʲ
mallacht	mˠ aː l̪ˠ ə x t̪ˠ
mam	mˠ a mˠ
mamaí	mˠ a mˠ iː
maoile	mˠ iː lʲ ə
maoineach	mˠ ĩː nʲ ə x
maol	mˠ ëː ə̯ l̪ˠ
maola	mˠ eː lˠ ə
maola	mˠ iː lˠ ə
mapaí	mˠ ɑ pˠ iː
mapaí	mˠ a pˠ iː
mapaí	mˠ a pˠ i
marbh	mˠ aː ɾˠ uː
margadh	mˠ aː ɾˠ ə ɡ ə
maslú	mˠ aː sˠ l̪ˠ uː
mbaile	mˠ e lʲ ə
mbainne	mˠ ɑ ɲ ə
mbainne	mˠ ɑ nʲ ə
mbainne	mˠ a n̠ʲ ə
mbaint	mˠ a n̠ʲ tʲ
mbaint	mˠ ɪ n̠ʲ tʲ
mbáisteach	mˠ aː ʃ tʲ ə x
mbanc	mˠ a ŋ k
mbean	mʲ æː n̪ˠ
mBéarla	mʲ eː ɾˠ lˠ ə
mbeifear	mʲ ɛ j ɑː ɾˠ
mblas	mˠ l̪ˠ ɑ sˠ
mblas	mˠ lˠ a sˠ
mblasanna	mˠ l̪ˠ ɑ sˠ ə n̪ˠ ə
mblasanna	mˠ lˠ a sˠ ə n̪ˠ iː
mblasanna	mˠ lˠ a sˠ ə n̪ˠ ə
mbod	mˠ ɔ d̪ˠ
mbranda	mˠ ɾˠ a n̪ˠ d̪ˠ ə
mbrandaí	mˠ ɾˠ a n̪ˠ d̪ˠ iː
mbrise	mʲ ɾʲ ɪ ʃ ə
mbriseanna	mʲ ɾʲ ɪ ʃ ə n̪ˠ ə
mbriseanna	mʲ ɾʲ ɪ ʃ ə n̪ˠ iː
mbristeacha	mʲ ɾʲ ɪ ʃ tʲ ə x ə
mbristeacha	mʲ ɾʲ ɪ ʃ tʲ ə x iː
Méabh	mʲ ɛ ə̯ w ə
meabhair	mʲ õː ɾʲ
meach	mʲ æː x
méadaigh	mʲ eː a̯ d̪ˠ ɪ ɟ
meadhg	mʲ ɛː ə̯ ɡ
meánaois	mʲ ɑ̃ː n̪ˠ ëː sˠ
méar	mʲ ɛː ɾˠ
meara	mʲ a ɾˠ ə
meas	mʲ æː sˠ
measa	mʲ æː sˠ ə
measaim	mʲ æː sˠ ə mʲ
Meicsiceo	mʲ ɛ c ʃ ɪ c oː
Meicsiceo	m ɛ k s ɪ k oː
meidhg	mʲ ë i ɟ
meidhir	mʲ ë i ɾʲ
méithe	m e i ç ɪ
mhadadh	w aː d̪ˠ ə
mhallacht	w aː l̪ˠ ə x t̪ˠ
mhaoil	vˠ iː lʲ
mhaoil	w iː lʲ
mhaol	vˠ eː l̪ˠ
mhaol	w iː lˠ
mheabhair	vʲ ɑ̃ ɯ̯ ɾʲ
mhéadaigh	vʲ eː a̯ d̪ˠ ɪ ɟ
mheasa	vʲ æː sˠ ə
mhná	vˠ n̪ˠ ɑ̃ː
mholainn	vˠ ɔ lˠ ə ɲ
mholainn	vˠ ɔ lˠ ə n̠ʲ
mholainn	w ɔ lˠ ə n̠ʲ
mholta	vˠ ɔ l̪ˠ t̪ˠ ə
mholta	w ɔ l̪ˠ t̪ˠ ə
mhuineál	w ɪ n ɑː l
mhuiníl	vˠ ɪ nʲ iː lʲ
mhuiníl	w ɪ nʲ iː lʲ
mhuiníl	w ɪ nʲ i lʲ
mífhoighdeach	mʲ iː e i̯ dʲ a x
mífhoighdeach	mʲ iː e i̯ dʲ a
milseog	mʲ ɪ l̠ʲ ʃ oː ɡ
milseog	mʲ ɪ l̠ʲ ʃ oː ɡ
milseog	mʲ ɪ l̠ʲ ʃ ɔ ɡ
milseog	mʲ ɪ l̠ʲ ʃ a ɡ
míofar	mʲ iː ʍ ə ɾˠ
mná	mˠ n̪ˠ ɑ̃ː
mocha	mˠ ɔ x ə
múinteora	mˠ uː nʲ tʲ oː ɾˠ ə
múinteora	mˠ uː nʲ tʲ oː ɾˠ ə
naetha	n̪ˠ eː h ə
naíonán	n̪ˠ iː ə̯ n̪ˠ ɑ̃ː n̪ˠ
náisiúin	n̪ˠ ɑː ʃ uː nʲ
náisiúin	n̪ˠ ɑː ʃ uː nʲ
náisiúin	n̪ˠ æː ʃ u nʲ
náisiúnta	n̪ˠ ɑː ʃ uː n̪ˠ t̪ˠ ə
náisiúnta	n̪ˠ ɑː ʃ uː n̪ˠ t̪ˠ ə
náisiúnta	n̪ˠ æː ʃ u n̪ˠ t̪ˠ ə
namhaid	n̪ˠ ɑ ɯ̯ dʲ
námhaid	n̪ˠ ãː w ə dʲ
naofa	n̪ˠ ëː ə̯ fˠ ə
naofa	n̪ˠ ɪ̃ u̯ fˠ ə
naomh	n̪ˠ ëː ə̯ vˠ
Naomh	n̪ˠ eː vˠ
Naomh	n̪ˠ iː vˠ
Naomh	n̪ˠ iː w
naomhtar	n̪ˠ ɪ̃ u̯ fˠ ə ɾˠ
ndiúc	n̠ʲ uː k
ndochtúirí	n̪ˠ ɔ x t̪ˠ uː ɾʲ iː
ndochtúirí	n̪ˠ ɔ x t̪ˠ uː ɾʲ iː
ndochtúirí	n̪ˠ ɔ x t̪ˠ u ɾʲ i
ndol	n̪ˠ ɔ lˠ
ndola	n̪ˠ ɔ lˠ ə
ndolaí	n̪ˠ ɔ lˠ iː
ndónna	n̪ˠ oː n̪ˠ ə
ndónna	n̪ˠ oː n̪ˠ iː
ndónna	n̪ˠ ɔː n̪ˠ ə
ndosanna	n̪ˠ ɔ sˠ ə n̪ˠ ə
ndosanna	n̪ˠ ɔ sˠ ə n̪ˠ iː
néalta	n̠ʲ ɛ ə̯ l̪ˠ t̪ˠ i
neamhní	nʲ æ vʲ nʲ iː
neart	n̠ʲ æː ɾˠ t̪ˠ
ngad	ŋ aː d̪ˠ
ngalraí	ŋ a lˠ rˠ iː
ngaranna	ŋ a ɾˠ ə n̪ˠ ə
ngaranna	ŋ a ɾˠ ə n̪ˠ iː
ngarda	ŋ ɑː ɾˠ d̪ˠ ə
ngarda	ŋ æː ɾˠ d̪ˠ i
ngardaí	ŋ ɑː ɾˠ d̪ˠ iː
ngardaí	ŋ ɑː ɾˠ d̪ˠ iː
ngardaí	ŋ æː ɾˠ d̪ˠ i
nglais	ŋ lˠ a ʃ
nglas	ŋ lˠ a sˠ
ngoile	ŋ ɛ lʲ ə
ngoilí	ŋ ɛ lʲ iː
Ní	nʲ iː
Niall	n̠ʲ i ə l̪ˠ
nílid	nʲ iː lʲ ɪ dʲ
nílim	nʲ iː lʲ ɪ mʲ
nílimid	nʲ iː lʲ ɪ mʲ iː dʲ
nílir	nʲ iː lʲ ə ɾʲ
níltear	n̠ʲ iː l̠ʲ tʲ ə ɾˠ
nimis	n̠ʲ ɪ mʲ ɪ ʃ
Niocláis	n̠ʲ ɪ k lˠ aː ʃ
Nioclás	n̠ʲ ɪ k lˠ aː sˠ
nóis	n̪ˠ oː ʃ
nóis	n̪ˠ uː ʃ
nóis	n̪ˠ ɔː ʃ
Nóra	n̪ˠ õː ɾˠ ə
Nóra	n̪ˠ ũː ɾˠ ə
nósanna	n̪ˠ oː sˠ ə n̪ˠ ə
nósanna	n̪ˠ uː sˠ ə n̪ˠ ə
nósanna	n̪ˠ oː sˠ ə n̪ˠ iː
nósanna	n̪ˠ uː sˠ ə n̪ˠ iː
nósanna	n̪ˠ ɔː sˠ ə n̪ˠ ə
nuaí	n̪ˠ uː iː
óbó	oː bˠ oː
ócairín	oː k ə ɾʲ iː nʲ
ócairín	oː k ə ɾʲ iː nʲ
ócairín	ɔː k ə ɾʲ i nʲ
oícheanta	iː h ə n̪ˠ t̪ˠ ə
oícheanta	iː ç ə n̪ˠ t̪ˠ ə
oícheanta	iː n̪ˠ t̪ˠ iː
oidhre	e i̯ ɾʲ ə
oighear	e i̯ ɾʲ ə
óinseacha	oː ɲ ʃ ə x ə
óinsí	oː nʲ ʃ iː
óinsí	oː n̠ʲ ʃ iː
óinsí	ɔː n̠ʲ ʃ i
oiseoil	i ʃ ɔ i̯ lʲ
olaí	ɔ lˠ iː
ollbhasún	ɔ l̪ˠ w a sˠ uː nˠ
ollbhua	ɔ l̪ˠ w u ə
olldord	ɔ l̪ˠ d̪ˠ oː ɾˠ d̪ˠ
ollscoil	ɔ l̪ˠ sˠ k ɞ lʲ
ómra	oː mˠ ɾˠ ə
oráiste	ə ɾˠ ɑː ʃ tʲ ə
oráiste	ɔ ɾˠ ɑː ʃ tʲ ə
oráiste	ɔ ɾˠ æ ʃ tʲ ə
oráistí	o r ɑː ʃ tʲ iː
oráistí	o r ɑː ʃ tʲ iː
orlár	ə u ɾˠ l̪ˠ ɑː ɾˠ
osa	ɔ sˠ ə
paor	pˠ ëː ə̯ ɾˠ
pas	pˠ a sˠ
peaca	pʲ æː k ə
peata	pʲ æː t̪ˠ ə
peictiúir	pʲ ɛ c tʲ uː ɾʲ
peictiúr	pʲ ɛ c tʲ uː ɾˠ
Peige	pʲ ɛ ɟ ə
phianta	fʲ i ə n̪ˠ t̪ˠ ə
phiocadh	fʲ ɯ k ə
phiocadh	fʲ ɯ k ə x
phost	fˠ ɔ sˠ t̪ˠ
pianta	pʲ i ə n̪ˠ t̪ˠ ə
piantar	pʲ i ə n̪ˠ t̪ˠ ə ɾˠ
piobar	pʲ ɯ bˠ ə ɾˠ
pioc	pʲ ɯ k
pioc	pʲ ɨ k
piocadh	pʲ ɯ k ə
piocadh	pʲ ɯ k ə ɡ
piocadh	pʲ ɯ k ə x
pise	pʲ ɪ ʃ ə
piteog	pʲ ɪ tʲ oː ɡ
piteog	pʲ ɪ tʲ oː ɡ
piteog	pʲ ɪ tʲ ɔ ɡ
piteog	pʲ ɪ tʲ a ɡ
plaosc	pˠ l̪ˠ ëː ə̯ sˠ k
plátaí	pˠ lˠ ɑː t̪ˠ iː
plátaí	pˠ lˠ ɑː t̪ˠ iː
plátaí	pˠ lˠ æː t̪ˠ i
pleidhc	p l ə i k
poblacht	pˠ ɔ bˠ l a x t̪ˠ
pócaí	pˠ oː k iː
pócaí	pˠ ɔː k i
poipín	pˠ ɛ pʲ iː nʲ
poipín	pˠ ɛ pʲ iː nʲ
pol	pˠ ɔ lˠ
polla	pˠ ɔ l̪ˠ ə
portán	pˠ ə ɾˠ t̪ˠ ɑ̃ː n̪ˠ
post	pˠ ɔ sˠ t̪ˠ
práta	pʲ ɾʲ ɛ ə̯ t̪ˠ ə
prátaí	pʲ ɾʲ ɛ ə̯ t̪ˠ iː
prátaí	pʲ ɾʲ ɛ ə̯ t̪ˠ i
préachán	pʲ ɾʲ iː ə̯ x ɑ̃ː n̪ˠ
préachta	pʲ ɾʲ ɛ a̯ x t̪ˠ ə
préata	pʲ ɾʲ ɛ ə̯ t̪ˠ ə
préataí	pʲ ɾʲ ɛ ə̯ t̪ˠ iː
préataí	pʲ ɾʲ ɛ ə̯ t̪ˠ i
puint	pˠ ɪ nʲ tʲ
rabhabhair	ɾˠ a u w ə ɾʲ
rabhadar	ɾˠ a w ə d̪ˠ ə ɾˠ
rabhadh	ɾˠ ɔ h uː
rabhais	ɾˠ a ɯ i̯ ʃ
rabhamar	ɾˠ a w ə mˠ ə ɾˠ
rabhthar	ɾˠ o ʍ ə ɾˠ
radhairc	ɾˠ ɑ ɪ ə ɾʲ c
radhairc	ɾˠ ɑ ɪ ɾʲ c
raimhre	ɾˠ a vʲ ɾʲ ə
ráithe	ɾˠ aː i̯ ç ə
rámhaíocht	ɾˠ ɑ̃ː w̃ ĩ̠ ə x t̪ˠ
ramhra	ɾˠ ə u ɾˠ ə
rang	ɾˠ aː ŋ ɡ
rath	ɾˠ aː
reabab	ɾˠ a bˠ ə bˠ
réabadh	ɾˠ ëː ə̯ bˠ ə
réalt	ɾˠ ɛ ə̯ l̪ˠ t̪ˠ
riabhóg	ɾˠ ɛː w ɔ ɡ
riartha	ɾˠ i ə ɾˠ h ə
rincí	ɾˠ ɪ ɲ c iː
rincí	ɾˠ ɪ ɲ c iː
rincí	ɾˠ ɪ ɲ c i
rinneabhair	ɾˠ ɪ nʲ ə w ə ɾʲ
rinnis	ɾˠ ɪ nʲ ə ʃ
ríoga	ɾˠ iː ɡ ə
ríthe	ɾˠ iː h ə
ronnach	ɾˠ ə n̪ˠ a x
ronnach	ɾˠ ɔ n̪ˠ ə x
ronnach	ɾˠ ʊ n̪ˠ ə x
ronnach	ɾˠ ɤ n̪ˠ a x
ronnach	ɾˠ ɤ n̪ˠ a h
ronnach	ɾˠ ɤ n̪ˠ a
rop	ɾˠ ɔ pˠ
ropa	ɾˠ ɔ pˠ ə
ropad	ɾˠ ɔ pˠ ə d̪ˠ
ropas	ɾˠ ɔ pˠ ə sˠ
rothair	ɾˠ o h ə ɾʲ
ruán	ɾˠ uː ɑː nˠ
rudaí	ɾˠ ʊ d̪ˠ iː
rudaí	ɾˠ ʊ d̪ˠ iː
rudaí	ɾˠ ʊ d̪ˠ i
rugabhair	ɾˠ ʊ ɡ ə w ə ɾʲ
rugais	ɾˠ ʊ ɡ ə ʃ
rugamar	ɾˠ ʊ ɡ ə mˠ ə ɾˠ
rugas	ɾˠ ʊ ɡ ə sˠ
ruifíneach	ɾˠ ə fʲ iː nʲ ə x
ruifíneach	ɾˠ ɪ fʲ iː nʲ ə x
ruifíneach	ɾˠ ɪ fʲ i nʲ a h
ruifíneach	ɾˠ ɪ fʲ i nʲ a
Rúise	ɾˠ uː ʃ ə
sac	sˠ aː k
sacsafón	sˠ a k sˠ ə fˠ oː nˠ
sagairt	sˠ aː ɡ ə ɾˠ tʲ
sagart	sˠ aː ɡ ə ɾˠ t̪ˠ
sagartúil	sˠ ɑ ɡ ə ɾˠ t̪ˠ uː lʲ
sagartúil	sˠ a ɡ ə ɾˠ t̪ˠ uː lʲ
sagartúil	sˠ a ɡ ə ɾˠ t̪ˠ u lʲ
saibhir	sˠ e i vʲ ə ɾʲ
sáith	sˠ aː i̯ ç
salach	sˠ aː l̪ˠ ə x
Samhna	sˠ ə ʊ nˠ ə
San	sˠ a nˠ
saorstát	sˠ eː ɾˠ sˠ t̪ˠ ɑː t̪ˠ
saorstát	sˠ iː ɾˠ sˠ t̪ˠ ɑː t̪ˠ
saorstát	sˠ iː ɾˠ sˠ t̪ˠ æː t̪ˠ
sásar	sˠ ɑː sˠ ə ɾˠ
sásar	sˠ æː sˠ ə ɾˠ
scagtha	sˠ k ɑ k ə
scagtha	sˠ k a k ə
scaitheamh	sˠ k aː
scamhóg	sˠ k aː w oː ɡ
scanradh	sˠ k ɑː nˠ t ɾˠ uː
scanradh	sˠ k aː nˠ rˠ uː
scanradh	sˠ k aː nˠ rˠ u
scanraigh	sˠ k a u n̠ˠ d̠͡ɹ̝ˠ ɪ ɟ
scanraigh	sˠ k ɑː n̠ˠ t̠͡ɹ̝ˠ ə
scanraigh	sˠ k aː nˠ rˠ i
scanraithe	sˠ k aː nˠ rˠ i
scanrú	sˠ k a u n̠ˠ d̠͡ɹ̝ˠ uː
scanrú	sˠ k ɑː n̠ˠ t̠͡ɹ̝ˠ uː
scéal	ʃ c ɛ ə lˠ
scéalaithe	ʃ c eː lˠ ɪ h ə
sceamhaíl	sˠ c a w̃ ĩ̠ː ə̯ l̪ˠ
sceiche	ʃ c ɛ ç ə
scine	ʃ c ɪ nʲ ə
sciob	sˠ c ɯ bˠ
sciob	ʃ c ɯ bˠ
sciobaim	sˠ c ɯ̽ bˠ ə mʲ
sciobaim	ʃ c ɯ̽ bˠ ə mʲ
sciorta	ʃ c ɪ ɾˠ t̪ˠ ə
scrábán	sˠ k ɾˠ ɑː b ɑ̃ː n̪ˠ
scríob	sˠ c ɾʲ iː ə̯ bˠ
scrúdú	sˠ k ɾˠ uː d̪ˠ uː
scrúdú	sˠ k ɾˠ uː d̪ˠ uː
scrúdú	sˠ k ɾˠ uː d̪ˠ u
seachain	ʃ æː x ə nʲ
seachas	ʃ æː x ə sˠ
seacht	ʃ æː x t̪ˠ
seachtainí	ʃ a x t̪ˠ ə nʲ iː
seafóid	ʃ a fˠ oː i̯ dʲ
seagal	ʃ æː ɡ ə l̪ˠ
Seáinín	ʃ aː nʲ iː nʲ
Seáinín	ʃ ɑː nʲ iː nʲ
Seáinín	ʃ æː nʲ i nʲ
sealbh	ʃ a lˠ ə vˠ
sealbha	ʃ a lˠ ə vˠ ə
Séamaisín	ʃ eː mˠ ə ʃ iː nʲ
Séamaisín	ʃ eː mˠ ə ʃ iː nʲ
Séamaisín	ʃ eː mˠ ə ʃ i nʲ
séanas	ʃ eː n̪ˠ ə sˠ
seanbhean	ʃ æː n̪ˠ vʲ æː n̪ˠ
seandaoine	ʃ a n d iː n ə
seanduine	ʃ æː n̪ˠ ɪ nʲ ə
seanmóir	ʃ æː n̪ˠ ə mˠ oː ɾʲ
Seapáin	ʃ a pˠ ɑː nʲ
seas	ʃ æː sˠ
seasamh	ʃ æː sˠ ə
seastar	ʃ a sˠ t̪ˠ ə ɾˠ
seiche	ʃ ɛ i̯ ç ə
SEIF	ʃ ɛ fʲ
seilbhe	ʃ ɛ lʲ ə vʲ ə
seilg	ʃ ɛ lʲ ɪ ɟ
seithe	ʃ ɛ i̯ ç ə
seomraí	ʃ oː mˠ ɾˠ iː
seomraí	ʃ uː mˠ ɾˠ iː
seordán	ʃ oː ɾˠ d̪ˠ ɑ̃ː n̪ˠ
sháith	h aː i̯ ç
shalach	h aː l̪ˠ ə x
sheacht	h æː x t̪ˠ
shean	h a nˠ
shean	h æː nˠ
sheasamh	h æː sˠ ə
shéid	h eː dʲ
shleamhain	h l̥ʲ ɑ̈ ɯ i̯ nʲ
shnaidhm	h n̪ˠ ĩ̠ː mʲ
shnaidhm	n̪ˠ ĩ̠ː mʲ
shnáimh	h n̥̪ˠ ɑ̃ː i̯ vʲ
shneachta	h nʲ æː x t̪ˠ ə
shneachta	nʲ æː x t̪ˠ ə
shníomh	h nʲ iː ə̯ vˠ
shníomhtaí	nʲ i u ʍ i
shrian	h ɾˠ ɛ ə̯ nˠ
shrian	ɾˠ ɛ ə̯ nˠ
sia	ʃ i ə
síbín	ʃ iː bʲ iː nʲ
síbín	ʃ iː bʲ iː nʲ
síbín	ʃ iː bʲ i nʲ
silín	ʃ ɪ lʲ iː nʲ
silín	ʃ ɪ lʲ iː nʲ
silín	ʃ ɪ lʲ i nʲ
sioc	ʃ ɯ k
sióg	ʃ iː oː ɡ
siolla	ʃ ɯ l̪ˠ ə
siolla	ʃ ɨ l̪ˠ ə
síolraigh	ʃ iː lˠ rˠ i
síolrú	ʃ i ə lˠ rˠ uː
Sionainn	ʃ ɪ nˠ ə n̠ʲ
síthe	ʃ iː h ə
slaba	sˠ l̪ˠ a bˠ ə
slat	sˠ l̪ˠ aː t̪ˠ
sliotar	ʃ lʲ ɪ t̪ˠ ə ɾˠ
sluaigh	sˠ l̪ˠ u ɛ̯ ɟ
sluaigh	sˠ l̪ˠ u i̯
sméar	sˠ mʲ ɛː ɾˠ
sméire	sˠ mʲ e i̯ ɾʲ ə
snaidhmfidh	sˠ n̪ˠ ɪ̃ː mʲ h ə
snaidhmthe	sˠ n̪ˠ ɪ̃ː mʲ h ə
snáithe	sˠ n̪ˠ aː i̯ ç ə
snámhfaidh	sˠ n̪ˠ aː ʍ ə
sneachta	ʃ nʲ æː x t̪ˠ ə
sní	ʃ n̠ʲ iː
sníofa	ʃ n̠ʲ i u̯ ʍ ə
sníomh	ʃ nʲ iː ə̯ vˠ
sníomhfaidh	ʃ n̠ʲ i u̯ ʍ ə
sníomhtha	ʃ n̠ʲ i u̯ ʍ ə
snite	ʃ n̠ʲ ɪ tʲ ə
sonrú	sˠ oː nˠ rˠ u
spéir	sˠ pʲ e i̯ ɾʲ
splanc	sˠ pˠ l̪ˠ aː ŋ k
spóirt	sˠ pˠ oː ɾˠ tʲ
spóirt	sˠ pˠ ɔː ɾˠ tʲ
spórt	sˠ pˠ oː ɾˠ t̪ˠ
spórt	sˠ pˠ ɔː ɾˠ t̪ˠ
spréifidh	sˠ pʲ ɾʲ ɛ i̯ ç ə
spréim	sˠ pʲ ɾʲ e i̯ j ə mˠ
spréite	sˠ pʲ ɾʲ ɛ i̯ tʲ ə
spúnóig	sˠ pˠ uː n̪ˠ oː ɟ
sráid	sˠ ɾˠ ɑː i̯ dʲ
sráid	sˠ ɾˠ ɑː dʲ
sráid	ʂ ɽ aː dʲ
sráid	ʂ aː dʲ
sráideanna	sˠ ɾˠ ɑː dʲ ə n̪ˠ ə
sráideanna	sˠ ɾˠ ɑː dʲ ə n̪ˠ iː
sráideanna	sˠ ɾˠ aː dʲ ə n̪ˠ ə
sráideog	ʂ ɽ aː dʲ ɔ ɡ
sráideog	ʂ aː dʲ ɔ ɡ
srath	ʂ ɽ a
srath	ʂ a
srathair	ʂ ɽ a h ə ɾˠ
srathair	ʂ a h ə ɾˠ
srathair	ʂ ɽ a h æ ɾʲ
srathair	ʂ a h æ ɾʲ
srathair	ʂ ɽ a h ə ɾʲ
srathair	ʂ a h ə ɾʲ
srathnaigh	ʂ ɽ ɞ h nˠ i
srathnaigh	ʂ ɞ h nˠ i
srathnú	ʂ ɽ ɞ h nˠ u
srathnú	ʂ ɞ h nˠ u
srathnú	ʂ ɽ ɞ h n̪ˠ u
srathnú	ʂ ɞ h n̪ˠ u
sréin	ʂ ɽ eː nʲ
sréin	ʂ eː nʲ
srian	ʂ ɽ ɛ ə̯ nˠ
srian	ʂ ɛ ə̯ nˠ
srófach	ʂ ɽ ɔː fˠ a x
srófach	ʂ ɽ ɔː fˠ a
srófach	ʂ ɔː fˠ a x
srófach	ʂ ɔː fˠ a
srón	ʂ ɾˠ oː nˠ
sruth	ʂ ɽ ʊ h
sruth	ʂ ɽ ʊ
sruth	ʂ ʊ h
sruth	ʂ ʊ
sruthán	ʂ ɽ ʊ h a nˠ
sruthán	ʂ ʊ h a nˠ
staileanna	sˠ t̪ˠ a lʲ ə n̪ˠ ə
stéiceacha	ʃ tʲ e i̯ c a x ə
strainséaraí	sˠ t̪ˠ ɾˠ æː n̠ʲ ʃ eː ɾˠ iː
strainséir	sˠ t̪ˠ ɾˠ æː n̠ʲ ʃ eː ɾˠ ə
suaimhneach	sˠ uː ɪ̯ vʲ n̠ʲ a x
suaimhneach	sˠ uː ɪ̯ vʲ n̠ʲ a
suain	sˠ u ə nʲ
suaite	sˠ u i̯ tʲ ə
súgartha	sˠ uː ɡ ə ɾˠ h ə
súgradh	sˠ uː ɡ ɾˠ ə
súgradh	sˠ uː ɡ ɾˠ u
súiche	sˠ u i̯ ç ɪ
suíleáil	sˠ iː lʲ ɑː lʲ
suíleálacha	sˠ iː lʲ ɑː l̪ˠ ə x iː
súsafón	sˠ uː sˠ ə fˠ oː nˠ
tábhachtach	t̪ˠ ɑː x t̪ˠ ə x
tábhachtach	t̪ˠ ɑː w ə x t̪ˠ ə x
tábhachtach	t̪ˠ æː w ə x t̪ˠ a h
tábhachtach	t̪ˠ æː w ə x t̪ˠ a
tabhartha	t̪ˠ a u ɾˠ h ə
tabharthach	t̪ˠ a u ɾˠ h ə x
tabharthach	t̪ˠ oː ɾˠ h a x
tabharthach	t̪ˠ oː ɾˠ h a h
tabharthach	t̪ˠ oː ɾˠ h a
tábla	t̪ˠ æː bˠ lˠ ə
tádar	t̪ˠ ɑː d̪ˠ ə ɾˠ
taenna	t̪ˠ eː n̪ˠ ə
tafann	t̪ˠ a u̯ ʍ ə n̪ˠ t̪ˠ
tafann	t̪ˠ a u̯ ʍ ə n̪ˠ
tagad	t̪ˠ ɑ ɡ ə d̪ˠ
tagaid	t̪ˠ ɑ ɡ ə dʲ
tagaim	t̪ˠ a ɡ ə mʲ
tagaimid	t̪ˠ a ɡ ə mʲ ə dʲ
táid	t̪ˠ ɑː dʲ
tailte	t̪ˠ a l̠ʲ tʲ ə
táimid	t̪ˠ ɑː mʲ ə dʲ
táir	t̪ˠ ɑː ɾʲ
taitneamh	t̪ˠʰ æː ɲ ə
taitnigh	t̪ˠ æː n̠ʲ ə
talamh	t̪ˠ aː l̪ˠ ə
taltaí	t̪ˠ aː l̪ˠ t̪ˠ iː
tamall	t̪ˠ aː mˠ ə l̪ˠ
taobhanna	t̪ˠ eː vˠ ə n̪ˠ ə
taobhanna	t̪ˠ iː w ə n̪ˠ ə
taobhanna	t̪ˠ iː w ə n̪ˠ iː
taoi	t̪ˠ iː
taoibh	t̪ˠ iː vʲ
taois	t̪ˠ iː ʃ
Taoiseach	t̪ˠ iː ʃ ə x
Taoiseach	t̪ˠ iː ʃ a x
Taoiseach	t̪ˠ iː ʃ a h
taoiseach	t̪ˠ iː ʃ ə x
taoiseach	t̪ˠ iː ʃ a x
taoiseach	t̪ˠ iː ʃ a h
taos	t̪ˠ ë ə sˠ
tarbh	t̪ˠ aː ɾˠ ə w
tarbh	t̪ˠ aː ɾˠ uː
táthar	t̪ˠ ɑː h ə ɾˠ
táthar	t̪ˠ ɑː ɾˠ
táthar	t̪ˠ æ h ə ɾˠ
tchíonn	tʲ iː n̪ˠ
teach	tʲ æː x
teacht	tʲ æː x t̪ˠ
téagarthach	tʲ ɛ ə̯ ɡ ə ɾˠ a x
téagarthach	tʲ ɛ ə̯ ɡ ə ɾˠ a
teallach	tʲ æː l̪ˠ ə x
teanga	tʲ æː ŋ ɡ ə
téann	tʲ ɛ ə n̪ˠ
téigh	tʲ ɛː
téigh	tʲ e i
téim	tʲ ɛː mˠ
téite	tʲ eː i̯ tʲ ə
teorainneacha	tʲ oː ɾˠ ə n̠ʲ ə x ə
teorann	tʲ oː ɾˠ ə n̪ˠ
teoranta	tʲ oː ɾˠ ə n̪ˠ t̪ˠ ə
thae	h eː
thalamh	h aː l̪ˠ ə
thángthas	h aː n ə k ə s
the	h ɛ
theacht	h æː x t̪ˠ
théann	h ɛ ə n̪ˠ
théid	h e i̯ dʲ
theo	ç oː
thinn	h ə i ɲ
thinn	h ə i nʲ
thinn	h iː n̠ʲ
thinn	h ɪ n̠ʲ
thinn	h ɪ n̠ʲ
thiocfas	ç u k ə sˠ
thor	h ɔ ɾˠ
thríbhse	h ɾʲ iː pʲ ʃ ə
thrídsean	h ɾʲ iː tʲ sˠ ə nˠ
thríothusan	h ɾʲ iː pˠ sˠ ə nˠ
thuaidh	h u i̯
thugainn	h ʊ ɡ ə n̠ʲ
thugainn	h ʊ ɡ ə ɲ
tigeann	tʲ ɪ ɟ ə n̪ˠ
tímid	tʲ iː mʲ ə dʲ
timpistí	tʲ ɪ mˠ pˠ ə ʃ tʲ iː
timpistí	tʲ iː mˠ pˠ ə ʃ tʲ iː
tinn	tʲ ë i nʲ
tintreacha	tʲ iː n̠ʲ tʲ ɾʲ ə x iː
tiocfaid	tʲ ʊ k ə dʲ
tiocfaimid	tʲ ʊ k ə mʲ ə dʲ
tiocfair	tʲ ʊ k ə ɾʲ
tiocfar	tʲ ʊ k f ə ɾˠ
tiocfas	tʲ ʊ k ə sˠ
tíreacha	tʲ iː ɾʲ ə x iː
tiubh	tʲ ɯ vˠ
tobac	t̪ˠ ə bˠ aː k
tochail	t̪ˠ ɔ x ə lʲ
tochais	t̪ˠ ɔ x ə ʃ
tóin	t̪ˠ ũː n̪ˠ
tóin	t̪ˠ õː n̪ˠ
toirbh	t̪ˠ ɛ ɾʲ ə vʲ
tola	t̪ˠ ɔ l̪ˠ ə
Tomáisín	t̪ˠ ə mˠ ɑː ʃ iː nʲ
Tomáisín	t̪ˠ ʊ mˠ ɑː ʃ iː nʲ
Tomáisín	t̪ˠ ʊ mˠ æ ʃ i nʲ
tosta	t̪ˠ ɔ sˠ t̪ˠ ə
tostad	t̪ˠ ɔ sˠ t̪ˠ ə d̪ˠ
tráchtaigí	t̪ˠ ɾˠ ɑː x t̪ˠ ə ɟ iː
traona	t̪ˠ ɾˠ ɛ ə̯ nˠ ə
trasna	tʲ ɾʲ æː sˠ n̪ˠ ə
treallach	tʲ ɾʲ a l̪ˠ ə x
tréas	tʲ ɾʲ eː sˠ
tréigim	tʲ ɾʲ e i ɟ ə mˠ
tréigthe	tʲ ɾʲ eː c ɪ
tréigthe	tʲ ɾʲ e i̯ c ə
trombón	t̪ˠ ɾˠ ɔ mˠ bˠ oː nˠ
trombón	t̪ˠ ɾˠ ɔ mˠ bˠ oː nˠ
tsagairt	t̪ˠ aː ɡ ə ɾˠ tʲ
tsagart	t̪ˠ aː ɡ ə ɾˠ t̪ˠ
tseanduine	tʲ æː n̪ˠ ɪ nʲ ə
tseilbh	tʲ ɛ lʲ ə vʲ
tsluaigh	t̪ˠ l̪ˠ u ɛ̯ ɟ
tsluaigh	t̪ˠ lˠ u i̯
tuillidh	t̪ˠ ɪ l̠ʲ iː
tuillidh	t̪ˠ ɪ lʲ ɪ ɟ
uait	vˠ u ɛ̯ tʲ
uait	w u ɪ̯ dʲ
Uasal	u ə sˠ ə lˠ
uasghrádú	u ə sˠ ɣ ɾˠ ɑː d̪ˠ uː
uasghrádú	u ə sˠ ɣ ɾˠ ɑː d̪ˠ uː
uasghrádú	u ə sˠ ɣ ɾˠ æː d̪ˠ u
uis	ɪ ʃ
uisce	i ʃ c ɪ
ullamh	ɔ l̪ˠ ə vˠ
ullamh	ʊ l̪ˠ ə vˠ
ullamh	ʊ l̪ˠ uː
uncaileacha	uː ŋ k ə lʲ ə x iː
VEID	vʲ ɛ dʲ
