A	aː
Aadem	ɔː t ə m
Aademseppel	ɔː t ə m s e p ə l
Aademsepple	ɔː t ə m s e p l ə
Aadler	ɔː t l a
Aagust	ɔː k u ʃ t
Aandacht	ɔː n t a x t
Aanfang	ɔː n f a ŋ
Aanfeng	ɔː n f ɛ ŋ
Aanfenger	ɔː n f ɛ ŋ ɐ
Aanstreiche	ɔː n ʃ t r a ɪ̯ ç ə
Aanstrengung	ɔː n ʃ t r ɛ ŋ u ŋ
Aanung	ɔː n u ŋ
Aanzugh	ɔː n t͡s uː ç
Aapehoer	ɔː p ə h oː ɐ
Aarem	ɔː r ə m
Aarmel	ɔː r m l̩
Aarmut	ɔː r m uː t
Aarsch	ɔː ʃ
Aarschback	ɔː ʃ p a k
Aarschdaarem	ɔː ʃ t ɔː r ə m
Aarschdäärem	ɔː ʃ t ɛː r ə m
Aarschloch	ɔː ʃ l o x
Aart	ɔː t
Aarvet	ɔː r v ə t
Aarveter	ɔː r v ə t a
Abakaschi	a p a k a ʃ iː
Abakatt	a p a k a t
Abakattebaam	a p a k a t ə p ɔː m
Abakus	aː p a k u s
Abaschur	a p a ʃ uː r
Abbau	a p a ʊ̯
Abbildung	a p p i l d u ŋ
Abiu	a p i ʊ̯
Aborischënë	a p o r i ʃ e n e
Aborischënës	a p o r i ʃ e n e s
Abrass	a p r a s
Achs	a k s
Achse	a k s ə
Achteck	a x t e k
Achtel	a x t l̩
Acker	a k a
Advent	a t v ɛ n t
Advente	a t v ɛ n t ə
Aff	a f
Affe	a f ə
Afrikaaner	a f r i k ɔː n a
Aluminium	a l u m iː n i u m
Amigo	a m iː k o
Amulett	a m u l e t
Angel	a ŋ ə l
Antrich	a n t r i ç
April	a p r i l
April	a p r iː l
Arschentina	a r ʃ ə n t iː n a
Arschentina	a ʃ ə n t iː n a
Arschentinas	a r ʃ ə n t iː n a s
Arschentinas	a ʃ ə n t iː n a s
Arschentino	a r ʃ ə n t iː n o
Arschentino	a ʃ ə n t iː n o
Arschentinos	a r ʃ ə n t iː n o s
Arschentinos	a ʃ ə n t iː n o s
Asilee	a s i l eː
Assaih	a s a iː
Assaihpallem	a s a iː pʰ a l ə m
Astre	a ʃ t r ə
Asëitona	a s e ɪ̯ t oː n a
Asëitona	a s e ɪ̯ t ɔ n a
Au	a ʊ̯
Aue	a ʊ̯ ə
August	a ʊ̯ k u ʃ t
Australiaaner	a ʊ̯ ʃ t r a l i ɔː n a
Australje	a ʊ̯ ʃ t r a l j ə
Auto	a ʊ̯ t o
Aviong	a v i ɔ ŋ
Baad	p ɔː t
Baadezimmer	p ɔː r ə t͡s i m ɐ
Baal	p ɔː l
Baam	p ɔː m
Baart	p ɔː t
Balke	p a l k ə
Banann	p a n a n
Bananne	p a n a n ə
Bascharell	p a ʃ a r e l
Batt	p a t
Batte	p a t ə
Battrich	p a t r i ç
Beeder	p eː r ɐ
Beel	p eː l
Beem	p eː m
Been	p eː n
Beer	p eː ɐ
Beil	p a ɪ̯ l
Belche	p e l ç ə
Belsnickel	p e l s n i k ə l
Bentevi	p ɛ n t ə v iː
Berrich	p ɛ r i ç
Bia	p iː a
Bias	p iː a s
Bicher	p i ç a
Bichs	p i k s
Bier	p iː a
Bild	p i l t
Bildche	p i l t ç ə
Bilder	p i l t a
Bingje	p i ŋ j ə
Bingjebaam	p i ŋ j ə p ɔː m
Bingjebeemche	p i ŋ j ə p eː m ç ə
Biru	p i r u
Biru	p iː r u
Blaat	p l ɔː t
Blau	p l a ʊ̯
Bletter	p l e t a
Blud	p l uː t
Blumm	p l u m
Blumme	p l u m ə
Bluse	p l uː s ə
Blusje	p l u s j ə
Boddem	p o r ə m
Bohn	p oː n
Bohne	p oː n ə
Bolasch	p o l a ʃ
Bolasche	p o l a ʃ ə
Bolo	p o l o
Bolo	p oː l o
Bolos	p o l o s
Bolos	p oː l o s
Boot	p oː t
Bopp	p o p
Borrich	p ɔ r i ç
Borriche	p ɔ r i ç ə
Brasil	p r a s iː l
Braud	p r a ʊ̯ t
Braun	p r a ʊ̯ n
Brick	p r i k
Brief	p r iː f
Brieh	b r iː
Brod	p r oː t
Bruch	p r u x
Brunne	p r u n ə
Brust	p r u ʃ t
Brësiliaaner	p r e s i l i ɔː n a
Brësiliaanisch	p r e s i l i ɔː n i ʃ
Bub	p uː p
Buch	p u x
Buger	p uː k ɐ
Burgees	p u r k eː s
Burgeese	p u r k eː s ə
Burgeesin	p u r k eː s i n
Buss	p u s
Butter	p u t a
Bäer	p ɛː a
Bäerche	p ɛː a ç ə
Bäre	p ɛː r ə
Bärin	p ɛː r i n
Bërinschela	p e r i n ʃ eː l a
Bërinschelas	p e r i n ʃ eː l a s
Casais	k a s a ɪ̯ s
Casal	k a s a l
China	ʃ iː n a
Chinees	ʃ i n eː s
Chineese	ʃ i n eː s ə
Cinema	s i n eː m a
Codorna	kʰ o t ɔ n a
Cogumelo	k o k u m eː l o
Daa	t ɔː
Daabheet	t ɔː p h eː t
Daabheit	t ɔː p h a ɪ̯ t
Daaf	t ɔː f
Daafe	t ɔː f ə
Daafel	t ɔː f l̩
Daagh	t ɔː x
Daal	t ɔː l
Daarem	t ɔː r ə m
Dach	t a x
Dachs	t a k s
Damm	t a m
Damp	t a m p
Dank	t a ŋ k
Danke	t a ŋ k ə
Dann	t a n
Daume	t a ʊ̯ m ə
Decher	t e ç a
Deer	t eː a
Deere	t eː r ə
Deitsch	t a ɪ̯ t͡ʃ
Deitschland	t a ɪ̯ t͡ʃ l a n t
Deivel	t a ɪ̯ v l̩
Demm	t ɛ m
Dezember	t eː t͡s ɛ m p a
Dier	t iː a
Diere	t iː r ə
Digraf	t i k r aː f
Disch	t i ʃ
Dochter	t o x t ɐ
Dod	t oː t
Dorn	t ɔ n
Dorst	t ɔ ʃ t
Doss	t o s
Dossje	t o s j ə
Draam	t r ɔː m
Draum	t r a ʊ̯ m
Dreen	t r eː n
Dreim	t r a ɪ̯ m
Dunkelblau	t u ŋ k ə l p l a ʊ̯
Dunkelgrien	t u ŋ k l̩ k r iː n
Dunkelheed	t u ŋ k ə l h eː t
Ecker	e k a
Eel	eː l
Eesterreich	eː ʃ t ə r a ɪ̯ ç
Effche	e f ç ə
Eher	eː ɐ
Eherlichkeet	eː ɐ l i ç kʰ eː t
Eherlichkeit	eː ɐ l i ç kʰ a ɪ̯ t
Eich	a ɪ̯ ç
Eis	a ɪ̯ s
Eise	a ɪ̯ s ə
England	ɛ ŋ l a n t
Enn	ɛ n
Enne	ɛ n ə
Enner	ɛ n a
Ent	ɛ n t
Ente	ɛ n t ə
Eppel	e p ə l
Epple	e p l ə
Erreb	ɛ r ə p
Esponja	ə s p o n ʃ a
Esse	e s ə
Eu	ɔ ɪ̯
Euer	ɔ ɪ̯ a
Faan	f aː n
Faan	f ɔː n
Fabrick	f a p r i k
Fakong	f a k ɔ ŋ
Fallek	f a l ə k
Fasaunhinkel	f a s a ʊ̯ n h i ŋ k ə l
Fatter	f a t a
Faust	f a ʊ̯ ʃ t
Februa	f eː p r u aː
Februer	f eː p r u a
Feghel	f eː ç ə l
Feier	f a ɪ̯ a
Feilche	f a ɪ̯ l ç ə
Feind	f a ɪ̯ n t
Fenster	f ɛ n ʃ t a
Fest	f e ʃ t
Fetter	f e t a
Fettre	f e t r ə
Finger	f i ŋ a
Finnland	f i n l a n t
Fisch	f i ʃ
Fleet	f l eː t
Fliss	f l i s
Fluss	f l u s
Foghel	f oː x ə l
Fohl	f oː l
Forreb	f ɔ r ə p
Forz	f ɔ t͡s
Fraa	f r ɔː
Fraae	f r ɔː ə
Frankreich	f r a ŋ k r a ɪ̯ ç
Franzeesisch	f r a n t͡s eː s i ʃ
Franzoos	f r a n t͡s oː s
Freind	f r a ɪ̯ n t
Frihling	f r iː l i ŋ
Froh	f r oː
Frohe	f r oː ə
Frucht	f r u x t
Fuer	f uː a
Fumm	f u m
Fummstecker	f u m ʃ t e k a
Fummstock	f u m ʃ t o k
Fusball	f uː s p a l
Gaarde	k ɔː t ə
Gaas	k ɔː s
Gans	k a n s
Gaul	k a ʊ̯ l
Gedrenk	k ə t r ɛ ŋ k
Geel	k eː l
Geld	k e l t
Gelechenheed	k ə l e ç ə n h eː t
Gelleb	k e l ə p
Gellebrieb	k e l ə p r iː p
Gemies	k ə m iː s
Gescherr	k ə ʃ ɛ r
Gesicht	k ə s i ç t
Gesundheed	k ə s u n t h eː t
Getter	k e t a
Gettin	k e t i n
Gewisse	k ə v i s ə
Gift	k i f t
Glaas	k l ɔː s
Gleeser	k l eː s a
Glick	k l i k
Goiaab	k o j ɔː p
Goiaave	k o j ɔː v ə
Gold	k o l t
Gott	k o t
Graas	k r ɔː s
Granitt	k r a n i t
Graschaing	k r a ʃ a i ŋ
Grau	k r a ʊ̯
Grenz	k r ɛ n s
Grenz	k r ɛ n t͡s
Griecheland	k r iː ç ə l a n t
Grien	k r iː n
Gripp	k r i p
Grummbeer	k r u m p eː a
Grummbeere	k r u m p eː r ə
Grund	k r u n t
Gäärde	k ɛː t ə
Haan	h ɔː n
Hand	h a n t
Handduch	h a n t t u x
Hannes	h a n ə s
Hans	h a n s
Hauptstatt	h a u p t ʃ t a t
Haus	h a ʊ̯ s
Haut	h a ʊ̯ t
Heft	h e f t
Hehl	h eː l
Hei	h a ɪ̯
Hellblau	h ɛ l p l a ʊ̯
Hellgrien	h e l k r iː n
Hemm	h ɛ m
Herr	h ɛ r
Herrebst	h ɛ r ə p ʃ t
Herz	h ɛ t͡s
Hex	h e k s
Hexenacht	h e k s ə n a x t
Himd	h i m t
Himmel	h i m ə l
Hochzeit	h o x t͡s a ɪ̯ t
Hospital	h o s p i t a l
Hospital	h o s p i t aː l
Hospital	o s p i t a l
Hospital	o s p i t aː l
Hoss	h o s
Hosse	h o s ə
Hossje	h o s j ə
Hund	h u n t
Hundche	h u n t ç ə
Hunger	h u ŋ a
Hunn	h u n
Hunsbucklisch	h u n s p u k l i ʃ
Hunsrick	h u n s r i k
Hunsrickisch	h u n s r i k i ʃ
India	i n t i a
Indonesia	i n t o n eː s i a
Insel	i n s ə l
Insle	i n s l ə
Internet	i n t ə n e t
Israel	i s r a eː l
Italia	i t a l i a
Italia	i t aː l i a
Italje	i t a l j ə
Italje	i t aː l j ə
Jakob	j aː k o p
Januer	j a n u a
Januer	j aː n u a
Jesus	j eː s u s
Johannes	j o h a n ə s
Joher	j oː ɐ
Johreszeid	j oː r ə s t͡s a ɪ̯ t
Juli	j uː l i
Juni	j uː n i
Kaaf	kʰ ɔː f
Kaarer	kʰ ɔː r a
Kabock	k a p o k
Kabock	kʰ a p o k
Kacki	kʰ a k i
Kackibaam	kʰ a k i p ɔː m
Kaffi	kʰ a f i
Kaiser	kʰ a ɪ̯ s a
Kalenner	kʰ a l ɛ n a
Kamiong	k a m i ɔ ŋ
Kamiong	kʰ a m i ɔ ŋ
Kamm	kʰ a m
Kamp	kʰ a m p
Kanal	k a n a l
Kanal	kʰ a n a l
Kanale	k a n a l ə
Kanale	kʰ a n a l ə
Kanecker	kʰ a n e k a
Kanett	k a n e t
Kanett	kʰ a n e t
Kanette	k a n e t ə
Kanette	kʰ a n e t ə
Kanon	k a n oː n
Kanon	kʰ a n oː n
Kanone	k a n oː n ə
Kanone	kʰ a n oː n ə
Kapital	kʰ a p i t aː l
Kapitel	kʰ a p i t l̩
Kapsel	kʰ a p s l̩
Kapsle	kʰ a p s l ə
Kapunge	k a p u ŋ k ə
Kapunge	kʰ a p u ŋ k ə
Karaa	kʰ a r ɔː
Karett	k a r e t
Karett	kʰ a r e t
Karette	k a r e t ə
Karette	kʰ a r e t ə
Karre	kʰ a r ə
Kartoffel	kʰ a t o f ə l
Kartoffle	kʰ a t o f l ə
Kaste	kʰ a ʃ t ə
Katee	kʰ a t eː
Katz	kʰ a t͡s
Katze	kʰ a t͡s ə
Katëe	kʰ a t eː ə
Kech	k e x
Keef	kʰ eː f
Keefer	kʰ eː f ɐ
Keenich	kʰ eː n i ç
Keenichin	kʰ eː n i ç i n
Kees	kʰ eː s
Keim	kʰ a ɪ̯ m
Keller	kʰ e l ɐ
Kellich	kʰ e l i ç
Kelt	kʰ e l t
Kepp	kʰ e p
Kerl	kʰ ɛ l
Kerle	kʰ ɛ l ə
Kern	kʰ ɛ n
Kerne	kʰ ɛ n ə
Kerner	kʰ ɛ n ɐ
Kerreb	kʰ e r ə p
Kerrich	kʰ ɛ r i ç
Kerze	kʰ ɛ t͡s ə
Kessel	kʰ e s l̩
Kessle	kʰ e s l ə
Kett	kʰ e t
Kette	kʰ e t ə
Kich	kʰ i ç
Kiche	kʰ i ç ə
Kih	kʰ iː
Kilogramm	kʰ i l o k r a m
Kilometer	kʰ i l o m eː t ɐ
Kind	kʰ i n t
Kinn	kʰ i n
Kinner	kʰ i n ɐ
Kiss	kʰ i s
Kisse	kʰ i s ə
Kist	kʰ i ʃ t
Kiste	kʰ i ʃ t ə
Kittel	kʰ i t ə l
Klamm	k l a m
Klamme	k l a m ə
Klang	k l a ŋ
Klarinett	k l a ɾ i n e t
Klarinette	k l a r i n e t ə
Klass	k l a s
Klasse	k l a s ə
Kleiderschrank	k l a ɪ̯ r ɐ ʃ r a ŋ k
Kleng	k l e ŋ
Kles	k l eː s
Klingel	k l i ŋ l̩
Klos	k l oː s
Knall	k n a l
Knecht	k n e ç t
Knepp	k n e p
Knie	k n iː
Knipp	k n i p
Knoche	k n o x ə
Knopp	k n o p
Knupp	kʰ n u p
Knuppe	kʰ n u p ə
Koch	k o x
Koffer	kʰ o f ɐ
Kohl	kʰ oː l
Kohle	kʰ oː l ə
Kokes	kʰ oː k ə s
Kolonie	kʰ o l o n iː
Komme	kʰ ɔ m ə
Kommunion	kʰ o m u n i̯ oː n
Kommunione	kʰ o m u n i̯ oː n ə
Komputatoer	k o m p u t a t oː a
Komputatoer	kʰ o m p u t a t oː a
Komputatore	k o m p u t a t oː r ə
Komputatore	kʰ o m p u t a t oː r ə
Konferenz	kʰ o n f ə r ɛ n t͡s
Konferenze	kʰ o n f ə r ɛ n t͡s ə
Konkurrenz	kʰ o ŋ k u r ɛ n t͡s
Konkurrenze	kʰ o ŋ k u r ɛ n t͡s ə
Konsum	k o n s uː m
Konsum	kʰ o n s uː m
Kontinent	kʰ ɔ n t i n ɛ n t
Kontinente	kʰ o n t i n ɛ n t ə
Konto	kʰ o n t o
Kopp	kʰ o p
Korn	kʰ ɔ n
Korreb	kʰ ɔ r ə p
Korst	kʰ ɔ ʃ t
Korste	kʰ ɔ ʃ t ə
Kraan	k r ɔː n
Krach	k r a x
Kraft	k r a f t
Krall	k r a l
Kralle	k r a l ə
Kramm	k r a m
Krankehaus	k r a ŋ k ə h a ʊ̯ s
Krankheed	k r a ŋ k h eː t
Kranz	k r a n s
Kranz	k r a n t͡s
Kraut	k r a ʊ̯ t
Kravatt	k r a v a t
Krebs	k r e p s
Krech	k r e x
Krees	k r eː s
Kreft	k r e f t
Kreh	k r eː
Krem	k r eː m
Kreme	k r eː m ə
Kremp	k r ɛ m p
Krempe	k r ɛ m p ə
Krenz	k r ɛ n s
Krenz	k r ɛ n t͡s
Krenzje	k r ɛ n t͡s j ə
Krepp	k r e p
Kress	k r e s
Kresse	k r e s ə
Kriegh	k r iː ç
Kripp	k r i p
Krippe	k r i p ə
Krist	k r i ʃ t
Kristall	k r i ʃ t a l
Kristalle	k r i ʃ t a l ə
Krokodill	k ɾ o k o t i l
Kron	k r oː n
Krone	k r oː n ə
Kropp	k r o p
Kuh	kʰ uː
Kuhmist	kʰ uː m i ʃ t
Kuhstall	kʰ uː ʃ t a l
Kui	kʰ u ɪ̯
Kuiche	kʰ u ɪ̯ ç ə
Kuie	kʰ u ɪ̯ ə
Kulture	kʰ u l t uː r ə
Kump	kʰ u m p
Kunst	kʰ u n ʃ t
Kupper	kʰ u p ɐ
Kurve	kʰ u r v ə
Kuss	kʰ u s
Kuvert	kʰ u v ɛ t
Käärer	kʰ ɛː r a
Laab	l ɔː p
Laade	l ɔː r ə
Lache	l a x ə
Lagartisch	l a k a t i ʃ
Lagartische	l a k a t i ʃ ə
Lagartischje	l a k a t i ʃ j ə
Lamm	l a m
Lamp	l a m p
Lampe	l a m p ə
Land	l a n t
Landkaart	l a n t kʰ ɔː t
Lanz	l a n s
Lanz	l a n t͡s
Lascheaate	l a ʃ e ɔː t ə
Lascheaatemesich	l a ʃ e ɔː t ə m eː s i ç
Lasse	l a s ə
Latein	l a t a ɪ̯ n
Laterne	l a t ɛ n ə
Laus	l a ʊ̯ s
Laut	l a ʊ̯ t
Lecher	l e x ɐ
Leeb	l eː p
Leed	l eː t
Leef	l eː f
Leefer	l eː f ɐ
Leer	l eː a
Leere	l eː r ə
Leerer	l eː r ɐ
Leffel	l e f ə l
Lehm	l eː m
Lehn	l eː n
Lehne	l eː n ə
Leib	l a ɪ̯ p
Lein	l a ɪ̯ n
Leine	l a ɪ̯ n ə
Leis	l a ɪ̯ s
Leist	l a ɪ̯ ʃ t
Leiste	l a ɪ̯ ʃ t ə
Leit	l a ɪ̯ t
Lendche	l ɛ n t ç ə
Leng	l ɛ ŋ
Lenge	l ɛ ŋ ə
Lenner	l ɛ n a
Lese	l eː s ə
Leser	l eː s ɐ
Letter	l e t a
Leve	l eː v ə
Lewer	l e v ɐ
Licht	l i ç t
Lichter	l i ç t a
Lieb	l iː b
Lied	l iː t
Lieh	l iː
Liehe	l iː ə
Lieve	l iː v ə
Lift	l i f t
Lilje	l i l j ə
Linje	l i n j ə
Lins	l i n s
Linse	l i n s ə
Lipp	l i p
Lippe	l i p ə
List	l i ʃ t
Liste	l i ʃ t ə
Litter	l i t ɐ
Loch	l o x
Lohn	l oː n
Loja	l oː ʃ a
Lojas	l oː ʃ a s
Lotterie	l o t e r iː
Luchs	l u k s
Luft	l u f t
Luftschiff	l u f t ʃ i f
Lumpe	l u m p ə
Lung	l u ŋ
Lunge	l u ŋ ə
Lupp	l u p
Lust	l u ʃ t
Lutscher	l u t͡ʃ ɐ
Luxemborrich	l u k s ə m p ɔ r i ç
Lämmer	l ɛ m ɐ
Maai	m ɔː i
Macher	m a x ɐ
Makack	m a k a k
Makacke	m a k a k ə
Malaria	m a l aː r i a
Malve	m a l v ə
Mamma	m a m a
Mammong	m a m ɔ ŋ
Mammongbaam	m a m ɔ ŋ p ɔː m
Manga	m a ŋ k a
Mangabaam	m a ŋ k a p ɔː m
Mangas	m a ŋ k a s
Mange	m a ŋ k ə
Maniok	m a n i oː k
Mann	m a n
Manschërikong	m a n ʃ e r i k ɔ ŋ
Mantel	m a n t l̩
Margarin	m a r k a r iː n
Masch	m a ʃ
Maschin	m a ʃ iː n
Maschine	m a ʃ iː n ə
Mask	m a ʃ k
Maske	m a ʃ k ə
Mass	m a s
Masse	m a s ə
Matematik	m a t e m a t iː k
Material	m a t e r i aː l
Materiale	m a t e r i aː l ə
Matratze	m a t r a t͡s ə
Matriculas	m a t r i k u l a s
Matrikla	m a t r i k l a
Matrikula	m a t r i k u l a
Matsch	m a t͡ʃ
Matt	m a t
Matte	m a t ə
Mauer	m a ʊ̯ a
Maul	m a ʊ̯ l
Maure	m a ʊ̯ r ə
Maurer	m a ʊ̯ r a
Maus	m a ʊ̯ s
Med	m eː t
Mede	m eː r ə
Medizin	m e t i t͡s iː n
Meel	m eː l
Meen	m eː n
Meer	m eː a
Meere	m eː r ə
Meergrien	m eː ɐ k r iː n
Meiler	m a ɪ̯ l ɐ
Meis	m a ɪ̯ s
Meister	m a ɪ̯ ʃ t a
Menner	m ɛ n a
Mensch	m ɛ n ʃ
Mentel	m e n t l̩
Menz	m ɛ n s
Menz	m ɛ n t͡s
Merz	m ɛ t͡s
Mess	m e s
Messdiener	m e s t iː n a
Messdienerin	m e s t iː n ə r i n
Messe	m e s ə
Messer	m e s a
Meter	m eː t ɐ
Meu	m ɔ ɪ̯
Mexiko	m e k s i k o
Mick	m i k
Micke	m i k ə
Miete	m iː t ə
Mih	m iː
Mihe	m iː ə
Mihl	m iː l
Mikrofon	m i k r o f oː n
Milje	m i l j ə
Milje	m iː l j ə
Miller	m i l a
Millich	m i l i ç
Millichflasch	m i l i ç f l a ʃ
Millimeter	m i l i m eː t ɐ
Million	m i l i̯ oː n
Millione	m i l i̯ oː n ə
Mils	m i l s
Milse	m i l s ə
Mineral	m i n ə r aː l
Mineralwasser	m i n ə r aː l v a s a
Minister	m i n i ʃ t ɐ
Minutt	m i n u t
Mission	m i s i̯ oː n
Missione	m i s i̯ oː n ə
Mist	m i ʃ t
Mitglied	m i t k l iː t
Mittach	m i t a x
Mitte	m i t ə
Mittelfinger	m i t l̩ f i ŋ ɐ
Mitter	m i t a
Mittwoch	m i t v o x
Mitz	m i t͡s
Mol	m oː
Mol	m oː l
Momente	m o m ɛ n t ə
Monarkie	m o n a r k iː
Monat	m oː n a t
Monate	m oː n a t ə
Mond	m oː n t
Monde	m oː n t ə
Mone	m oː n ə
Montach	m oː n t a x
Moos	m oː s
Mos	m oː s
Mote	m oː t ə
Motoer	m o t oː a
Motore	m o t oː r ə
Moviment	m o v i m ɛ n t
Mule	m uː l ə
Mulunguh	m u l u ŋ k uː
Mund	m u n t
Munde	m u n t ə
Munizipp	m u n i t͡s i p
Muschel	m u ʃ ə l
Muskel	m u ʃ k l̩
Muskitt	m u ʃ k i t
Muskitte	m u ʃ k i t ə
Muster	m u ʃ t ɐ
Mut	m uː t
Mutter	m u t a
Mëdalja	m e t a l j a
Mëdalja	m e t aː l j a
Mëlon	m e l oː n
Mërkaat	m e r k ɔː t
Mërkaate	m e r k ɔː t ə
Mëtall	m e t a l
Naaghel	n ɔː x l̩
Naame	n ɔː m e
Naas	n ɔː s
Naast	n ɔː ʃ t
Nacht	n a x t
Natuer	n a tʰ uː ɐ
Nawel	n a ʊ̯ l̩
Nazi	n aː t͡s i
Nazion	n a t͡s i̯ oː n
Nazione	n a t͡s i̯ oː n ə
Nazismus	n a t͡s i s m u s
Necht	n e ç t
Ned	n eː t
Neh	n eː
Nehe	n eː ə
Neher	n eː ɐ
Neid	n a ɪ̯ t
Neongrien	n eː ɔ n k r iː n
Nest	n e ʃ t
Netz	n e t͡s
Newel	n e v l̩
Nickel	n i k l̩
Nier	n iː ɐ
Niere	n iː r ə
Niese	n iː s ə
Niss	n i s
Nist	n i ʃ t
Nister	n i ʃ t ɐ
Nitterlande	n i t a l a n t ə
Nochber	n o x p a
Nod	n oː t
Norde	n ɔ t ə
Nordkorea	n ɔ t kʰ o r eː a
Not	n oː t
Note	n oː t ə
Notel	n oː t ə l
November	n oː v ɛ m p a
Nummer	n u m a
Nuss	n u s
Nutel	n uː t l̩
Nutze	n u t͡s ə
Ochs	o k s
Ochse	o k s ə
Oder	oː r ɐ
Ohre	oː r ə
Oktover	o k t oː v a
Oliv	o l iː f
Olive	o l iː v ə
Omelett	o m e l e t
Onkel	ɔ ŋ k l̩
Onnibus	ɔ n i p u s
Ool	oː l
Oostre	oː ʃ t r ə
Ooze	oː t͡s ə
Opfer	o p f ɐ
Orde	ɔ t ə
Ordnung	ɔ t n u ŋ
Oste	o ʃ t ə
Ove	oː v ə
Ovend	oː m t
Ovend	oː v n̩ t
Paar	pʰ ɔː
Paater	pʰ ɔː t a
Paliasse	p a l i̯ a s ə
Paliasse	pʰ a l i̯ a s ə
Pallem	pʰ a l ə m
Palme	pʰ a l m ə
Palëstina	p a l e ʃ t iː n a
Pann	pʰ a n
Panne	pʰ a n ə
Panz	pʰ a n s
Panz	pʰ a n t͡s
Papier	p a p iː ɐ
Papier	pʰ a p iː ɐ
Papiere	p a p iː r ə
Papiere	pʰ a p iː r ə
Paranaa	p a r a n ɔː
Paranaa	pʰ a r a n ɔː
Parent	p a r ɛ n t
Parent	pʰ a r ɛ n t
Parente	p a r ɛ n t ə
Parente	pʰ a r ɛ n t ə
Pasda	p a s t a
Pasda	pʰ a s t a
Patent	p a t ɛ n t
Patent	pʰ a t ɛ n t
Patente	p a t ɛ n t ə
Patente	pʰ a t ɛ n t ə
Patt	pʰ a t
Pausa	p a ʊ̯ s a
Pausa	pʰ a ʊ̯ s a
Pause	p a ʊ̯ s ə
Pause	pʰ a ʊ̯ s ə
Peck	pʰ e k
Peepst	pʰ eː p ʃ t
Peffer	pʰ e f ɐ
Peffermenz	pʰ e f ɐ m ɛ n s
Peffermenz	pʰ e f ɐ m ɛ n t͡s
Peif	pʰ a ɪ̯ f
Peil	pʰ a ɪ̯ l
Peiler	pʰ a ɪ̯ l ɐ
Pein	pʰ a ɪ̯ n
Peine	pʰ a ɪ̯ n ə
Perl	pʰ ɛ l
Perle	pʰ ɛ l ə
Persche	pʰ ɛ ʃ ə
Person	pʰ ɛ s oː n
Persone	pʰ ɛ s oː n ə
Pest	pʰ e ʃ t
Piano	p i a n o
Piano	p i aː n o
Piano	pʰ i a n o
Piano	pʰ i aː n o
Pianos	p i a n o s
Pianos	p i aː n o s
Pianos	pʰ i a n o s
Pianos	pʰ i aː n o s
Piff	pʰ i f
Pihl	pʰ iː l
Pill	pʰ i l
Pille	pʰ i l ə
Pinguin	pʰ i ŋ k u iː n
Pisin	p i s iː n
Pisin	pʰ i s iː n
Piss	pʰ i s
Pitange	p i t a ŋ k ə
Pitange	pʰ i t a ŋ k ə
Pitangebaam	p i t a ŋ k ə p ɔː m
Pitangebaam	pʰ i t a ŋ k ə p ɔː m
Pitsch	pʰ i t͡ʃ
Pizza	p i t͡s a
Pizzas	p i t͡s a s
Planet	p l a n eː t
Planete	p l a n eː t ə
Planz	p l a n s
Planz	p l a n t͡s
Platte	p l a t ə
Platz	p l a t͡s
Pnëu	p n e ʊ̯
Polack	p o l a k
Polack	pʰ o l a k
Polacke	p o l a k ə
Polacke	pʰ o l a k ə
Pole	pʰ oː l ə
Polente	p o l ɛ n t ə
Polente	pʰ o l ɛ n t ə
Politik	p o l i t iː k
Politik	pʰ o l i t iː k
Politiker	p o l iː t i k ɐ
Politiker	pʰ o l iː t i k ɐ
Pomata	p o m aː t a
Pomata	pʰ o m aː t a
Portugal	p o r t u k a l
Portugal	p o r t u k aː l
Portugal	pʰ o r t u k a l
Portugal	pʰ o r t u k aː l
Portugees	p o r t u k eː s
Portugees	pʰ o r t u k eː s
Portugeese	p o r t u k eː s ə
Portugeese	pʰ o r t u k eː s ə
Portugies	p o r t u k iː s
Portugies	pʰ o r t u k iː s
Portugiese	p o r t u k iː s ə
Portugiese	pʰ o r t u k iː s ə
Portugiesin	p o r t u k iː s i n
Portugiesin	pʰ o r t u k iː s i n
Portugiesisch	p o r t u k iː s i ʃ
Portugiesisch	pʰ o r t u k iː s i ʃ
Possdeantes	pʰ o s t ə a n t ə s
Poste	pʰ o ʃ t ə
Praia	p r a ɪ̯ a
Praias	p r a ɪ̯ a s
Preis	p r a ɪ̯ s
Preso	p r eː s o
Priester	p r iː ʃ t a
Prim	p r iː m
Prime	p r iː m ə
Prinz	p r i n s
Prinz	p r i n t͡s
Prinzessin	p r i n t͡s e s i n
Prisong	p r i s ɔ ŋ
Problem	p r o p l eː m
Profeet	p r o f eː t
Pronome	p r o n oː m ə
Prozent	p r o t͡s ɛ n t
Prozess	p r o t͡s e s
Prunkel	p r u ŋ k ə l
Puff	pʰ u f
Puffe	pʰ u f ə
Puhl	pʰ uː l
Puliss	p u l i s
Puliss	pʰ u l i s
Pulisse	p u l i s ə
Pulisse	pʰ u l i s ə
Pulver	pʰ u l v ɐ
Pumpe	pʰ u m p ə
Punkt	pʰ u ŋ k t
Putsch	pʰ u t͡ʃ
Putting	p u t i ŋ
Putting	pʰ u t i ŋ
Quarz	k w a t͡s
Quatti	k w a t iː
Quelle	k w e l ə
Radio	r aː t i̯ o
Radios	r aː t i̯ o s
Rand	r a n t
Rang	r a ŋ
Range	r a ŋ ə
Rangel	r a ŋ ə l
Ransch	r a n ʃ
Ranschegelleb	r a n ʃ ə k e l ə p
Rass	r a s
Rasse	r a s ə
Ratt	r a t
Ratte	r a t ə
Raub	r a ʊ̯ p
Raucher	r a ʊ̯ x a
Raum	r a ʊ̯ m
Raume	r a ʊ̯ m ə
Reb	r eː p
Rechnung	r e ç n u ŋ
Recht	r e ç t
Reck	r e k
Rees	r eː s
Reese	r eː s ə
Reh	r eː
Rehn	r eː n
Rei	r a ɪ̯
Reif	r a ɪ̯ f
Reim	r a ɪ̯ m
Reis	r a ɪ̯ s
Renner	r e n ɐ
Rest	r e ʃ t
Rester	r e ʃ t ɐ
Retter	r e t ɐ
Rettung	r e t u ŋ
Richter	r i ç t ɐ
Richtung	r i ç t u ŋ
Ricke	r i k ə
Rind	r i n t
Rindfleisch	r i n t f l a ɪ̯ ʃ
Ring	r i ŋ
Ringfinger	r i ŋ f i ŋ a
Rinner	r i n ɐ
Rio	r iː o
Rios	r iː o s
Ripp	r i p
Rippe	r i p ə
Riss	r i s
Ritz	r i t͡s
Ritze	r i t͡s ə
Rock	r o k
Rod	r oː t
Rodomee	r o t o m eː
Rodwein	r oː t v a ɪ̯ n
Roll	r o l
Rolle	r o l ə
Ros	r oː s
Rosch	r o ʃ
Rose	r oː s ə
Rosell	r o s e l
Roselle	r o s e l ə
Roserod	r oː z ə r oː t
Ross	r o s
Rosse	r o s ə
Rost	r o ʃ t
Rotz	r o t͡s
Ruf	r uː f
Ruh	r uː
Ruin	r u i n
Ruine	r u i n ə
Russ	r u s
Russe	r u s ə
Russland	r u s l a n t
Rut	r uː t
Rute	r uː t ə
Rëghierung	r e ç iː r u ŋ
Rëghion	r e ç i oː n
Rëghione	r e ç i oː n ə
Rëlighion	r e l i ç i̯ o n
Rëmorss	r e m ɔ s
Sach	s a x
Sache	s a x ə
Sack	s a k
Sacolas	s a k o l a s
Safran	s a f r a n
Sakrament	s a k r a m ɛ n t
Sals	s a l s
Salse	s a l s e
Sammlung	s a m l u ŋ
Sand	s a n t
Sandaalja	s a n t ɔː l j a
Sandfloh	s a n t f l oː
Sardin	s a t iː n
Sardine	s a t iː n ə
Satellit	s a t ə l iː t
Satellite	s a t ə l iː t ə
Sattel	s a t l̩
Satz	s a t͡s
Sau	s a ʊ̯
Sauer	s a ʊ̯ a
Saure	s a ʊ̯ r ə
Scha	ʃ aː
Schaal	ʃ ɔː l
Schaam	ʃ ɔː m
Schabuticaave	ʃ a p u t i k ɔː v ə
Schabutikaab	ʃ a p u t i k ɔː p
Schach	ʃ a x
Schachtel	ʃ a x t ə l
Schakaree	ʃ a k a r eː
Schakoh	ʃ a k oː
Schakrakack	ʃ a k r a k a k
Schakrakacke	ʃ a k r a k a k ə
Schall	ʃ a l
Schaponees	ʃ a p o n eː s
Schaponeese	ʃ a p o n eː s ə
Schapong	ʃ a p ɔ ŋ
Scharack	ʃ a r a k
Scharacke	ʃ a r a k ə
Schatte	ʃ a t ə
Schatz	ʃ a t͡s
Schaum	ʃ a ʊ̯ m
Scheed	ʃ eː t
Scheele	ʃ eː l ə
Schein	ʃ a ɪ̯ n
Scheis	ʃ a ɪ̯ s
Schell	ʃ e l
Schelle	ʃ e l ə
Schenker	ʃ ɛ ŋ k ɐ
Scherz	ʃ ɛ t͡s
Scherze	ʃ ɛ t͡s ə
Sches	ʃ eː s
Schesje	ʃ e s j ə
Schetz	ʃ e t͡s
Schicht	ʃ i ç t
Schichte	ʃ i ç t ə
Schiff	ʃ i f
Schild	ʃ i l t
Schiller	ʃ i l a
Schimarong	ʃ i m a r ɔ ŋ
Schipp	ʃ i p
Schippe	ʃ i p ə
Schiraff	ʃ i r a f
Schiraffe	ʃ i r a f ə
Schiss	ʃ i s
Schissel	ʃ i s l̩
Schisser	ʃ i s ɐ
Schissle	ʃ i s l ə
Schlaa	ʃ l ɔː
Schlachtung	ʃ l a x t u ŋ
Schlang	ʃ l a ŋ
Schlange	ʃ l a ŋ ə
Schlapp	ʃ l a p
Schlappe	ʃ l a p ə
Schleier	ʃ l a ɪ̯ a
Schleim	ʃ l a ɪ̯ m
Schlepp	ʃ l e p
Schlesser	ʃ l e s a
Schlick	ʃ l i k
Schlitz	ʃ l i t͡s
Schlitze	ʃ l i t͡s ə
Schlof	ʃ l oː f
Schloss	ʃ l o s
Schlott	ʃ l o t
Schluck	ʃ l u k
Schmetterling	ʃ m e t ɐ l i ŋ
Schmier	ʃ m iː ɐ
Schmitt	ʃ m i t
Schmuck	ʃ m u k
Schmutz	ʃ m u t͡s
Schnall	ʃ n a l
Schnalle	ʃ n a l ə
Schnaps	ʃ n a p s
Schneck	ʃ n e k
Schnecke	ʃ n e k ə
Schnee	ʃ n eː
Schneemann	ʃ n eː m a n
Schnees	ʃ n eː s
Schneid	ʃ n a ɪ̯ t
Schneider	ʃ n a ɪ̯ r ɐ
Schnips	ʃ n i p s
Schnire	ʃ n iː r ə
Schnitt	ʃ n i t
Schnorres	ʃ n ɔ r ə s
Schnuer	ʃ n uː a
Schnuppe	ʃ n u p ə
Schnut	ʃ n uː t
Schnute	ʃ n uː t ə
Schof	ʃ oː f
Schokolaat	ʃ o k o l ɔː t
Schopp	ʃ o p
Schoppe	ʃ o p ə
Schos	ʃ oː s
Schot	ʃ oː t
Schote	ʃ oː t ə
Schrank	ʃ r a ŋ k
Schraub	ʃ r a ʊ̯ p
Schreck	ʃ r e k
Schrift	ʃ r i f t
Schritt	ʃ r i t
Schritte	ʃ r i t ə
Schuh	ʃ uː
Schul	ʃ uː l
Schuld	ʃ u l t
Schule	ʃ uː l ə
Schundiaa	ʃ u n t i ɔː
Schuping	ʃ u p i ŋ
Schuppe	ʃ u p ə
Schuss	ʃ u s
Schuster	ʃ u ʃ t ɐ
Schutz	ʃ u t͡s
Schutzengel	ʃ u t͡s ɛ ŋ l̩
Schwaart	ʃ v ɔː t
Schwaarte	ʃ v ɔː t ə
Schwamm	ʃ v a m
Schwanz	ʃ v a n s
Schwanz	ʃ v a n t͡s
Schwarz	ʃ v a t͡s
Schwarzbier	ʃ v a t͡s p iː ɐ
Schwefel	ʃ v eː f l̩
Schwein	ʃ v a ɪ̯ n
Schweinerei	ʃ v a ɪ̯ n ə r a ɪ̯
Schweiz	ʃ v a ɪ̯ t͡s
Schweizer	ʃ v a ɪ̯ t͡s a
Schwellung	ʃ v e l u ŋ
Schwimmer	ʃ v i m a
Schwitz	ʃ v i t͡s
Schwong	ʃ v o ŋ
Sechseck	s e k s e k
Seck	s e k
Seckel	s e k l̩
See	s eː
Seel	s eː l
Seele	s eː l ə
Seh	s eː
Sehe	s eː ə
Sehn	s eː n
Sei	s a ɪ̯
Seid	s a ɪ̯ t
Seie	s a ɪ̯ ə
Seif	s a ɪ̯ f
Seife	s a ɪ̯ f ə
Seit	s a ɪ̯ t
Seite	s a ɪ̯ t ə
Sekund	s e k u n t
Send	s ɛ n t
Senger	s ɛ ŋ ɐ
September	s eː p t ɛ m p a
Setz	s e t͡s
Sichel	s i ç l̩
Sicht	s i ç t
Sichte	s i ç t ə
Siedkorea	s iː t kʰ o r eː a
Siegh	s iː ç
Sies	s iː s
Siete	s iː t ə
Siffer	s i f ɐ
Silver	s i l v ɐ
Simbol	s i m p o l
Simp	s i m p
Sind	s i n t
Sinfonie	s i n f o n iː
Sinne	s i n ə
Sinner	s i n ɐ
Sinonim	s i n oː n i m
Siria	s iː r i a
Sirje	s iː r j ə
Sistem	s i s t eː m
Skelett	ʃ k e l e t
Skorpion	ʃ k o r p i oː n
Soda	s oː t a
Sofa	s o f aː
Sofas	s o f aː s
Sofá	s o f aː
Sohl	s oː l
Sohle	s oː l ə
Sohn	s oː n
Soja	s oː ʃ a
Soje	s oː ʃ ə
Soldaat	s o l t ɔː t
Some	s oː m ə
Sommer	s ɔ m a
Sonn	s ɔ n
Soot	s oː t
Sorte	s ɔ t ə
Sorvett	s o r v e t
Sos	s oː s
Sose	s oː s ə
Sozieteet	s o t͡s i ə t eː t
Spaad	ʃ p ɔː t
Spaan	ʃ p ɔː n
Spanje	ʃ p a n j ə
Spanje	ʃ p aː n j ə
Sparre	ʃ p a r ə
Spass	ʃ p a s
Spatze	ʃ p a t͡s ə
Speck	ʃ p e k
Speen	ʃ p eː n
Speicher	ʃ p a ɪ̯ ç ɐ
Spess	ʃ p e s
Spiel	ʃ p iː l
Spieler	ʃ p iː l ɐ
Spinn	ʃ p i n
Spinne	ʃ p i n ə
Spiss	ʃ p i s
Spitaal	ʃ p i t ɔː l
Spitz	ʃ p i t͡s
Spitze	ʃ p i t͡s ə
Spoer	ʃ p oː ɐ
Spott	ʃ p o t
Sprecher	ʃ p r e ç ɐ
Sprecherei	ʃ p r e ç ə r a ɪ̯
Sprich	ʃ p r i ç
Spring	ʃ p r i ŋ
Spritz	ʃ p r i t͡s
Spritze	ʃ p r i t͡s ə
Sproch	ʃ p r o x
Spruch	ʃ p r u x
Sprung	ʃ p r u ŋ
Spuck	ʃ p u k
Spul	ʃ p uː l
Spule	ʃ p uː l ə
Staab	ʃ t ɔː p
Staal	ʃ t ɔː l
Staat	ʃ t ɔː t
Staate	ʃ t ɔː t ə
Stachel	ʃ t a x l̩
Stall	ʃ t a l
Stamm	ʃ t a m
Stamper	ʃ t a m p ɐ
Stang	ʃ t a ŋ
Stange	ʃ t a ŋ ə
Stanze	ʃ t a n t͡s ə
Statt	ʃ t a t
Steck	ʃ t e k
Steel	ʃ t eː l
Steen	ʃ t eː n
Steier	ʃ t a ɪ̯ a
Stell	ʃ t e l
Stempel	ʃ t ɛ m p l̩
Stengel	ʃ t ɛ ŋ ə l
Stern	ʃ t ɛ n
Sterne	ʃ t ɛ n ə
Sterz	ʃ t ɛ t͡s
Stett	ʃ t e t
Stetter	ʃ t e t ɐ
Stich	ʃ t i ç
Stick	ʃ t i k
Sticker	ʃ t i k ɐ
Stiefbruder	ʃ t iː f p r uː r ɐ
Stiefkind	ʃ t iː f kʰ i n t
Stiefmutter	ʃ t iː f m u t a
Stiefsohn	ʃ t iː f s oː n
Stiel	ʃ t iː l
Stier	ʃ t iː ɐ
Stift	ʃ t i f t
Stihl	ʃ t iː l
Stimme	ʃ t i m ə
Stinkdier	ʃ t i ŋ k t iː ɐ
Stock	ʃ t o k
Stolper	ʃ t o l p ɐ
Storz	ʃ t ɔ t͡s
Strauch	ʃ t r a ʊ̯ ç
Straus	ʃ t r a ʊ̯ s
Streck	ʃ t r e k
Strecke	ʃ t r e k ə
Streicher	ʃ t r a ɪ̯ ç ɐ
Streife	ʃ t r a ɪ̯ f ə
Strem	ʃ t r eː m
Strich	ʃ t r i ç
Strick	ʃ t r i k
Strimp	ʃ t r i m p
Strof	ʃ t r oː f
Strofe	ʃ t r o f ə
Stroh	ʃ t r oː
Strom	ʃ t r oː m
Stros	ʃ t r oː s
Stross	ʃ t r o s
Strump	ʃ t r u m p
Struz	ʃ t r uː t͡s
Studente	ʃ t u t ɛ n t ə
Stuhl	ʃ t uː l
Suco	s u k o
Suco	s uː k o
Sump	s u m p
Sunn	s u n
Supp	s u p
Suppe	s u p ə
Sërvett	s e r v e t
Talent	tʰ a l ɛ n t
Tamburin	tʰ a m p u r iː n
Tante	tʰ a n t ə
Tappes	tʰ a p ə s
Tasch	tʰ a ʃ
Tasche	tʰ a ʃ ə
Tass	tʰ a s
Tasse	tʰ a s ə
Tattu	tʰ a t u
Tausendfus	tʰ a ʊ̯ s n̩ t f uː s
Taxi	tʰ a k s i
Taxis	tʰ a k s i s
Tee	tʰ eː
Teekann	tʰ eː kʰ a n
Teekanne	tʰ eː kʰ a n ə
Teepump	tʰ eː pʰ u m p
Tema	tʰ eː m a
Teme	tʰ eː m ə
Tempel	tʰ ɛ m p l̩
Terreno	tʰ e r eː n o
Terrenos	tʰ e r eː n o s
Text	tʰ e k s t
Texte	tʰ e k s t ə
Tickutick	tʰ i k u t i k
Tigher	tʰ iː ç a
Tint	tʰ i n t
Tinte	tʰ i n t ə
Tirol	tʰ i r oː l
Tomatt	t o m a t
Tomatt	tʰ o m a t
Tomatte	t o m a t ə
Tomatte	tʰ o m a t ə
Torrem	tʰ ɔ r ə m
Torte	tʰ ɔ t ə
Traira	t r a iː r a
Traire	t r a iː r ə
Traub	t r a ʊ̯ p
Treppe	t r e p ə
Tritt	t r i t
Troost	t r oː ʃ t
Trupp	t r u p
Truppe	t r u p ə
Tumoer	t u m oː a
Tumoer	tʰ u m oː a
Tëlevisong	t e l ə v i s ɔ ŋ
Tëlevisong	tʰ e l ə v i s ɔ ŋ
Uersach	uː ɐ s a x
Uerwald	uː ɐ v a l t
Uher	uː a
Uherzeid	uː ɐ t͡s a ɪ̯ t
Uhre	uː r ə
Unfall	u n f a l
Unglick	u n k l i c k
Unschuld	u n ʃ u l t
Urin	u r iː n
Vaas	v ɔː s
Vasos	v aː s o s
Velorio	v ə l o r ɪ̯ o
Violin	v i o l iː n
Violine	v i o l iː n ə
Viëtnam	v i e t n a m
Waal	v ɔː l
Waan	v ɔː n
Waar	v ɔː
Wach	v a x
Wache	v a x ə
Wachs	v a k s
Waff	v a f
Waffe	v a f ə
Waffle	v a f l ə
Walse	v a l s ə
Wand	v a n t
Wasser	v a s a
Wassre	v a s r ə
Watt	v a t
Watte	v a t ə
Weck	v e k
Wecker	v e k a
Weeler	v eː l a
Weelerin	v eː l ə r i n
Ween	v eː n
Weert	v eː ɐ t
Weh	v eː
Weib	v a ɪ̯ p
Weid	v a ɪ̯ t
Wein	v a ɪ̯ n
Weinachte	v a ɪ̯ n a x t ə
Weinachtsbaam	v a ɪ̯ n a x t s p ɔː m
Weinflasche	v a ɪ̯ n f l a ʃ ə
Weis	v a ɪ̯ s
Weisbrod	v a ɪ̯ s p r oː t
Weize	v a ɪ̯ t͡s ə
Well	v e l
Welle	v e l ə
Wellef	v e l ə f
Welt	v e l t
Welte	v e l t ə
Wend	v e n t
Werklichkeet	v e r k l i ç kʰ eː t
Werst	v ɛ ʃ t
Werter	v ɛ t a
Wesch	v e ʃ
Wesche	v e ʃ ə
Wespe	v e ʃ p ə
Weste	v e ʃ t ə
Wette	v e t ə
Wetter	v e t ɐ
Wever	v eː v ɐ
Wichs	v i k s
Wicke	v i k ə
Wille	v i l ə
Wimper	v i m p ɐ
Wind	v i n t
Windmihl	v i n t m iː l
Winter	v i n t a
Witz	v i t͡s
Woch	v o x
Woche	v o x ə
Wocheenn	v o x ə ɛ n
Woh	v oː
Wohe	v oː ə
Woherheet	v oː ɐ h eː t
Woherheit	v oː ɐ h a ɪ̯ t
Woll	v o l
Wolle	v o l ə
Wollef	v o l ə f
Wollek	v o l k
Worst	v ɔ ʃ t
Wort	v ɔ t
Worte	v ɔ t ə
Wortschatz	v ɔ t ʃ a t͡s
Wuchs	v u k s
Wund	v u n t
Wunner	v u n a
Wunsch	v u n ʃ
Wut	v uː t
Wutz	v u t͡s
Wutze	v u t͡s ə
Zaal	t͡s ɔː l
Zaan	t͡s ɔː n
Zang	t͡s a ŋ
Zange	t͡s a ŋ ə
Zaum	t͡s a ʊ̯ m
Zaun	t͡s a ʊ̯ n
Zebra	t͡s eː p r a
Zebras	t͡s eː p r a s
Zecke	t͡s e k ə
Zeen	t͡s eː n
Zeh	t͡s eː
Zehe	t͡s eː ə
Zeich	t͡s a ɪ̯ ç
Zeichnung	t͡s a ɪ̯ ç n u ŋ
Zeid	t͡s a ɪ̯ t
Zein	t͡s a ɪ̯ n
Zell	t͡s e l
Zelle	t͡s e l ə
Zentrum	t͡s ɛ n t r u m
Zepp	t͡s e p
Zettel	t͡s e t l̩
Ziel	t͡s iː l
Zimmer	t͡s i m a
Zimmermann	t͡s i m ɐ m a n
Zimmet	t͡s i m ə t
Zink	t͡s i ŋ k
Zinn	t͡s i n
Zins	t͡s i n s
Zinse	t͡s i n s ə
Zipp	t͡s i p
Zippe	t͡s i p ə
Zitron	t͡s i t r oː n
Zitrone	t͡s i t r oː n ə
Zopp	t͡s o p
Zucker	t͡s u k a
Zung	t͡s u ŋ
Zunge	t͡s u ŋ ə
Zweck	t͡s v e k
Zweifel	t͡s v a ɪ̯ f ə l
Zwern	t͡s v ɛ n
Zwieback	t͡s v iː p a k
Zwilling	t͡s v i l i ŋ
Zwiwel	t͡s v i v l̩
aach	ɔː x
aam	ɔː m
aan	ɔː n
aananner	ɔː n a n a
aanannerbappe	ɔː n a n a p a p ə
aanannerbinne	ɔː n a n a p i n ə
aanannergehn	ɔː n a n a k eː n
aanbacke	ɔː n p a k ə
aanbappe	ɔː n p a p ə
aanbasse	ɔː n p a s ə
aanbiede	ɔː n p iː r ə
aanbinne	ɔː n p i n ə
aandun	ɔː n t uː n
aarich	ɔː r i ç
abhengich	a p h ɛ ŋ i ç
abiotisch	a p i oː t i ʃ
acht	a x t
achtzen	a x t͡s ə n
akaschu	a k a ʃ uː
all	a l
allmechtich	a l m e ç t i ç
als	a l s
anner	a n a
arschentin	a r ʃ ə n t iː n
arschentin	a ʃ ə n t iː n
arschentinisch	a r ʃ ə n t iː n i ʃ
arschentinisch	a ʃ ə n t iː n i ʃ
aussihn	a ʊ̯ s s iː n
awer	a v ə ɾ
awer	a w ɐ
baade	p ɔː r ə
beise	p a ɪ̯ s ə
benutze	p ə n u t͡s ə
blau	p l a ʊ̯
bleive	p l a ɪ̯ v ə
blo	p l oː
blude	p l uː t ə
brauche	p r a ʊ̯ x ə
braun	p r a ʊ̯ n
breid	p r a ɪ̯ t
brenne	p r ɛ n ə
brille	p r i l ə
brumme	p r u m ə
brësiliaanisch	p r e s i l i ɔː n i ʃ
burgees	p u r k eː s
chineesisch	ʃ i n eː s i ʃ
daab	t ɔː p
daafe	t ɔː f ə
daaghs	t ɔː x s
danke	t a ŋ k ə
dann	t a n
dart	t a t
das	t a s
de	t ə
deer	t eː a
dein	t a ɪ̯ n
deitsch	t a ɪ̯ t͡ʃ
deitsche	t a ɪ̯ t͡ʃ ə
deitschem	t a ɪ̯ t͡ʃ ə m
deitscher	t a ɪ̯ t͡ʃ a
deitsches	t a ɪ̯ t͡ʃ ə s
denne	t ɛ n ə
der	t ɐ
dich	t i ç
dick	t i k
die	t i
die	t iː
dieser	t iː s ɐ
dinn	t i n
do	t oː
dorrich	t ɔ ɪ ç
dorrich	t ɔ ɾ ɪ ç
drehe	t r eː ə
drei	t r a ɪ̯
dreime	t r a ɪ̯ m ə
dreive	t r a ɪ̯ v ə
dreizen	t r a ɪ̯ t͡s ə n
drinke	t r i ŋ k ə
drock	t r o k
du	t uː
du	t ə
dulle	t u l ə
dun	t oː n
dun	t uː n
där	t ɛː
eb	eː p
een	eː n
eenem	eː n ə m
eener	eː n a
eer	eː ɐ
eherlich	eː ɐ l i ç
eich	a ɪ̯ ç
ellef	e l ə f
en	eː n
en	n̩
ennre	ɛ n r ə
er	ɛ ɐ
es	e s
es	ə s
esse	e s ə
faare	f ɔː r ə
faarichsjoher	f ɔː r i ç s j oː a
faul	f a ʊ̯ l
ferbasse	f ɐ p a s ə
ferzen	f ɛ t͡s ə n
fiel	f iː l
fier	f iː a
finnef	f i n ə f
finnefzen	f i n ə f t͡s n̩
fix	f i k s
fixe	f i k s ə
fixem	f i k s ə m
fixer	f i k s a
fixes	f i k s ə s
fixest	f i k s ə ʃ t
franzeesisch	f r a n t͡s eː s i ʃ
freiwillich	f r a ɪ̯ v i l i ç
fresse	f r e s ə
froh	f r oː
frohe	f r oː ə
fufzen	f u f t͡s ə n
fum	f u m
fun	f u n
gehn	k eː n
gelleb	k e l ə p
gern	k ɛ n
gesetzlich	k ə s e t͡s l i ç
gester	k e ʃ t a
gesund	k ə s u n t
gezwung	k ə t͡s v u ŋ
glaave	k l ɔː v ə
glicklich	k l i k l i ç
grau	k r a ʊ̯
grien	k r iː n
gros	k r oː s
grávida	k r aː v i t a
gucke	k u k ə
gud	k uː t
gude	k uː t ə
heilich	h a ɪ̯ l i ç
heit	h a ɪ̯ t
hellfe	h e l f ə
hesslich	h e s l i ç
hie	h iː
hier	h iː a
hon	h ɔ n
hunnerd	h u n a t
ich	i ç
ihm	iː m
ihn	iː n
ihns	iː n s
immer	i m a
iwich	i v i ç
kaue	kʰ a ʊ̯ ə
keen	kʰ eː n
keime	kʰ a ɪ̯ m ə
kemme	kʰ ɛ m ə
kenne	kʰ ɛ n ə
kerze	kʰ ɛ t͡s ə
kiel	kʰ iː l
kiele	kʰ iː l ə
kisse	kʰ i s ə
kitzle	kʰ i t͡s l ə
klappre	k l a p r ə
klatsche	k l a t͡ʃ ə
kleen	k l eː n
kleene	k l eː n ə
kleener	k l eː n a
kleenest	k l eː n ə ʃ t
klemme	k l ɛ m ə
klettre	k l e t r ə
kloppe	k l o p ə
knapp	k n a p
kneppe	k n e p ə
knippe	k n i p ə
koche	kʰ o x ə
komisch	kʰ oː m i ʃ
komme	kʰ ɔ m ə
konfus	kʰ o n f uː s
konsumiere	k o n s u m iː r ə
konsumiere	kʰ o n s u m iː r ə
korz	kʰ ɔ t͡s
koste	kʰ o ʃ t ə
kotze	kʰ o t͡s ə
krache	k r a x ə
krank	k r a ŋ k
kratze	k r a t͡s ə
kraule	k r a ʊ̯ l ə
kreische	k r a ɪ̯ ʃ ə
kritisch	k r iː t i ʃ
kritisiere	k r i t i s iː r ə
kumplett	kʰ u m p l e t
laade	l ɔː r ə
laafe	l ɔː f ə
laam	l ɔː m
lache	l a x ə
lande	l a n t ə
lang	l a ŋ
lateinisch	l a t a ɪ̯ n i ʃ
laut	l a ʊ̯ t
lechle	l e ç l ə
lecke	l e k ə
leen	l eː n
leere	l eː r ə
lehe	l eː ə
lehne	l eː n ə
leicht	l a ɪ̯ ç t
leide	l a ɪ̯ r ə
leider	l a ɪ̯ t ɐ
leie	l a ɪ̯ ə
lengst	l ɛ ŋ ʃ t
lenke	l ɛ ŋ k ə
lerne	l ɛ n ə
lese	l eː s ə
leve	l eː v ə
liehe	l iː ə
lieve	l iː v ə
lockre	l o k r ə
lohne	l oː n ə
losse	l o s ə
love	l oː v ə
lutsche	l u t͡ʃ ə
läer	l eː a
läer	l ɛː a
maale	m ɔː l ə
mache	m a x ə
massiv	m a s iː f
massive	m a s iː v ə
maure	m a ʊ̯ r ə
mechde	m e ç t ə
meer	m eː a
mein	m a ɪ̯ n
melke	m e l k ə
mennlich	m æ n l i ç
menschlich	m ɛ n ʃ l i ç
mer	m ɐ
messe	m e s ə
meue	m ɔ ɪ̯ ə
mich	m i ç
mied	m iː t
miete	m iː t ə
misse	m i s ə
mit	m i t
mitbringe	m i t p ɾ i ŋ ə
mitkomme	m i t kʰ ɔ m ə
mitmache	m i t m a x ə
mitsinge	m i t s i ŋ ə
mitspiele	m i t ʃ p iː l ə
mitte	m i t ə
modern	m o t ɛ n
moie	m o ɪ̯ ə
monatlich	m oː n a t l i ç
motze	m o t͡s ə
munizippal	m u n i t͡s i p aː l
munter	m u n t a
nackich	n a k i ç
nass	n a s
nativ	n a t iː f
naus	n a ʊ̯ s
nazisdisch	n a t͡s i s t i ʃ
nedich	n eː r i ç
nee	n eː
neere	n eː r ə
nehe	n eː ə
nei	n a ɪ̯
nein	n a ɪ̯ n
neint	n a ɪ̯ n t
neinzen	n a ɪ̯ n t͡s n̩
neinzich	n a ɪ̯ n t͡s i ç
nemme	n ɛ m ə
nenne	n ɛ n ə
net	n e t
nichter	n i ç t ɐ
nie	n iː
niese	n iː s ə
nin	n i n
nitter	n i t ɐ
noch	n o x
nodwennich	n oː t v ɛ n i ç
nommol	n ɔ m oː
nommol	n ɔ m oː l
nore	n oː r ə
normal	n o r m aː l
nuff	n u f
null	n u l
nunner	n u n ɐ
nutze	n u t͡s ə
ob	oː p
obwohl	oː p v oː l
odder	o r ɐ
oft	o f t
ohne	oː n ə
opfre	o p f r ə
ordne	ɔ t n ə
packe	pʰ a k ə
partikulaar	pʰ a t i k u l ɔː
partikular	p a t i k u l aː r
partikular	pʰ a t i k u l aː r
petze	pʰ e t͡s ə
picke	pʰ i k ə
pisse	pʰ i s ə
platt	p l a t
platze	p l a t͡s ə
poliere	p o l iː r ə
poliere	pʰ o l iː r ə
politisch	p o l iː t i ʃ
politisch	pʰ o l iː t i ʃ
polnisch	p o l n i ʃ
polnisch	pʰ o l n i ʃ
portugiesisch	p o r t u k iː s i ʃ
portugiesisch	pʰ o r t u k iː s i ʃ
praktisch	p r a k t i ʃ
problematisch	p r o p l ə m aː t i ʃ
puer	pʰ uː a
puffe	pʰ u f ə
pumpe	pʰ u m p ə
quatsche	k w a t͡ʃ ə
quele	k w eː l ə
rangle	r a ŋ l ə
ranschegelleb	r a n ʃ ə k e l ə p
rappe	r a p ə
rau	r a ʊ̯
rauche	r a ʊ̯ x ə
rausche	r a ʊ̯ ʃ ə
rechne	r e ç n ə
recht	r e ç t
rechts	r e ç t͡s
reffe	r e f ə
rehne	r eː n ə
reiche	r a ɪ̯ ç ə
reichre	r a ɪ̯ ç r ə
reide	r a ɪ̯ r ə
reife	r a ɪ̯ f ə
reise	r a ɪ̯ s ə
reive	r a ɪ̯ v ə
renne	r ɛ n ə
repple	r e p l ə
rette	r e t ə
richte	r i ç t ə
rieche	r iː ç ə
riwle	r i v l ə
rod	r oː t
rode	r oː r ə
roh	r oː
romantik	r o m a n t i k
roppe	r o p ə
rosch	r o ʃ
rufe	r uː f ə
ruhe	r uː ə
russisch	r u s i ʃ
rëghiere	r e ç iː r ə
rëstrinschiere	r e ʃ t r i n ʃ iː r ə
saan	s ɔː n
salse	s a l s e
salsich	s a l s i ç
sammle	s a m l ə
sauer	s a ʊ̯ a
saufe	s a ʊ̯ f ə
sauver	s a ʊ̯ v ɐ
schaaref	ʃ ɔː r ə f
schaffe	ʃ a f ə
schalle	ʃ a l ə
scheele	ʃ eː l ə
scheen	ʃ eː n
scheene	ʃ eː n ə
scheenem	ʃ eː n ə m
scheener	ʃ eː n a
scheenes	ʃ eː n ə s
scheenest	ʃ eː n ə ʃ t
scheine	ʃ a ɪ̯ n ə
scheise	ʃ a ɪ̯ s ə
schelle	ʃ e l ə
scheme	ʃ eː m ə
schenke	ʃ ɛ ŋ k ə
schicke	ʃ i k ə
schlachte	ʃ l a x t ə
schlank	ʃ l a ŋ k
schlau	ʃ l a ʊ̯
schlecht	ʃ l e ç t
schleppe	ʃ l e p ə
schlicke	ʃ l i k ə
schliese	ʃ l iː s ə
schlofe	ʃ l oː f ə
schmaal	ʃ m ɔː l
schmecke	ʃ m e k ə
schmelze	ʃ m e l t͡s ə
schnalle	ʃ n a l ə
schneide	ʃ n a ɪ̯ r ə
schnell	ʃ n e l
schnelle	ʃ n e l ə
schneller	ʃ n e l a
schnellest	ʃ n e l ə ʃ t
schnuffle	ʃ n u f l ə
schone	ʃ oː n ə
schrappe	ʃ r a p ə
schrecke	ʃ r e k ə
schrecklich	ʃ r e k l i ç
schun	ʃ u n
schuppe	ʃ u p ə
schutze	ʃ u t͡s ə
schwaarte	ʃ v ɔː t ə
schwach	ʃ v a x
schwanger	ʃ v a ŋ a
schwarz	ʃ v a t͡s
schwelle	ʃ v e l ə
schwetze	ʃ v e t͡s ə
schwimme	ʃ v i m ə
schwitze	ʃ v i t͡s ə
schwäer	ʃ v ɛː ɐ
sechs	s e k s
sechzen	s e ç t͡s n̩
sechzich	s e ç t͡s i ç
sehe	s eː ə
seie	s a ɪ̯ ə
sein	s a ɪ̯ n
setze	s e t͡s ə
sibzen	s i p t͡s n̩
sicher	s i ç a
sicherlich	s i ç ɐ l i ç
sie	s iː
sies	s iː s
sieve	s iː v ə
sihn	s iː n
silver	s i l v a
sin	s i n
sinfonisch	s i n f oː n i ʃ
singe	s i ŋ ə
sinke	s i ŋ k ə
sitze	s i t͡s ə
solle	s o l ə
spanne	ʃ p a n ə
sped	ʃ p e t
sperre	ʃ p ɛ r ə
spiele	ʃ p iː l ə
spreche	ʃ p r e ç ə
springe	ʃ p r i ŋ ə
spritze	ʃ p r i t͡s ə
spucke	ʃ p u k ə
stampe	ʃ t a m p ə
statts	ʃ t a t͡s
steche	ʃ t e ç ə
stecke	ʃ t e k ə
steenich	ʃ t eː n i ç
steere	ʃ t eː r ə
stehle	ʃ t eː l ə
stehn	ʃ t eː n
steie	ʃ t a ɪ̯ ə
steif	ʃ t a ɪ̯ f
stelle	ʃ t e l ə
sterrve	ʃ t ɛ r v ə
sterze	ʃ t ɛ t͡s ə
sticke	ʃ t i k ə
sticker	ʃ t i k a
still	ʃ t i l
stimme	ʃ t i m ə
stinke	ʃ t i ŋ k ə
stolpre	ʃ t o l p r ə
stols	ʃ t o l s
stoppe	ʃ t o p ə
strecke	ʃ t r e k ə
streiche	ʃ t r a ɪ̯ ç ə
streichle	ʃ t r a ɪ̯ ç l ə
stricke	ʃ t r i k ə
strofe	ʃ t r o f ə
strome	ʃ t r oː m ə
stumm	ʃ t u m
stump	ʃ t u m p
suche	s u x ə
suckle	s u k l ə
suttle	s u t l ə
sërviere	s e r v iː r ə
tausend	tʰ a ʊ̯ s ə n t
tirolisch	tʰ i r oː l i ʃ
toych	t ɔ j x
trample	t r a m p l ə
traue	t r a ʊ̯ ə
trede	t r eː r ə
treffe	t r e f ə
trenne	t r ɛ n ə
trieb	t r iː p
trieve	t r iː v ə
tunke	tʰ u ŋ k ə
uff	u f
uffem	u f ə m
uffs	u f s
um	u m
umfalle	u m f a l ə
umsonst	u m s ɔ n ʃ t
un	u n
unbekannt	u n p ə kʰ a n t
ungesund	u n k ə s u n t
uns	u n s
unsicher	u n s i ç ɐ
unzufried	u n t͡s u f r iː t
wach	v a x
wache	v a x ə
wachse	v a k s ə
wackle	v a k l ə
walse	v a l s ə
wann	v a n
was	v a s
wech	v e ç
weche	v e ç ə
wechsle	v e k s l ə
weele	v eː l ə
weiblich	v a ɪ̯ p l i ç
weid	v a ɪ̯ t
weider	v a ɪ̯ r ɐ
weie	v a ɪ̯ ə
weinrod	v a ɪ̯ n r oː t
weis	v a ɪ̯ s
weise	v a ɪ̯ s ə
weisem	v a ɪ̯ s ə m
weiser	v a ɪ̯ s a
weises	v a ɪ̯ s ə s
weisest	v a ɪ̯ s ə ʃ t
wenichstens	v eː n i ç ʃ t ə n s
wenn	v ɛ n
wer	v ɛ ɐ̯
werklich	v ɛ r k l i ç
werre	v ɛ r ə
wesche	v e ʃ ə
wette	v e t ə
weve	v eː v ə
wichse	v i k s ə
wichtich	v i ç t i ç
wickle	v i k l ə
wie	v iː
wiest	v iː ʃ t
wild	v i l t
willich	v i l i ç
winsche	v i n ʃ ə
wische	v i ʃ ə
wisse	v i s ə
wittichnannerrenne	v i t i ç n a n a r ɛ n ə
wo	v oː
wohne	v oː n ə
wolle	v o l ə
wäär	v eː a
wäär	v ɛː r
xloych	ʃ l ɔ j x
zaam	t͡s ɔː m
zaart	t͡s ɔː t
zanke	t͡s a ŋ k ə
zeche	t͡s e ç ə
zehn	t͡s eː n
zeichne	t͡s a ɪ̯ ç n ə
zeidich	t͡s a ɪ̯ r i ç
zentraal	t͡s n̩ t r ɔː l
ziehe	t͡s iː ə
zittre	t͡s i t r ə
zu	t͡s uː
zuckre	t͡s u k r ɐ
zufried	t͡s u f r iː t
zum	t͡s uː m
zumache	t͡s uː m a x ə
zwanzich	t͡s v a n t͡s i ç
zweifel	t͡s v a ɪ̯ f ə l
zweifle	t͡s v a ɪ̯ f l ə
zwellef	t͡s v e l ə f
zwett	t͡s v e t
zweu	t͡s v ɔ ɪ̯
zwing	t͡s v i ŋ
zwingd	t͡s v i ŋ t
zwinge	t͡s v i ŋ ə
zwingst	t͡s v i ŋ ʃ t
Äerd	ɛː a t
Äerdbeer	ɛː a t p eː a
Äerdbeere	ɛː a t p eː r ə
Äerde	ɛː a t ə
Äärem	ɛː r ə m
Äärsch	ɛː ʃ
Ëukalipt	e ʊ̯ k a l i p t
Ëukaliptbaam	e ʊ̯ k a l i p t p ɔː m
Ëuropa	e ʊ̯ r oː p a
Ëuropäer	e ʊ̯ r o p ɛː a
ëuropäisch	e ʊ̯ r o p ɛː i ʃ
ëuropäische	e ʊ̯ r o p ɛː i ʃ ə
ëuropäischem	e ʊ̯ r o p ɛː i ʃ ə m
ëuropäischer	e ʊ̯ r o p ɛː i ʃ a
ëuropäisches	e ʊ̯ r o p ɛː i ʃ ə s
