Bias	b j a s
Bias	b j aː s
Bias	b j ɑː s
Gjapon	d ʒ a p uː
Gjapon	d ʒ a p ũː
Gjapon	d ʒ a p ũː ŋ
Jesu	d͡ʒ eː z u
Milan	m i l aː
Milan	m i l ãː
Milan	m i l ãː ŋ
Milan	m i l ɑ̃ː
Milan	m i l ɑ̃ː ŋ
Milan	m i ɾ ɑ̃ː
Milan	m i ɾ ɑ̃ː ŋ
Zoan	t͡s o a n
agost	a ɡ o s t
agost	a ɡ u s t
an'	a
an'	a ŋ
anc	a k
anc	a ŋ k
anca	a k ɑ
anca	a ŋ k ɑ
andà	ãː d a
avost	a o s t
avost	a v o ɕ t
avost	o s t
bauscia	b a y ʃ a
brut	b r y t
brut	b r ø t
cadrega	k a̠ d̪ r eː ɡ a̠
cadregh	k a̠ d̪ r eː k
calepin	k a l e p i
calepin	k a l e p ĩː ŋ
calepin	k a l i p i
canp	c a m p
canp	k a m p
canp	k a m p o
canp	k a m p u
canp	k aː p
canp	k ɛ m p
canp	t ɕ a m p
cançon	c a n t͡s o n
chest	k e s
chest	k e s t
chest	k ɛ s
chest	k ɛ s t
chesta	k e s t ɑ
chesta	k ɛ s t ɑ
cheste	k e s
cheste	k e s t
cheste	k e s t e
cheste	k e s t i
cheste	k ɛ s
cheste	k ɛ s t
cheste	k ɛ s t e
cheste	k ɛ s t i
chestj	k e s
chestj	k e s t
chestj	k e s t i
chestj	k ɛ j s
chestj	k ɛ j s t
chestj	k ɛ s
chestj	k ɛ s t
chestj	k ɛ s t i
chestj	k ɛ s t ʃ
cito	s i t o
cito	t͡ʃ i t u
citâ	t ʃ i t a
citâ	t ʃ i t aː
cjape	t ʃ a p
cjape	t ʃ a p e
cjape	t ʃ a p i
colomb	k a l o m b̥
colomb	k o l o m
colomb	k o l o m b̥
colomb	k o l u m b̥
colomb	k u l o m b̥
colomb	k u l u m b̥
colomba	k o l o m b ɑ
colomba	k o l u m b ɑ
colomba	k u l o m b ɑ
colomba	k u l u m b ɑ
cond	k o n d
cond	k o n d e
cond	k u n t
corp	k o r p
corp	k oː r p
corp	k ɔ r p
corp	k ɔː r p
corp	k ɔː r p u
cuatro	k w a t r o
cuatro	k w a t r u
cuatro	k w a t rʷ
cuest	k u s t
cuest	kʷ e s
cuest	kʷ e s t
cuest	kʷ ɛ s
cuest	kʷ ɛ s t
cuesta	k u s t ɑ
cuesta	kʷ e s t ɑ
cuesta	kʷ ɛ s t ɑ
cueste	kʷ e s
cueste	kʷ e s t
cueste	kʷ e s t e
cueste	kʷ e s t i
cueste	kʷ ɛ s
cueste	kʷ ɛ s t
cueste	kʷ ɛ s t e
cueste	kʷ ɛ s t i
cuestj	kʷ e s
cuestj	kʷ e s t
cuestj	kʷ e s t i
cuestj	kʷ ɛ j s
cuestj	kʷ ɛ j s t
cuestj	kʷ ɛ s
cuestj	kʷ ɛ s t
cuestj	kʷ ɛ s t i
cuestj	kʷ ɛ s t ʃ
cui	k y i̯
cui	k yː
cui	k yː i̯
cul	k y l
cul	k yː
cul	k yː l
culata	k y l a t ɐ
culata	k y l a t ɑ
culaton	k y l ɐ t uː
culaton	k y l ɐ t ũː
culaton	k y l ɐ t ũː ŋ
cuàter	k w a t ɐ ɾ
cuàter	k w a t ɛ ɾ
còrp	k o r p
còrp	k oː r p
còrp	k ɔ r p
còrp	k ɔː r p
còrp	k ɔː r p u
cüna	k y n a
cœur	k øː ɾ
cœur	k ɔː ɾ
d'acòrdi	d a k o r d e
d'acòrdi	d a k ɔ r d i
des	d eː
des	d eː h
des	d eː s
des	d eː ʃ
des	d eːʰ
dex	d e h
dex	d e s̠
dex	d e ɕ
distanza	d i h t a n h ɑ
distanza	d i s t a n s ɑ
distanza	d i s t a n t s ɑ
dizionari	d i s j o n a r e
dizionari	d i s j u n a r e
dizionari	d i s j u n aː r i
dizionari	d i t s j o n a r e
dizionari	d i t s j u n a r e
dizionari	d i t s j u n aː r i
dodex	d̪ o d̪ e ʑ
dolce	d o l t͡s e
dolzura	d o l t͡s u r a
doradha	d o ɾ a d a
dotora	d u t uː ɾ ɑ
dra	d ɾ a
euv	øː f
euv	øː w
feura	f oː r ɑ
feura	f ø r ɑ
feura	f øː r ɑ
feura	f ɔː r ɑ
fevrer	f a u ɾ ɛ
fevrer	f e v ɾ ɛ
fevrer	f e v ɾ ɛ ɾ
força	f o ɾ t͡s a
fradell	f r a d e l
fradell	f r a d eː
fradell	f r a d eː l
fradell	f r a d ɛ l
fradell	f r ɛ d ɛ l
fradèi	f r a d e i̯
fradèi	f r a d i̯ː
fradèi	f r a d ɛ i̯
fradèi	f r ɛ d ɛ i̯
gat	ɟ ɛ t
gat	ɡ a t
gat	ɡ ɛ t
gatj	ɟ ɛ t
gatj	ɡ a i̯
gatj	ɡ a i̯ t
gatj	ɡ a t
gatj	ɡ a t ʃ
gatj	ɡ ɛ t
gatt	ɟ ɛ t
gatt	ɡ a t
gatt	ɡ ɛ t
gay	ɡ eː i
gay	ɡ ɛ j
gener	z e n e r
gener	ʒ i n ɛ
giaçça	ɡ l a t t s a
gnan'	ɲ a
gnan'	ɲ a ŋ
gnanc	ɲ a k
gnanc	ɲ a ŋ k
gnanca	ɲ a k ɑ
gnanca	ɲ a ŋ k ɑ
goma	ɡ o m ɑ
goma	ɡ u m ɑ
gome	ɡ o m
gome	ɡ o m e
gome	ɡ o m i
gome	ɡ u m
gome	ɡ u m i
gota	ɡ u t a
gota	ɡ u t ə
gota	ɡ ɔ t a
grass	ɡ r a s
grass	ɡ r aʰ
gòlta	ɡ ɔ l t a
gómbet	ɡ o m b ɛ t
gómbet	ɡ o m b ɛ t ʃ
gómbet	ɡ u m b i t
gómbet	ɡ u m b ä t
gómbet	ɡ u m b ɛ t
gómbet	ɡ y m b ä t
honor	o n o ɾ
in	a n
in	ɛ n
ind	a n d
ind	a n d e
ind	ɛ n d
ind	ɛ n d e
inimigo	i n i m i ɡ o
istoria	i s t ɔ r j a
jald	d͡ʒ aː l t
jald	z aː l t
jalda	d͡ʒ aː l d ɐ
jalda	z aː l d ɐ
jalde	d͡ʒ aː l d i
jalde	d͡ʒ aː l t
jalde	z aː l d e
jovedí	d͡ʒ o e d̪ e
jovedí	d͡ʒ o v e d̪ i
jovedí	d͡ʒ u e d̪ e
jovedí	d͡ʒ u e d̪ i
jovedí	d͡ʒ u ä d̪ i
jâld	d͡ʒ aː l t
jâld	d͡ʒ iː l t
jâld	d͡ʒ ɛː l t
jâld	z aː j l
jâld	z aː j l t
jâld	z aː l
jâld	z aː l t
jâld	z aː l t͡ʃ
jœbia	d͡ʒ øː b j ɑ
jœbia	z øː b j ɑ
jœbia	z ɔ b j a
jœbia	ʒ øː b j ɑ
lege	l e d ʒ e
lege	l e s
lege	l eː d ʒ e
lege	l eː t ʃ
lege	l eː ʃ
legg	l eː t ʃ
legge	l e d ʒ e
legi	l e d ʒ i
legi	l eː d ʒ i
legi	l eː t ʃ
lesg	l e s
lesg	l eː ʃ
lez	l e s
lez	l eː ʃ
lez	l ɛ s
lez	l ɛ t ʃ
lez	l ɛ ŋ t ʃ
lez	l ɛ ʃ
lez	l ɛʰ
lochet	l o k ɛ t
lochet	l u k ɛ t
luj	l y j
luj	l y ʎ
luj	l ø j
lunedí	l̺ y n̺ e d̪ i
lunedí	l̺ ø n̺ e d̪ e
luv	l y f
luv	l yː f
lèzer	l eː t ʃ
lèzer	l eː ʃ
lèzer	l ɛ d ʒ i
lèzer	l ɛ s
lèzer	l ɛ z ɛ
lèzer	l ɛ z ɛ ɾ
lèzer	l ɛ ʒ i
lèzer	l ẽ ŋ t ʃ
lèzer	l ẽ ŋ ʃ
man	m a
man	m aː
man	m aː ŋ
manjar	m a j a
manjar	m a n z a
manjar	m a n ʒ a
manjar	m a ɲ a
manjar	m ã d͡ʒ a
manjar	m ã j a
manjar	m ã n d͡ʒ a
manjar	m ã ɲ a
martedí	m̺ a r t e d̪ e
martedí	m̺ a r t e d̪ i
mercoldí	m̺ ä r k u l d̪ i
mercoldí	m̺ ɛ r k o l d̪ e
mercoldí	m̺ ɛ r k u l d̪ e
mercoldí	m̺ ɛ r k u l d̪ i
mercoldí	m̺ ɛ r k u r d̪ e
mercoldí	m̺ ɛ r k u r d̪ i
mondo	m o n d o
nassion	n a s s j ɔ n
negra	n e ɡ ɾ a
neuv	n øː
neuv	n øː f
neuv	n øː w
neuva	n øː v ɑ
neuva	n øː ɑ
neuve	n øː e
neuve	n øː i
neuve	n øː v
nog	n ø d͡ʑ
négher	n e j r
négher	n e ɡ ɑ r
négher	n e ɡ ɛ r
négher	n eː r
négher	n eː ɡ r o
négher	n eː ɡ r u
négher	n eː ɡ ɐ r
négher	n eː ɡ ɑ r
négher	n eː ɡ ɛ r
négher	n eˑ j r u
négher	n eˑ j ɡ r u
négher	n i ɡ ɛ r
négher	n iː ɡ ɛ r
nò	n ɔ
omo	ɔ m o
oregjon	u ɾ e d ʒ uː ŋ
oregjon	u ɾ i t ʃ uː
oro	o ɾ o
ovra	ɔ v ɾ a
paes	p a eː s
paes	p a iː s
pagura	p a ɡ yː r ɑ
paradiso	p a ɾ a d i s o
paradix	p a ɾ a d i ʒ
pass	p a s
pavon	p a uː
pavon	p a uː ŋ
pavon	p a uː ɲ
pavon	p a v oː j
pavon	p a v uː j
pavon	p a v uː ŋ
pavon	p a v uː ɲ
pavon	p a v ũː
pavon	p a ũː
pavura	p a yː r ɑ
pavura	p a ɡ yː r ɑ
paés	p a eː s
paés	p a iː s
paês	p a eː s
paês	p a iː s
paüra	p a yː r ɑ
persona	p e̞ r h uː n ɑ
persona	p e̞ r s u ŋ ä
persona	p e̞ r s uː n ɑ
persona	p e̞ r s uː ŋ ä
persona	p ä r t s oː n ä
persone	p e̞ r h uː n e
persone	p e̞ r s uː n e
persone	p e̞ r s uː n i
persone	p e̞ r s ũ ŋ
persone	p e̞ r s ũː ŋ
persone	p ä r t s oː n
persone	p ä r t s oː n i
piomb	p j o m p
piomb	p j uː m p
piomb	p l o m p
pora	p o r ɑ
pora	p u r ɑ
pora	p ɔː r a
pota	p ɔ t a
prima	p ɾ i m a
pura	p u r ɑ
pòra	p o r ɑ
pòra	p ɔː r ɑ
póra	p o r ɑ
póra	p u r ɑ
quatro	k w a t ɾ o
querella	k w e r e l ɑ
quest	kʷ e s
quest	kʷ e s t
quest	kʷ ɛ s
quest	kʷ ɛ s t
quindex	k w i n d e ʒ
rex	ɾ ɛ ʒ
rizz	r e s
rizz	r e t s
rizz	r eʰ
rizz	r i s
rizz	r i t s
rizz	r i ʃ
riç	r e s
riç	r e t s
riç	r eʰ
riç	r i s
riç	r i t s
riç	r i ʃ
sancta	s a n t a
sang	h a ŋ k
sang	s aː ŋ ɡ̊
sang	s aː ŋ ɡ̊ʷ
sang	s ɑː ŋ ɡ̊
sang	s ɑː ŋ ɡ̊ʷ
scrigiura	s k ɾ i t͡ʃ u ɾ a
scriguire	s k ɾ i t͡ʃ u ɾ
ses	h eː
ses	h eː h
ses	h eː s
ses	s eː s
set	h ɛ t
set	s ɛ t
sex	s e ʒ
sorella	s o r ɛ l ɑ
sorella	s u r e l ɑ
sorella	s u r ɛ l ɑ
sorelle	s o r ɛ l e
sorelle	s u r e l
sorelle	s u r ɛ i̯
sorelle	s u r ɛ l
sorelle	s u r ɛ l e
sorelle	s u r ɛ l i
tajâ	t a j a
tajâ	t a j aː
tajâ	t a j aː ɾ
tajâ	t a j ɛ
tajâ	t a ʎ aː
television	t e l e v i z j u
television	t e l e v i z j ũː ŋ
terzo	t ɛ r t͡s o
tre	t ɾ e
uedre	v e d ɾ e
venerdí	v e n̺ d ɛ r d̪ i
venerdí	v e n̺ ɛ r d̪ i
venerdí	v e r n̺ ä d i
venerdí	v ɛ n̺ d ä r d i
venerdí	v ɛ n̺ ä r d i
venerdí	v ɛ n̺ ä r d̪ e
venerdí	v ɛ n̺ ɛ r d̪ e
venerdí	v ɛ r n̺ ä d̪ i
venerdí	ɛ n̺ ä r d̪ e
venerdí	ɛ n̺ ɛ r d̪ e
vost	o s t
vost	o ɕ t
vost	oː h t
vost	v o ɕ t
vox	v o ʒ
vésser	e s
vésser	e s ä r
vésser	e s ɛ r
vésser	v e s
vésser	v e s ä r
vésser	v e s ɛ r
vésser	v ɛ s
vésser	v ɛ s e
vésser	v ɛ s i
vésser	v ɛ s ɛ
vésser	v ɛ s ɛ r
vésser	ɛ s
vésser	ɛ s e
vésser	ɛ s i
vésser	ɛ s ɛ
vésser	ɛ s ɛ r
vòt	v ɔ t
vòt	w ɔ t
vòt	ɔ t
zenziva	d ʒ e n d ʒ iː v ɑ
zenziva	d ʒ e n d ʒ iː ɑ
zenziva	d ʒ i n d ʒ iː v ɑ
zenziva	d ʒ i n d ʒ iː ɑ
zenziva	z a n z i ɑ
zenziva	z e n z i ɑ
zenziva	z i n z i ɑ
zenziva	ʒ a n ʒ iː v ɑ
zenziva	ʒ a n ʒ iː ɑ
zenziva	ʒ i n ʒ iː v ɑ
zenziva	ʒ i n ʒ iː ɑ
zinqui	t͡s i n k w i
çençauro	t͡s e n t͡s a v ɾ o
çinc	s i ŋ k
çinc	s iː k
çinc	t ʃ iː ŋ k
çinc	t ʃ ĩː k
çinc	ʃ i ŋ k
çincu	t ʃ i n k w e
çincu	t ʃ i n k w̩
çincu	t ʃ i n kʷ
çitâ	s i t a
çitâ	s i t aː
çitâ	t s i t a
çitâ	t s i t aː
òr	oː ɾ
òr	ɔː ɾ
