अंकगणित	ə ŋ k ə ɡ ə ɳ iː t̪
अंकी	ə ŋ k iː
अंकुश	ə ŋ k uː ɕ
अंगठी	ə ŋ ɡ ʈʰ iː
अंगाई	ə ŋ ɡ a iː
अंजीर	ə n d͡ʑ iː ɾ
अंतराळयात्री	ə n t̪ ɾ a ɭ̆ j a t̪ ɾ iː
अंथरूण	ə n t̪ʰ ɾ uː ɳ
अंबिग	ə m b iː ɡ
अंबी	ə m b iː
अंबु	ə m b uː
अंबेकरी	ə m b e k ɾ iː
अंबोळी	ə m b o ɭ̆ iː
अंमलबजावणी	ə m m ə l b ə d͡ʑ a ʋ ɳ iː
अकथित	ə k t̪ʰ iː t̪
अकल्पनीय	ə k ə l p ə n iː j
अक्षरी	ə k ʂ ə ɾ iː
अखंडसौभाग्यवती	ə kʰ ə ɳ ɖ s ə u bʱ a ɡ j ə ʋ t̪ iː
अखेरी	ə kʰ e ɾ iː
अखेरीस	ə kʰ e ɾ iː s
अग्नि	ə ɡ n iː
अग्यारी	ə ɡ j a ɾ iː
अजून	ə d͡z uː n
अट्टहास	ə ʈ ʈ a s
अट्टाहास	ə ʈ ʈ a a s
अठ्ठावीस	ə ʈ ʈʰ a ʋ iː s
अठ्ठेचाळीस	ə ʈ ʈʰ e t͡ɕ a ɭ̆ iː s
अठ्ठेताळीस	ə ʈ ʈʰ e t̪ a ɭ̆ iː s
अडतीस	ə ɖ ə t̪ iː s
अडाणी	ə ɖ a ɳ iː
अडीच	ə ɖ iː t͡ɕ
अणू	ə ɳ uː
अति	ə t̪ iː
अतिशयोक्ती	ə t̪ i ɕ j o k t̪ iː
अतीत	ə t̪ iː t̪
अत्याचारी	ə t̪ j a t͡ɕ a ɾ iː
अद्भुत	ə d̪ bʱ uː t̪
अधातू	ə d̪ʱ a t̪ uː
अधाशी	ə d̪ʱ a ɕ iː
अधिक	ə d̪ʱ iː k
अधिकारशाही	ə d̪ʱ i k a ɾ ɕ a iː
अधिकृत	ə d̪ʱ i k ɾ uː t̪
अधीर	ə d̪ʱ iː ɾ
अधू	ə d̪ʱ uː
अधोगती	ə d̪ʱ o ɡ t̪ iː
अनियमित	ə n i j ə m iː t̪
अनिल	ə n iː l
अनुपस्थित	ə n u p ə s t̪ʰ iː t̪
अनुपस्थिती	ə n u p ə s t̪ʰ i t̪ iː
अनुमती	ə n u m ə t̪ iː
अनुमानित	ə n u m a n iː t̪
अनुमानी	ə n u m a n iː
अन्नसाखळी	ə n n ə s a kʰ ɭ̆ iː
अपराधी	ə p ɾ a d̪ʱ iː
अपहरण	ə p ə ɾ ə ɳ
अपुन	ə p uː n
अप्रतिम	ə p ɾ ə t̪ iː m
अफू	ə pʰ uː
अबीर	ə b iː ɾ
अब्रू	ə b ɾ uː
अभिनेत्री	ə bʱ i n e t̪ ɾ iː
अमरावती	ə m ɾ a ʋ ə t̪ iː
अमुक	ə m uː k
अर्चित	ə ɾ t͡ɕ iː t̪
अर्जुन	ə ɾ d͡ʑ uː n
अर्थी	ə ɾ t̪ʰ iː
अळणी	ə ɭ̆ ɳ iː
अवचित	ə ʋ t͡ɕ iː t̪
अविवाहित	ə ʋ i ʋʱ a iː t̪
अश्रु	ə ɕ ɾ uː
अश्रू	ə ɕ ɾ uː
अस्थी	ə s t̪ʰ iː
आंगोळी	a ŋ ɡ o ɭ̆ iː
आंचूळ	a n t͡ɕ uː ɭ̆
आंबेहळद	a m b e ɭ̆ ə d̪
आई	a iː
आकाशी	a k a ɕ iː
आकृती	a k ɾ u t̪ iː
आगगाडी	a ɡ ɡ a ɖ iː
आगाऊ	a ɡ a uː
आजारी	a d͡z a ɾ iː
आजी	a d͡ʑ iː
आठी	a ʈʰ iː
आणि	a ɳ iː
आणीबाणी	a ɳ i b a ɳ iː
आतुर	a t̪ uː ɾ
आधी	a d̪ʱ iː
आनंददायी	a n ə n d̪ d̪ a j iː
आनंदित	a n ə n d̪ iː t̪
आनंदी	a n ə n d̪ iː
आपत्ती	a p ə t̪ t̪ iː
आपसूक	a p s uː k
आपुलकी	a p u l ə k iː
आमटी	a m ʈ iː
आम्ही	a mʱ iː
आरती	a ɾ t̪ iː
आळशी	a ɭ̆ ɕ iː
आवर्जून	a ʋ ə ɾ d͡ʑ uː n
आवृत्ती	a ʋ ɾ u t̪ t̪ iː
आशी	a ɕ iː
आसामी	a s a m iː
आसू	a s uː
आस्तिक	a s t̪ iː k
आस्मानी	a s m a n iː
आहारी	a ɦ a ɾ iː
इंग्रजी	i ŋ ɡ ɾ ə d͡ʑ iː
इंदूर	i n d̪ uː ɾ
इंद्रनील	i n d̪ ɾ ə n iː l
इंद्रायणी	i n d̪ ɾ a j ɳ iː
इंद्रिय	i n d̪ ɾ iː j
इतिहास	i t̪ iː a s
इस्पिक	i s p iː k
इस्राइल	i s ɾ a iː l
ईद	iː d̪
उंची	u n t͡ɕ iː
उग	uː ɡ
उगीच	u ɡ iː t͡ɕ
उचकी	u t͡ɕ k iː
उडीद	u ɖ iː d̪
उणीव	u ɳ iː ʋ
उतराई	u t̪ ɾ a iː
उतावीळ	u t̪ a ʋ iː ɭ̆
उत्क्रांती	u t̪ k ɾ a n t̪ iː
उत्तराधिकारी	u t̪ t̪ ə ɾ a d̪ʱ i k a ɾ iː
उत्सर्ग	u t͡sʰ ə ɾ ɡ ə
उत्सव	u t͡sʰ ə ʋ
उत्साह	u t͡sʰ a ɦ ə
उत्साही	u t͡sʰ a iː
उदरनिर्वाह	u d̪ ə ɾ n i ɾ ʋʱ a
उदासीन	u d̪ a s iː n
उदाहरण	u d̪ʱ a ɾ ə ɳ
उद्योगपती	u d̪ j o ɡ ə p t̪ iː
उधई	u d̪ʱ ə iː
उन्हाळी	u nʱ a ɭ̆ iː
उपराष्ट्रपती	u p ɾ a ʂ ʈ ɾ ə p ə t̪ iː
उपवासी	u p ʋ a s iː
उपस्थित	u p ə s t̪ʰ iː t̪
उपस्थिती	u p ə s t̪ʰ i t̪ iː
उपाशी	u p a ɕ iː
उरूस	u ɾ uː s
उर्दू	u ɾ d̪ uː
उशी	u ɕ iː
ऊ	uː
ऊदबत्ती	u d̪ b ə t̪ t̪ iː
ऊन	uː n
ऋ	ɾ uː
ऋण	ɾ uː ɳ
ऋणी	ɾ u ɳ iː
ऋतू	ɾ u t̪ uː
ऋषी	ɾ u ʂ iː
एकजीव	e k d͡ʑ iː ʋ
एकतीस	e k t̪ iː s
एकत्रित	e k ə t̪ ɾ iː t̪
एकवीस	e k ʋ iː s
एकसंधी	e k s ə n d̪ʱ iː
एकादशी	e k a d̪ ɕ iː
एकी	e k iː
एकेचाळीस	e k e t͡ɕ a ɭ̆ iː s
एकोणचाळीस	e k o ɳ t͡ɕ a ɭ̆ iː s
एकोणतीस	e k o ɳ t̪ iː s
एकोणीस	e k o ɳ iː s
एप्रिल	e p ɾ iː l
एफ्राईम	e pʰ ɾ a iː m
एरवी	e ɾ ʋ iː
एलियाहू	e l i j a uː
ऐ	ə iː
ऐंशी	ə i u ɕ iː
ऐच्छिक	ə i t͡ɕ t͡ɕʰ iː k
ऐतिहासिक	ə i t̪ i a s iː k
ऐतिहासिकता	ə i t̪ i a s i k t̪ a
ऐवजी	ə i ʋ d͡ʑ iː
ओली	o l iː
औ	ə uː
औद्योगिक	ə u d̪ j o ɡ iː k
कंगणी	k ə ŋ ɡ ɳ iː
कंठमणी	k ə ɳ ʈʰ ə m ə ɳ iː
कंदील	k ə n d̪ iː l
कचेरी	k ə t͡ɕ e ɾ iː
कटि	k ə ʈ iː
कठीण	k ə ʈʰ iː ɳ
कडू	k ə ɖ uː
कढई	k ə ɖʱ ə iː
कढी	k ə ɖʱ iː
कदाचित	k ə d̪ a t͡ɕ iː t̪
कधी	k ə d̪ʱ iː
कमी	k ə m iː
करंगळी	k ə ɾ ə ŋ ɡ ɭ̆ iː
करंजी	k ə ɾ ə n d͡ʑ iː
करवंटी	k ə ɾ ʋ ə ɳ ʈ iː
कराची	k ə ɾ a t͡ɕ iː
कल्की	k ə l k iː
कल्पनातीत	k ə l p ə n a t̪ iː t̪
कल्पनाशक्ती	k ə l p ə n a ɕ ə k t̪ iː
कल्पनीय	k ə l p ə n iː j
कळशी	k ə ɭ̆ ɕ iː
कळी	k ə ɭ̆ iː
कवयित्री	k ə ʋ j i t̪ ɾ iː
कवाईत	k ə ʋ a iː t̪
कवि	k ə ʋ iː
कवी	k ə ʋ iː
कसबी	k ə s b iː
कसोटी	k ə s o ʈ iː
कहाणी	k a ɳ iː
कांडी	k a ɳ ɖ iː
काऊ	k a uː
काकडी	k a k ɖ iː
काकू	k a k uː
काटेरी	k a ʈ e ɾ iː
काठी	k a ʈʰ iː
कात्री	k a t̪ ɾ iː
कादंबरी	k a d̪ ə m b ɾ iː
कानपूर	k a n p uː ɾ
कापूर	k a p uː ɾ
कापूस	k a p uː s
काफी	k a pʰ iː
कारणीभूत	k a ɾ ɳ i bʱ uː t̪
कारागीर	k a ɾ a ɡ iː ɾ
काल्पनिक	k a l p ə n iː k
काळजी	k a ɭ̆ d͡ʑ iː
काळवीट	k a ɭ̆ ʋ iː ʈ
काळीज	k a ɭ̆ iː d͡z
कावेरी	k a ʋ e ɾ iː
काशी	k a ɕ iː
काही	k a iː
किंचित	k i n t͡ɕ iː t̪
कितिं	k iː t̪ ĩ
किल्ली	k i l l iː
की	k iː
कीर्ती	k i ɾ t̪ iː
कीव	k iː ʋ
कुंकू	k u ŋ k uː
कुंकूं	k u ŋ k u ː̃
कुंभीर	k u m bʱ iː ɾ
कुटुंबीय	k u ʈ u m b iː j
कुतूहल	k u t̪ uː l
कुरकुरीत	k u ɾ k u ɾ iː t̪
कुरूप	k u ɾ uː p
कुलकर्णी	k u l k ə ɾ ɳ iː
कुलवधू	k u l ə ʋ d̪ʱ uː
कुलूप	k u l uː p
कुळ	k uː ɭ̆
कुस्ती	k u s t̪ iː
कृती	k ɾ u t̪ iː
केतकी	k e t̪ k iː
केशरी	k e ɕ ɾ iː
कोईल	k o iː l
कोची	k o t͡ɕ iː
कोटी	k o ʈ iː
कोठडी	k o ʈʰ ɖ iː
कोयती	k o j t̪ iː
कोलाहल	k o lʱ a ə l
कोल्हापूर	k o lʱ a p uː ɾ
कोळंबी	k o ɭ̆ ə m b iː
कोशिंबीर	k o ɕ i m b iː ɾ
कोशीस	k o ɕ iː s
कौटुंबिक	k ə u ʈ u m b iː k
कौतुक	k ə u t̪ uː k
क्यीव	k j iː ʋ
क्रांती	k ɾ a n t̪ iː
क्रूस	k ɾ uː s
क्रोधित	k ɾ o d̪ʱ iː t̪
क्वचित	k ʋ ə t͡ɕ iː t̪
क्षती	k ʂ ə t̪ iː
क्षितिज	k ʂ i t̪ iː d͡ʑ
खचित	kʰ ə t͡ɕ iː t̪
खचिती	kʰ ə t͡ɕ i t̪ iː
खजूर	kʰ ə d͡z uː ɾ
खडू	kʰ ə ɖ uː
खमंगाई	kʰ ə m ə ŋ ɡ a iː
खरेदी	kʰ ə ɾ e d̪ iː
खलाशी	kʰ ə l a ɕ iː
खाऊ	kʰ a uː
खाजगी	kʰ a d͡z ɡ iː
खात्री	kʰ a t̪ ɾ iː
खाली	kʰ a l iː
खिडकी	kʰ i ɖ k iː
खीर	kʰ iː ɾ
खुर्ची	kʰ u ɾ t͡ɕ iː
खुश	kʰ uː ɕ
खुशाली	kʰ u ɕ a l iː
खुशी	kʰ u ɕ iː
खूण	kʰ uː ɳ
खून	kʰ uː n
खूप	kʰ uː p
खूळ	kʰ uː ɭ̆
खोली	kʰ o l iː
ख्याती	kʰ j a t̪ iː
ख्रिस्त	kʰ ɾ iː s t̪
ख्रिस्ती	kʰ ɾ i s t̪ iː
गंगाभागीरथी	ɡ ə ŋ ɡ a bʱ a ɡ i ɾ t̪ʰ iː
गंगोत्री	ɡ ə ŋ ɡ o t̪ ɾ iː
गंभीर	ɡ ə m bʱ iː ɾ
गड्डी	ɡ ə ɖ ɖ iː
गणपती	ɡ ə ɳ ə p t̪ iː
गणित	ɡ ə ɳ iː t̪
गति	ɡ ə t̪ iː
गती	ɡ ə t̪ iː
गरमी	ɡ ə ɾ ə m iː
गरीब	ɡ ə ɾ iː b
गरीबी	ɡ ə ɾ i b iː
गल्ली	ɡ ə l l iː
गहन	ɡ ə n
गहिरे	ɡ ə i ɾ e
गहिरे	ɡ ə i ɾ ə
गहू	ɡ uː
गांडूळ	ɡ a ɳ ɖ uː ɭ̆
गांधीलमाशी	ɡ a n d̪ʱ i l m a ɕ iː
गांवधें	ɡ a uː ʋ d̪ʱ ẽ
गाडी	ɡ a ɖ iː
गादी	ɡ a d̪ iː
गाभीण	ɡ a bʱ iː ɳ
गारुडी	ɡ a ɾ u ɖ iː
गाळणी	ɡ a ɭ̆ ɳ iː
गिंडी	ɡ i ɳ ɖ iː
गिरणी	ɡ i ɾ ɳ iː
गिरीश	ɡ i ɾ iː ɕ
गीह्म	ɡ i m ə
गुज	ɡ uː d͡z
गुजराती	ɡ u d͡z ɾ a t̪ iː
गुढी	ɡ u ɖʱ iː
गुढें	ɡ uː ɖʱ ẽ
गुण	ɡ uː ɳ
गुदगुली	ɡ u d̪ ɡ u l iː
गुपित	ɡ u p iː t̪
गुबगुबीत	ɡ u b ɡ u b iː t̪
गुराखी	ɡ u ɾ a kʰ iː
गुरू	ɡ u ɾ uː
गुलाबी	ɡ u l a b iː
गुहा	ɡ uː a
गूळ	ɡ uː ɭ̆
गृह	ɡ ɾ uː
गृहकलह	ɡ ɾ u k ə l ə
गृहपाठ	ɡ ɾ u p a ʈʰ
गृहिणी	ɡ ɾ u ɦ i ɳ iː
गृहीत	ɡ ɾ u ɦ iː t̪
गैर	ɡ ə iː ɾ
गैरहजर	ɡ ə i ɾ ə d͡z ə ɾ
गैरहजेरी	ɡ ə i ɾ ə d͡ʑ e ɾ iː
गोणी	ɡ o ɳ iː
गोदावरी	ɡ o d̪ a ʋ ɾ iː
गोळी	ɡ o ɭ̆ iː
गोसावी	ɡ o s a ʋ iː
गोस्वामी	ɡ o s ʋ a m iː
गौण	ɡ ə uː ɳ
ग्रहण	ɡ ɾ ə ɳ
घरकूल	ɡʱ ə ɾ k uː l
घरगुती	ɡʱ ə ɾ ɡ u t̪ iː
घरजावई	ɡʱ ə ɾ d͡z a ʋ ə iː
घरपट्टी	ɡʱ ə ɾ p ə ʈ ʈ iː
घसरगुंडी	ɡʱ ə s ə ɾ ɡ u ɳ ɖ iː
घाई	ɡʱ a iː
घातकी	ɡʱ a t̪ k iː
घामाघूम	ɡʱ a m a ɡʱ uː m
घुंघरू	ɡʱ u ŋ ɡʱ ɾ uː
चकली	t͡ɕ ə k l iː
चक्की	t͡ɕ ə k k iː
चक्रफूल	t͡ɕ ə k ɾ ə pʰ uː l
चटई	t͡s ə ʈ ə iː
चपाती	t͡ɕ ə p a t̪ iː
चमेली	t͡s ə m e l iː
चव्वीस	t͡s ə ʋ ʋ iː s
चव्वेचाळीस	t͡s ə ʋ ʋ e t͡ɕ a ɭ̆ iː s
चहा	t͡ɕ a
चांदणी	t͡s a n d̪ ə ɳ iː
चांदी	t͡s a n d̪ iː
चाकू	t͡s a k uː
चामडी	t͡s a m ɖ iː
चालू	t͡s a l uː
चाळणी	t͡ɕ a ɭ̆ ɳ iː
चाळीस	t͡ɕ a ɭ̆ iː s
चावी	t͡s a ʋ iː
चाहणे	t͡ɕ a ɳ e
चाहणे	t͡ɕ a ɳ ə
चिकटपट्टी	t͡ɕ i k ə ʈ p ə ʈ ʈ iː
चिठ्ठी	t͡ɕ i ʈ ʈʰ iː
चित्तूर	t͡ɕ i t̪ t̪ uː ɾ
चिमणी	t͡ɕ i m ɳ iː
चीक	t͡ɕ iː k
चीज	t͡ɕ iː d͡ʑ
चीन	t͡ɕ iː n
चीनी	t͡ɕ i n iː
चुणचुणीत	t͡ɕ u ɳ t͡ɕ u ɳ iː t̪
चूक	t͡s uː k
चूल	t͡ɕ uː l
चूळ	t͡s uː ɭ̆
चेंडू	t͡ɕ e ɳ ɖ uː
चेन्नई	t͡ɕ e n n ə iː
चेहरा	t͡ɕ e ɾ a
चैन	t͡ɕ ə iː n
चैनबाजी	t͡ɕ ə i n b a d͡ʑ iː
चोवीस	t͡s o ʋ iː s
चौक	t͡s ə uː k
चौतीस	t͡s ə u t̪ iː s
चौधरी	t͡s ə u d̪ʱ ɾ iː
छत्तीस	t͡ɕʰ ə t̪ t̪ iː s
छत्रपति	t͡ɕʰ ə t̪ ɾ ə p t̪ iː
छत्री	t͡ɕʰ ə t̪ ɾ iː
जंगली	d͡ʑ ə ŋ ɡ l iː
जखमी	d͡ʑ ə kʰ m iː
जन्मखूण	d͡ʑ ə n m ə kʰ uː ɳ
जन्मभूमी	d͡ʑ ə n m ə bʱ u m iː
जपानी	d͡ʑ ə p a n iː
जबाबदारी	d͡z ə b a b d̪ a ɾ iː
जमाखर्ची	d͡ʑ ə m a kʰ ə ɾ t͡ɕ iː
जमीन	d͡z ə m iː n
जयपूर	d͡ʑ ə j p uː ɾ
जर्मनी	d͡ʑ ə ɾ m ə n iː
जळू	d͡z ə ɭ̆ uː
जवळीक	d͡ʑ ə ʋ ɭ̆ iː k
जवानी	d͡ʑ ə ʋ a n iː
जहर	d͡z ə ɾ
जहागिरदार	d͡ʑʱ a ɡ i ɾ d̪ a ɾ
जहागीरदार	d͡ʑʱ a ɡ i ɾ d̪ a ɾ
जहाज	d͡z a d͡z
जाऊ	d͡z a uː
जागरूक	d͡ʑ a ɡ ɾ uː k
जाणीव	d͡ʑ a ɳ iː ʋ
जाणूनबुजून	d͡z a ɳ u n b u d͡z uː n
जादुई	d͡ʑ a d̪ uː iː
जादू	d͡ʑ a d̪ uː
जादूगरी	d͡ʑ a d̪ u ɡ ə ɾ iː
जानेवारी	d͡ʑ a n e ʋ a ɾ iː
जायबंदी	d͡ʑ a j b ə n d̪ iː
जारी	d͡ʑ a ɾ iː
जाळी	d͡ʑ a ɭ̆ iː
जावई	d͡z a ʋ ə iː
जाहिरात	d͡ʑʱ a i ɾ a t̪
जाहीर	d͡ʑʱ a iː ɾ
जिरीं	d͡ʑ i ɾ i ː̃
जीभ	d͡ʑ iː bʱ
जीव	d͡ʑ iː ʋ
जीवाणू	d͡ʑ i ʋ a ɳ uː
जुई	d͡ʑ uː iː
जुलै	d͡ʑ u l ə iː
जून	d͡ʑ uː n
जैन	d͡ʑ ə iː n
जैविक	d͡ʑ ə i ʋ iː k
जोखीम	d͡z o kʰ iː m
ज्ञानी	d͡ʑ n a n iː
ज्ञानेंद्रिय	d͡ʑ n a n e n d̪ ɾ iː j
ज्यामिति	d͡ʑ j a m i t̪ iː
ज्वरित	d͡ʑ ʋ ə ɾ iː t̪
ज्वारी	d͡ʑ ʋ a ɾ iː
झडती	d͡ʑʱ ə ɖ ə t̪ iː
झाडू	d͡zʱ a ɖ uː
झाशी	d͡zʱ a ɕ iː
झुळूक	d͡zʱ u ɭ̆ uː k
झेंडू	d͡ʑʱ e ɳ ɖ uː
झोपडी	d͡zʱ o p ɖ iː
टरबूज	ʈ ə ɾ b uː d͡z
टापू	ʈ a p uː
टाळी	ʈ a ɭ̆ iː
टाहो	ʈ a o
टिकली	ʈ i k l iː
टिकाऊ	ʈ i k a uː
टीम	ʈ iː m
टीवी	ʈ i ʋ iː
टेंगूळ	ʈ e ŋ ɡ uː ɭ̆
टेकडी	ʈ e k ɖ iː
टोपली	ʈ o p l iː
टोळी	ʈ o ɭ̆ iː
ठाऊक	ʈʰ a uː k
ठाकूर	ʈʰ a k uː ɾ
ठीक	ʈʰ iː k
डहाळी	ɖ a ɭ̆ iː
डाखीण	ɖ a kʰ iː ɳ
डोहाळा	ɖ o a ɭ̆ a
ढीग	ɖʱ iː ɡ
तंबाखू	t̪ ə m b a kʰ uː
तंबू	t̪ ə m b uː
तपकिरी	t̪ ə p k i ɾ iː
तपशील	t̪ ə p ɕ iː l
तपासणी	t̪ ə p a s ɳ iː
तमिळ	t̪ ə m iː ɭ̆
तयारी	t̪ ə j a ɾ iː
तरतरीत	t̪ ə ɾ ə t̪ ɾ iː t̪
तराजू	t̪ ə ɾ a d͡ʑ uː
तरुण	t̪ ə ɾ uː ɳ
तर्जनी	t̪ ə ɾ d͡ʑ ə n iː
तलमुद	t̪ ə l m uː d̪
तहान	t̪ a n
तांत्रिक	t̪ a n t̪ ɾ iː k
तांदूळ	t̪ a n d̪ uː ɭ̆
तांबोळी	t̪ a m b o ɭ̆ iː
ताकीद	t̪ a k iː d̪
ताटली	t̪ a ʈ l iː
तारीख	t̪ a ɾ iː kʰ
तारीफ	t̪ a ɾ iː pʰ
तालीम	t̪ a l iː m
तिजोरी	t̪ i d͡z o ɾ iː
तिथी	t̪ i t̪ʰ iː
तिमिर	t̪ i m iː ɾ
तिरुचिरापल्ली	t̪ i ɾ u t͡ɕ i ɾ a p ə l l iː
ती	t̪ iː
तीन	t̪ iː n
तीर	t̪ iː ɾ
तीळ	t̪ iː ɭ̆
तीस	t̪ iː s
तुम्ही	t̪ u mʱ iː
तुळसी	t̪ u ɭ̆ s iː
तू	t̪ uː
तूप	t̪ uː p
तूळ	t̪ uː ɭ̆
तृप्ती	t̪ ɾ u p t̪ iː
तेलुगू	t̪ e l u ɡ uː
तेवीस	t̪ e ʋ iː s
तेहतीस	t̪ e t̪ iː s
त्रिशूळ	t̪ ɾ i ɕ uː ɭ̆
त्रेचाळीस	t̪ ɾ e t͡ɕ a ɭ̆ iː s
त्वरित	t̪ ʋ ə ɾ iː t̪
थाळी	t̪ʰ a ɭ̆ iː
थुंकी	t̪ʰ u ŋ k iː
दक्षिण	d̪ ə k ʂ iː ɳ
दफनविधी	d̪ ə pʰ ə n ʋ i d̪ʱ iː
दरिद्री	d̪ ə ɾ i d̪ ɾ iː
दरी	d̪ ə ɾ iː
दलित	d̪ ə l iː t̪
दहशत	d̪ ə ɕ ə t̪
दहशतवाद	d̪ ə ɕ ə t̪ ʋ a d̪
दहशतवादी	d̪ ə ɕ ə t̪ ʋ a d̪ iː
दहा	d̪ʱ a
दहावे	d̪ʱ a ʋ e
दहावे	d̪ʱ a ʋ ə
दही	d̪ʱ ə iː
दाढी	d̪ a ɖʱ iː
दानीएल	d̪ a n iː e l
दामिनी	d̪ a m i n iː
दारू	d̪ a ɾ uː
दालचिनी	d̪ a l t͡ɕ i n iː
दावीद	d̪ a ʋ iː d̪
दिन	d̪ iː n
दिल	d̪ iː l
दिल्ली	d̪ i l l iː
दिवाळी	d̪ i ʋ a ɭ̆ iː
दीदी	d̪ i d̪ iː
दीपावली	d̪ i p a ʋ l iː
दीर	d̪ iː ɾ
दुःखी	d̪ uʰ kʰ iː
दुख	d̪ uː kʰ
दुधी	d̪ u d̪ʱ iː
दुराग्रह	d̪ u ɾ a ɡ ɾ ə
दुराग्रही	d̪ u ɾ a ɡ ɾʱ ə iː
दुरुस्ती	d̪ u ɾ u s t̪ iː
दुर्गंधी	d̪ u ɾ ɡ ə n d̪ʱ iː
दुर्गति	d̪ u ɾ ɡ ə t̪ iː
दुर्दैव	d̪ u ɾ d̪ ə iː ʋ
दुर्दैवी	d̪ u ɾ d̪ ə i ʋ iː
दुश्मनी	d̪ u ɕ m ə n iː
दूध	d̪ uː d̪ʱ
दूर	d̪ uː ɾ
दृष्टी	d̪ ɾ u ʂ ʈ iː
देखील	d̪ e kʰ iː l
देवी	d̪ e ʋ iː
देशद्रोह	d̪ e ɕ d̪ ɾ o
देशद्रोही	d̪ e ɕ ə d̪ ɾʱ o iː
देह	d̪ e
देहभान	d̪ e bʱ a n
देहुडी	d̪ʱ e u ɖ iː
दैव	d̪ ə iː ʋ
दोन्ही	d̪ o nʱ iː
दोरी	d̪ o ɾ iː
दोषी	d̪ o ʂ iː
द्रोह	d̪ ɾ o
द्रोही	d̪ ɾʱ o iː
द्रौपदी	d̪ ɾ ə u p d̪ iː
द्वीपसमूह	d̪ ʋ i p s ə m uː
धडाडी	d̪ʱ ə ɖ a ɖ iː
धनत्रयोदशी	d̪ʱ ə n ə t̪ ɾ ə j o d̪ ɕ iː
धनु	d̪ʱ ə n uː
धमनी	d̪ʱ ə m n iː
धरती	d̪ʱ ə ɾ t̪ iː
धर्मशास्त्री	d̪ʱ ə ɾ m ə ɕ a s t̪ ɾ iː
धांदली	d̪ʱ a n d̪ l iː
धातू	d̪ʱ a t̪ uː
धाराशिव	d̪ʱ a ɾ a ɕ iː ʋ
धार्मिक	d̪ʱ a ɾ m iː k
धूर	d̪ʱ uː ɾ
धूळ	d̪ʱ uː ɭ̆
धेंडोळी	d̪ʱ e ɳ ɖ o ɭ̆ iː
ध्वनी	d̪ʱ ʋ ə n iː
नऊ	n ə uː
नऊवारी	n ə u ʋ a ɾ iː
नकारार्थी	n ə k a ɾ a ɾ t̪ʰ iː
नकुल	n ə k uː l
नक्की	n ə k k iː
नजीक	n ə d͡ʑ iː k
नटी	n ə ʈ iː
नदी	n ə d̪ iː
नरकचतुर्दशी	n ə ɾ k ə t͡ɕ t̪ u ɾ d̪ ə ɕ iː
नवग्रह	n ə ʋ ɡ ɾ ə
नवरी	n ə ʋ ɾ iː
नशीब	n ə ɕ iː b
नहाण	nʱ a ɳ
नहाणवली	nʱ a ɳ ə ʋ l iː
नहाणे	nʱ a ɳ e
नहाणे	nʱ a ɳ ə
नाकपुडी	n a k p u ɖ iː
नाखुश	n a kʰ uː ɕ
नागपूर	n a k p uː ɾ
नागरिक	n a ɡ ə ɾ iː k
नाचक्की	n a t͡ɕ ə k k iː
नाचणी	n a t͡ɕ ə ɳ iː
नाजुक	n a d͡ʑ uː k
नाडी	n a ɖ iː
नातीण	n a t̪ iː ɳ
नातू	n a t̪ uː
नातेवाईक	n a t̪ e ʋ a iː k
नाभि	n a bʱ iː
नाभी	n a bʱ iː
नायकीण	n a j k iː ɳ
नाराजी	n a ɾ a d͡ʑ iː
नावाडी	n a ʋ a ɖ iː
नाशिक	n a ɕ iː k
नासाडी	n a s a ɖ iː
नास्तिक	n a s t̪ iː k
नाहणवली	nʱ a ɳ ə ʋ l iː
नाही	nʱ a iː
नाहीतर	nʱ a i t̪ ə ɾ
नि	n iː
निधि	n i d̪ʱ iː
नियंत्रित	n i j ə n t̪ ɾ iː t̪
नियमित	n i j ə m iː t̪
निर्जीव	n i ɾ d͡ʑ iː ʋ
निर्मिती	n i ɾ m i t̪ iː
निवडणूक	n i ʋ ə ɖ ɳ uː k
निष्पत्ती	n i ʂ p ə t̪ t̪ iː
नीद	n iː d̪
नुन्नी	n u n n iː
नेपाळी	n e p a ɭ̆ iː
नेहमी	n e m iː
नेहा	nʱ e a
नैसर्गिक	n ə i s ə ɾ ɡ iː k
न्यायमूर्ती	n j a j m u ɾ t̪ iː
न्यायाधीश	n j a j a d̪ʱ iː ɕ
न्यायिक	n j a j iː k
न्याहारी	n j a ɾ iː
न्यून	n j uː n
न्हावी	nʱ a ʋ iː
पंचवीस	p ə n t͡ɕ ʋ iː s
पंचेचाळीस	p ə n t͡s e t͡ɕ a ɭ̆ iː s
पक्षी	p ə k ʂ iː
पट्टी	p ə ʈ ʈ iː
पणजी	p ə ɳ d͡ʑ iː
पणती	p ə ɳ t̪ iː
पणतू	p ə ɳ t̪ uː
पती	p ə t̪ iː
पतेमारी	p ə t̪ e m a ɾ iː
परणाळी	p ə ɾ ɳ a ɭ̆ iː
पराणी	p ə ɾ a ɳ iː
परिमिती	p ə ɾ i m i t̪ iː
परिस्थिती	p ə ɾ i s t̪ʰ i t̪ iː
परिहार	p ə ɾʱ iː a ɾ
परीघ	p ə ɾ iː ɡʱ
पवनचक्की	p ə ʋ ə n t͡ɕ ə k k iː
पशू	p ə ɕ uː
पश्चिम	p ə ɕ t͡ɕ iː m
पसंती	p ə s ə n t̪ iː
पस्तीस	p ə s t̪ iː s
पहाट	p a ʈ
पहिले	p i l e
पांघरूण	p a ŋ ɡʱ ɾ uː ɳ
पाऊल	p a uː l
पाऊलखूण	p a u l kʰ uː ɳ
पाऊस	p a uː s
पाकळी	p a k ɭ̆ iː
पाखरू	p a kʰ ɾ uː
पाटलीण	p a ʈ l iː ɳ
पाटील	p a ʈ iː l
पाणि	p a ɳ iː
पाणी	p a ɳ iː
पाणीपातळी	p a ɳ i p a t̪ ɭ̆ iː
पातळी	p a t̪ ɭ̆ iː
पाद्री	p a d̪ ɾ iː
पापी	p a p iː
पायरी	p a j ɾ iː
पायाभूत	p a j a bʱ uː t̪
पारशी	p a ɾ ɕ iː
पारिभाषिक	p a ɾ i bʱ a ʂ iː k
पारिवारिक	p a ɾ i ʋ a ɾ iː k
पार्वती	p a ɾ ʋ ə t̪ iː
पार्श्वभूमी	p a ɾ ɕ ʋ ə bʱ u m iː
पालखी	p a l kʰ iː
पाळी	p a ɭ̆ iː
पाहणे	p a ɳ e
पाहणे	p a ɳ ə
पाहुणा	p a u ɳ a
पिठी	p i ʈʰ iː
पिल्लू	p i l l uː
पिशवी	p i ɕ ʋ iː
पीठ	p iː ʈʰ
पील	p iː l
पीस	p iː s
पुडी	p u ɖ iː
पुरचुंडी	p u ɾ t͡ɕ u ɳ ɖ iː
पुरीम	p u ɾ iː m
पुरुष	p u ɾ uː ʂ
पुष्कलावती	p u ʂ k ə l a ʋ ə t̪ iː
पूड	p uː ɖ
पूर	p uː ɾ
पृथ्वी	p ɾ u t̪ʰ ʋ iː
पॅरिस	p æ ɾ iː s
पेटी	p e ʈ iː
पेढी	p e ɖʱ iː
पेरू	p e ɾ uː
पेशी	p e ɕ iː
पेसाह	p e s a
पेहलवान	p e l ʋ a n
पैज	p ə iː d͡z
पोटरी	p o ʈ ɾ iː
पोपटी	p o p ʈ iː
पोलीस	p o l iː s
पोळी	p o ɭ̆ iː
पोहणे	p o ɳ e
पोहणे	p o ɳ ə
पोहोचणे	p o o t͡ɕ ɳ e
पोहोचणे	p o o t͡ɕ ɳ ə
पोहोचवणे	p o o t͡ɕ ə ʋ ɳ e
पोहोचवणे	p o o t͡ɕ ə ʋ ɳ ə
प्रकृती	p ɾ ə k ɾ u t̪ iː
प्रणाली	p ɾ ə ɳ a l iː
प्रतिध्वनी	p ɾ ə t̪ i d̪ʱ ʋ ə n iː
प्रतिनिधी	p ɾ ə t̪ i n i d̪ʱ iː
प्रथिन	p ɾ ə t̪ʰ iː n
प्रवाह	p ɾ ə ʋʱ a
प्रशंसनीय	p ɾ ə ɕ ə u s n iː j
प्रसिद्धी	p ɾ ə s i d̪ d̪ʱ iː
प्रहार	p ɾʱ a ɾ
प्राकृत	p ɾ a k ɾ uː t̪
प्राथमिक	p ɾ a t̪ʰ m iː k
प्रादेशिक	p ɾ a d̪ e ɕ iː k
प्रामाणिक	p ɾ a m a ɳ iː k
प्रार्थनामंदिर	p ɾ a ɾ t̪ʰ ə n a m ə n d̪ iː ɾ
प्रीत	p ɾ iː t̪
प्रीति	p ɾ i t̪ iː
प्रेयसी	p ɾ e j s iː
फजिती	pʰ ə d͡ʑ i t̪ iː
फरशी	pʰ ə ɾ ɕ iː
फांदी	pʰ a n d̪ iː
फाजील	pʰ a d͡ʑ iː l
फालतू	pʰ a l t̪ uː
फुफ्फुस	pʰ u p pʰ uː s
फुलपाखरू	pʰ u l p a kʰ ɾ uː
फूल	pʰ uː l
फेब्रुवारी	pʰ e b ɾ u ʋ a ɾ iː
फोडणी	pʰ o ɖ ɳ iː
फौज	pʰ ə uː d͡z
बंगळूर	b ə ŋ ɡ ɭ̆ uː ɾ
बंगाली	b ə ŋ ɡ a l iː
बंदी	b ə n d̪ iː
बक्षीस	b ə k ʂ iː s
बत्ती	b ə t̪ t̪ iː
बत्तीस	b ə t̪ t̪ iː s
बशी	b ə ɕ iː
बहरैन	b ə ɾ ə iː n
बहाणा	bʱ a ɳ a
बहाद्दर	bʱ a d̪ d̪ ə ɾ
बहिरा	bʱ ə i ɾ a
बहिरी	bʱ ə i ɾ iː
बहिरे	bʱ ə i ɾ e
बहिरे	bʱ ə i ɾ ə
बहुतेक	bʱ u t̪ e k
बहुपेशीय	bʱ u p e ɕ i j ə
बहुरूपी	bʱ u ɾ u p iː
बहुवचन	bʱ u ʋ t͡ɕ ə n
बहुविवाह	bʱ u ʋ i ʋʱ a
बांगडी	b a ŋ ɡ ɖ iː
बाई	b a iː
बाईमाणूस	b a i m a ɳ uː s
बाईसाहेब	b a i s a e b
बाऊ	b a uː
बाकी	b a k iː
बाजरी	b a d͡ʑ ə ɾ iː
बाटली	b a ʈ l iː
बातमी	b a t̪ m iː
बादशहा	b a d̪ ɕ a
बारीक	b a ɾ iː k
बारूख	b a ɾ uː kʰ
बावडी	b a ʋ ɖ iː
बावीस	b a ʋ iː s
बासमती	b a s ə m t̪ iː
बाहुली	bʱ a u l iː
बाहू	bʱ a uː
बिंदू	b i n d̪ uː
बिजली	b i d͡z l iː
बिनतारी	b i n t̪ a ɾ iː
बिनयामिन	b i n j a m iː n
बिर्याणी	b i ɾ j a ɳ iː
बी	b iː
बीज	b iː d͡ʑ
बीड	b iː ɖ
बुगडी	b u ɡ ɖ iː
बुद्धी	b u d̪ d̪ʱ iː
बुध	b uː d̪ʱ
बुरशी	b u ɾ ɕ iː
बूध	b uː d̪ʱ
बेंबी	b e m b iː
बेचाळीस	b e t͡ɕ a ɭ̆ iː s
बेडूक	b e ɖ uː k
बेरीज	b e ɾ iː d͡ʑ
बैरूत	b ə i ɾ uː t̪
बोली	b o l iː
ब्रह्मा	b ɾ ə m a
ब्राझील	b ɾ a d͡zʱ iː l
ब्रुनेई	b ɾ u n e iː
भांडुप	bʱ a ɳ ɖ uː p
भाऊ	bʱ a uː
भाऊजी	bʱ a u d͡ʑ iː
भाऊबीज	bʱ a u b iː d͡ʑ
भाकरी	bʱ a k ɾ iː
भागी	bʱ a ɡ iː
भागीरथी	bʱ a ɡ i ɾ t̪ʰ iː
भाग्यहीन	bʱ a ɡ j iː n
भाची	bʱ a t͡ɕ iː
भातुकली	bʱ a t̪ u k ə l iː
भाषाकुळ	bʱ a ʂ a k uː ɭ̆
भीक	bʱ iː k
भीती	bʱ i t̪ iː
भीम	bʱ iː m
भुई	bʱ uː iː
भुईमूग	bʱ u i m uː ɡ
भुज	bʱ uː d͡ʑ
भू	bʱ uː
भूक	bʱ uː k
भूत	bʱ uː t̪
भूमिती	bʱ u m i t̪ iː
भूमी	bʱ u m iː
भूल	bʱ uː l
भेंडी	bʱ e ɳ ɖ iː
भोजपुरी	bʱ o d͡ʑ p u ɾ iː
भौतिक	bʱ ə u t̪ iː k
मंजुरी	m ə n d͡ʑ u ɾ iː
मंजूर	m ə n d͡ʑ uː ɾ
मंडई	m ə ɳ ɖ ə iː
मंत्री	m ə n t̪ ɾ iː
मंदी	m ə n d̪ iː
मऊ	m ə uː
मजबूत	m ə d͡z b uː t̪
मटकी	m ə ʈ k iː
मणेरी	m ə ɳ e ɾ iː
मत्सर	m ə t͡sʰ ə ɾ
मत्स्य	m ə t͡sʰ j ə
मत्स्यवर्णन	m ə t͡sʰ j ə ʋ ə ɾ ɳ ə n
मत्स्याहार	m ə t͡sʰ j a a ɾ
मत्स्याहारी	m ə t͡sʰ j a a ɾ iː
मधमाशी	m ə d̪ʱ m a ɕ iː
मधु	m ə d̪ʱ uː
मधुमेह	m ə d̪ʱ u m e
मनस्थिती	m ə n ə s t̪ʰ i t̪ iː
मनाई	m ə n a iː
मनोवृत्ती	m ə n o ʋ ɾ u t̪ t̪ iː
मयूख	m ə j uː kʰ
मराठी	m ə ɾ a ʈʰ iː
मलूल	m ə l uː l
मशीद	m ə ɕ iː d̪
मस्करी	m ə s k ə ɾ iː
मस्तानी	m ə s t̪ a n iː
महत्त्व	m ə t̪ t̪ ʋ ə
महत्व	m ə t̪ ʋ ə
महाग	mʱ a ɡ
महादेव	mʱ a d̪ e ʋ
महान	mʱ a n
महाभारत	mʱ a bʱ a ɾ ə t̪
महामंडळ	mʱ a m ə ɳ ɖ ə ɭ̆
महायान	mʱ a j a n
महाराष्ट्र	mʱ a ɾ a ʂ ʈ ɾ ə
महाल	mʱ a l
महाविद्यालय	mʱ a ʋ i d̪ j a l ə j
महासागर	mʱ a s a ɡ ə ɾ
महिना	mʱ ə i n a
महोदय	mʱ o d̪ ə j
मांजरी	m a n d͡z ɾ iː
मांदूस	m a n d̪ uː s
मांसाहार	m a u s a a ɾ
मांसाहारी	m a u s a ɾ i
मागणी	m a ɡ ɳ iː
माजी	m a d͡ʑ iː
माणकी	m a ɳ k iː
माणीक	m a ɳ iː k
माणुसकी	m a ɳ u s k iː
माणूस	m a ɳ uː s
माती	m a t̪ iː
मानसिक	m a n s iː k
माफी	m a pʰ iː
मामी	m a m iː
मायबोली	m a j b o l iː
मायाळू	m a j a ɭ̆ uː
मायावी	m a j a ʋ iː
मारेकरी	m a ɾ e k ɾ iː
माळी	m a ɭ̆ iː
माशी	m a ɕ iː
मासिक	m a s iː k
मासोळी	m a s o ɭ̆ iː
माहिती	mʱ a i t̪ iː
माहीत	mʱ a iː t̪
माहेर	mʱ a e ɾ
मिठी	m i ʈʰ iː
मिथुन	m i t̪ʰ uː n
मिनिट	m i n iː ʈ
मिरची	m i ɾ t͡ɕ iː
मिशी	m i ɕ iː
मिश्रित	m i ɕ ɾ iː t̪
मीठ	m iː ʈʰ
मीन	m iː n
मुंगी	m u ŋ ɡ iː
मुंगूस	m u ŋ ɡ uː s
मुंढी	m u ɳ ɖʱ iː
मुंबई	m u m b ə iː
मुक्ती	m u k t̪ iː
मुख	m uː kʰ
मुख्यमंत्री	m u kʰ j ə m ə n t̪ ɾ iː
मुलगी	m u l ɡ iː
मुलूख	m u l uː kʰ
मुश्कील	m u ɕ k iː l
मूग	m uː ɡ
मूठ	m uː ʈʰ
मूढ	m uː ɖʱ
मूर्ती	m u ɾ t̪ iː
मूल	m uː l
मूळ	m uː ɭ̆
मृत्यू	m ɾ u t̪ j uː
मेंदी	m e n d̪ iː
मेंदू	m e n d̪ uː
मेणबत्ती	m e ɳ b ə t̪ t̪ iː
मेथी	m e t̪ʰ iː
मेहनत	m e n ə t̪
मेहनती	mʱ e ə n t̪ iː
मेहुणा	mʱ e u ɳ a
मैत्री	m ə i t̪ ɾ iː
मैत्रीण	m ə i t̪ ɾ iː ɳ
मैथिली	m ə i t̪ʰ i l iː
मैथुन	m ə i t̪ʰ uː n
मैल	m ə iː l
मोडी	m o ɖ iː
मोहर	mʱ o ə ɾ
मोहरी	m o ɾ iː
मोहीम	mʱ o iː m
मौज	m ə uː d͡ʑ
म्हणून	mʱ ə ɳ uː n
यदाकदाचित्	j ə d̪ a k d̪ a t͡ɕ iː t̪
यदि	j ə d̪ iː
यष्टी	j ə ʂ ʈ iː
यादी	j a d̪ iː
युधिष्ठिर	j u d̪ʱ i ʂ ʈʰ iː ɾ
युवराज्ञी	j u ʋ ɾ a d͡ʑ n iː
रंगारी	ɾ ə ŋ ɡ a ɾ iː
रक्तपेढी	ɾ ə k t̪ ə p e ɖʱ iː
रक्तपेशी	ɾ ə k t̪ ə p e ɕ iː
रक्तवाहिनी	ɾ ə k t̪ ə ʋʱ a i n iː
रक्तवाहिन्या	ɾ ə k t̪ ə ʋʱ a i n j a
रबरी	ɾ ə b ɾ iː
रवी	ɾ ə ʋ iː
रहस्य	ɾ ə s j ə
रांगोळी	ɾ a ŋ ɡ o ɭ̆ iː
राई	ɾ a iː
राऊ	ɾ a uː
राऊत	ɾ a uː t̪
राखरांगोळी	ɾ a kʰ ɾ a ŋ ɡ o ɭ̆ iː
राखाडी	ɾ a kʰ a ɖ iː
राखी	ɾ a kʰ iː
रागिणी	ɾ a ɡ i ɳ iː
राजकारणी	ɾ a d͡ʑ k a ɾ ɳ iː
राजकीय	ɾ a d͡ʑ k iː j
राजकुमारी	ɾ a d͡ʑ k u m a ɾ iː
राजधानी	ɾ a d͡ʑ d̪ʱ a n iː
राजी	ɾ a d͡z iː
राजी	ɾ a d͡ʑ iː
राणी	ɾ a ɳ iː
राब्बी	ɾ a b b iː
राशी	ɾ a ɕ iː
राष्ट्रपती	ɾ a ʂ ʈ ɾ ə p ə t̪ iː
राष्ट्रवादी	ɾ a ʂ ʈ ɾ ə ʋ a d̪ iː
राहणे	ɾʱ a ɳ e
राहणे	ɾʱ a ɳ ə
राहेल	ɾʱ a e l
रीत	ɾ iː t̪
रुंदी	ɾ u n d̪ iː
रुक्मिणी	ɾ u k m i ɳ iː
रुग्णवाहिका	ɾ u ɡ ɳ ə ʋʱ a i k a
रुची	ɾ u t͡ɕ iː
रूप	ɾ uː p
रूपी	ɾ u p iː
रेखागणित	ɾ e kʰ a ɡ ɳ iː t̪
रोटी	ɾ o ʈ iː
रोही	ɾʱ o iː
लक्ष्मी	l ə k ʂ m iː
लखनऊ	l ə kʰ n ə uː
लखनौ	l ə kʰ n ə uː
लगीन	l ə ɡ iː n
लघवी	l ə ɡʱ ʋ iː
लढाई	l ə ɖʱ a iː
लहर	l ə ɾ
लहान	lʱ a n
लहानपण	lʱ a n p ə ɳ
लांबी	l a m b iː
लाचखोरी	l a t͡ɕ kʰ o ɾ iː
लातूर	l a t̪ uː ɾ
लायकी	l a j k iː
लाही	lʱ a iː
लाहोर	lʱ a o ɾ
लाह्या	lʱ a j a
लिंबू	l i m b uː
लिहिणे	lʱ i i ɳ e
लिहिणे	lʱ i i ɳ ə
लेखणी	l e kʰ ɳ iː
लेखी	l e kʰ iː
लोकशाही	l o k ɕ a iː
लोकोक्ती	l o k o k t̪ iː
लोभी	l o bʱ iː
लोह	l o
लोहार	lʱ o a ɾ
वजाबाकी	ʋ ə d͡ʑ a b a k iː
वडील	ʋ ə ɖ iː l
वरळी	ʋ ə ɾ ɭ̆ iː
वरळी	ʋ ə ɾ ə ɭ̆ iː
वराह	ʋ ə ɾʱ a
वरीस	ʋ ə ɾ iː s
वर्गखोली	ʋ ə ɾ ɡ ə kʰ o l iː
वर्णनीय	ʋ ə ɾ ɳ ə n iː j
वर्तुळ	ʋ ə ɾ t̪ uː ɭ̆
वर्धापनदिन	ʋ ə ɾ d̪ʱ a p ə n d̪ iː n
वल्हेकरी	ʋ ə lʱ e k ɾ iː
वहाण	ʋʱ a ɳ
वहिणी	ʋʱ ə i ɳ iː
वहिनी	ʋʱ ə i n iː
वही	ʋʱ ə iː
वह्या	ʋ ə j a
वाईट	ʋ a iː ʈ
वाडी	ʋ a ɖ iː
वाणी	ʋ a ɳ iː
वातूळ	ʋ a t̪ uː ɭ̆
वात्सल्य	ʋ a t͡sʰ ə l j ə
वामकुक्षी	ʋ a m k u k ʂ iː
वायू	ʋ a j uː
वारूळ	ʋ a ɾ uː ɭ̆
वाळवी	ʋ a ɭ̆ ə ʋ iː
वाळू	ʋ a ɭ̆ uː
वास्तु	ʋ a s t̪ uː
वाहक	ʋʱ a ə k
वाहणे	ʋʱ a ɳ e
वाहणे	ʋʱ a ɳ ə
वाहतूक	ʋʱ a t̪ uː k
वाहते	ʋʱ a t̪ e
वाहते	ʋʱ a t̪ ə
वाहन	ʋʱ a ə n
वाहिका	ʋʱ a i k a
वाहिनी	ʋʱ a i n iː
विंचू	ʋ i n t͡s uː
विकृत	ʋ i k ɾ uː t̪
विटाळशी	ʋ i ʈ a ɭ̆ ɕ iː
विडूर	ʋ i ɖ uː ɾ
विद्यापीठ	ʋ i d̪ j a p iː ʈʰ
विद्यार्थी	ʋ i d̪ j a ɾ t̪ʰ iː
विधुर	ʋ i d̪ʱ uː ɾ
विनंती	ʋ i n ə n t̪ iː
विनोदी	ʋ i n o d̪ iː
विपत्ति	ʋ i p ə t̪ t̪ iː
विपत्ती	ʋ i p ə t̪ t̪ iː
विपरीत	ʋ i p ɾ iː t̪
विपुल	ʋ i p uː l
विवाह	ʋ i ʋʱ a
विवाहित	ʋ i ʋʱ a iː t̪
विश्रांती	ʋ i ɕ ɾ a n t̪ iː
विश्वासघातकी	ʋ i ɕ ʋ a s ɡʱ a t̪ k iː
विष	ʋ iː ʂ
विषाणू	ʋ i ʂ a ɳ uː
विषारी	ʋ i ʂ a ɾ iː
विष्णु	ʋ i ʂ ɳ uː
विसंगती	ʋ i s ə ŋ ɡ t̪ iː
विहीर	ʋʱ iː i ɾ
वीज	ʋ iː d͡z
वीट	ʋ iː ʈ
वीर	ʋ iː ɾ
वीस	ʋ iː s
वृत्ती	ʋ ɾ u t̪ t̪ iː
वृश्चिक	ʋ ɾ u ɕ t͡ɕ iː k
वेडी	ʋ e ɖ iː
वेणी	ʋ e ɳ iː
वेबसाईट	ʋ e b s a iː ʈ
वेलची	ʋ e l t͡ɕ iː
वैज्ञानिक	ʋ ə i d͡ʑ n a n iː k
वैणिक	ʋ ə i ɳ iː k
वैध	ʋ ə iː d̪ʱ
वैयक्तिक	ʋ ə i j ə k t̪ iː k
वैर	ʋ ə iː ɾ
वैरी	ʋ ə i ɾ iː
व्यंगित	ʋ j ə ŋ ɡ iː t̪
व्यक्ती	ʋ j ə k t̪ iː
व्याकुळ	ʋ j a k uː ɭ̆
व्याकूळ	ʋ j a k uː ɭ̆
व्यापारी	ʋ j a p a ɾ iː
व्याही	ʋ j a iː
शक्ती	ɕ ə k t̪ iː
शतपावली	ɕ ə t̪ p a ʋ l iː
शत्रू	ɕ ə t̪ ɾ uː
शमूएल	ɕ ə m uː e l
शरीर	ɕ ə ɾ iː ɾ
शहर	ɕ ə ɾ
शहरी	ɕ ə ɾ iː
शहा	ɕ a
शहाजिरे	ɕ a d͡ʑ i ɾ e
शहाणे	ɕ a ɳ e
शहानिशा	ɕ a n i ɕ a
शांती	ɕ a n t̪ iː
शाकाहार	ɕ a k a a ɾ
शाकाहारी	ɕ a k a ɾ iː
शाब्दिक	ɕ a b d̪ iː k
शाहीर	ɕ a iː ɾ
शिकारी	ɕ i k a ɾ iː
शिट्टी	ɕ i ʈ ʈ iː
शिडी	ɕ i ɖ iː
शिपाई	ɕ i p a iː
शिर्डी	ɕ i ɾ ɖ iː
शिवडी	ɕ i ʋ ɖ iː
शिसारी	ɕ i s a ɾ iː
शीर	ɕ iː ɾ
शीव	ɕ iː ʋ
शीस	ɕ iː s
शूर	ɕ uː ɾ
शेंडी	ɕ e ɳ ɖ iː
शेंबूड	ɕ e m b uː ɖ
शेगडी	ɕ e ɡ ə ɖ iː
शेजारी	ɕ e d͡z a ɾ iː
शेतकरी	ɕ e t̪ ə k ɾ iː
शेपू	ɕ e p uː
शेरी	ɕ e ɾ iː
शेळी	ɕ e ɭ̆ iː
शेहेचाळीस	ɕ e e t͡ɕ a ɭ̆ iː s
शैक्षणिक	ɕ ə i k ʂ ə ɳ iː k
शैव	ɕ ə iː ʋ
शोभित	ɕ o bʱ iː t̪
श्रद्धाळू	ɕ ɾ ə d̪ d̪ʱ a ɭ̆ uː
श्री	ɕ ɾ iː
श्रीमंती	ɕ ɾ i m ə n t̪ iː
श्रीयुत	ɕ ɾ i j uː t̪
श्रेणी	ɕ ɾ e ɳ iː
संगती	s ə ŋ ɡ t̪ iː
संग्रह	s ə ŋ ɡ ɾ ə
संग्रहालय	s ə ŋ ɡ ɾʱ a l ə j
संतापित	s ə n t̪ a p iː t̪
संतापी	s ə n t̪ a p iː
संधी	s ə n d̪ʱ iː
संपत्ती	s ə m p ə t̪ t̪ iː
संमती	s ə m m t̪ iː
संवेदनशील	s ə u ʋ e d̪ ə n ɕ iː l
संशोधित	s ə u ɕ o d̪ʱ iː t̪
संस्कारी	s ə u s k a ɾ iː
संस्कृत	s ə u s k ɾ uː t̪
सजीव	s ə d͡ʑ iː ʋ
सडी	s ə ɖ iː
सत्तावीस	s ə t̪ t̪ a ʋ iː s
सत्तेचाळीस	s ə t̪ t̪ e t͡ɕ a ɭ̆ iː s
सत्यवती	s ə t̪ j ə ʋ t̪ iː
सदतीस	s ə d̪ t̪ iː s
सदसद्विवेकबुद्धी	s ə d̪ s ə d̪ ʋ i ʋ e k b u d̪ d̪ʱ iː
सनई	s ə n ə iː
सप्ताह	s ə p t̪ a
समर्पित	s ə m ə ɾ p iː t̪
समाजवादी	s ə m a d͡ʑ ʋ a d̪ iː
समृद्धी	s ə m ɾ u d̪ d̪ʱ iː
सम्मुख	s ə m m uː kʰ
सरकारी	s ə ɾ k a ɾ iː
सरस्वती	s ə ɾ ə s ʋ ə t̪ iː
सरहद्द	s ə ɾʱ ə d̪ d̪ ə
सर्दी	s ə ɾ d̪ iː
सव्वीस	s ə ʋ ʋ iː s
सह	s ə
सहज	s ə d͡z
सहदेव	s ə d̪ e ʋ
सहनशक्ती	s ə n ɕ ə k t̪ iː
सहनशील	s ə n ɕ iː l
सहनशीलता	s ə n ə ɕ i l t̪ a
सहल	s ə l
सहवास	s ə ʋ a s
सहसा	s ə s a
सहा	s a
सहाय	s a j
सहाय्य	s a j j ə
सहाय्यक	s a j j ə k
सही	s ə ɦ iː
सहोदर	s o d̪ ə ɾ
सांताक्रूझ	s a n t̪ a k ɾ uː d͡ʑʱ
साखळी	s a kʰ ɭ̆ iː
साडी	s a ɖ iː
साडू	s a ɖ uː
साप्ताहिक	s a p t̪ a iː k
साम्यवादी	s a m j ə ʋ a d̪ iː
सारणी	s a ɾ ɳ iː
साली	s a l iː
सावरी	s a ʋ ɾ iː
सावली	s a ʋ l iː
सासू	s a s uː
साहचर्य	s a t͡ɕ ə ɾ j ə
साहित्य	s a i t̪ j ə
सिंगापूर	s i ŋ ɡ a p uː ɾ
सिद्धि	s i d̪ d̪ʱ iː
सिद्धी	s i d̪ d̪ʱ iː
सुईण	s u iː ɳ
सुख	s uː kʰ
सुखरूप	s u kʰ ɾ uː p
सुगंधमूली	s u ɡ ə n d̪ʱ m u l iː
सुगंधित	s u ɡ ə n d̪ʱ iː t̪
सुगंधी	s u ɡ ə n d̪ʱ iː
सुट्टी	s u ʈ ʈ iː
सुदैव	s u d̪ ə iː ʋ
सुदैवी	s u d̪ ə i ʋ iː
सुनावणी	s u n a ʋ ɳ iː
सुपारी	s u p a ɾ iː
सुरक्षित	s u ɾ ə k ʂ iː t̪
सुरमई	s u ɾ m ə iː
सुरू	s u ɾ uː
सुवासिनी	s u ʋ a s i n iː
सुशील	s u ɕ iː l
सुशोभित	s u ɕ o bʱ iː t̪
सुस्ती	s u s t̪ iː
सूड	s uː ɖ
सूत	s uː t̪
सृजनशील	s ɾ u d͡ʑ ə n ɕ iː l
सैल	s ə iː l
सोनेरी	s o n e ɾ iː
सोलापूर	s o l a p uː ɾ
सोहळा	s o ɭ̆ a
सौ.	s ə uː
सौभाग्यवती	s ə u bʱ a ɡ j ə ʋ t̪ iː
स्खलनशील	s kʰ ə l ə n ɕ iː l
स्तुती	s t̪ u t̪ iː
स्त्री	s t̪ ɾ iː
स्थिती	s t̪ʰ i t̪ iː
स्थिर	s t̪ʰ iː ɾ
स्नेह	s n e
स्नेहभाव	s n e bʱ a ʋ
स्नेहल	s nʱ e ə l
स्नेहा	s nʱ e a
स्नेहांकित	s nʱ e a ŋ k iː t̪
स्नेहार्द्र	s nʱ e a ɾ d̪ ɾ ə
स्नेहाळ	s nʱ e a ɭ̆
स्नेही	s nʱ e iː
स्मृति	s m ɾ u t̪ iː
स्मृती	s m ɾ u t̪ iː
स्वरूप	s ʋ ə ɾ uː p
स्वर्गवासी	s ʋ ə ɾ ɡ ə ʋ a s iː
स्वर्गीय	s ʋ ə ɾ ɡ iː j
स्वस्तिक	s ʋ ə s t̪ iː k
स्वाक्षरी	s ʋ a k ʂ ə ɾ iː
स्वार्थी	s ʋ a ɾ t̪ʰ iː
स्वीकृत	s ʋ i k ɾ uː t̪
स्वीकृती	s ʋ i k ɾ u t̪ iː
हजेरी	ɦ ə d͡ʑ e ɾ iː
हट्टी	ɦ ə ʈ ʈ iː
हमी	ɦ ə m iː
हल्ली	ɦ ə l l iː
हळू	ɦ ə ɭ̆ uː
हळूहळू	ɦ ə ɭ̆ u ɭ̆ uː
हसमुख	ɦ ə s m uː kʰ
हसू	ɦ ə s uː
हस्तमैथुन	ɦ ə s t̪ ə m ə i t̪ʰ uː n
हस्तिनापुर	ɦ ə s t̪ i n a p uː ɾ
हाईम	ɦ a iː m
हातघाई	ɦ a t̪ ɡʱ a iː
हानि	ɦ a n iː
हानी	ɦ a n iː
हास्यमुख	ɦ a s j ə m uː kʰ
हाहाकार	ɦ a a k a ɾ
हिंदी	ɦ i n d̪ iː
हिंदू	ɦ i n d̪ uː
हिडीस	ɦ i ɖ iː s
हिवाळी	ɦ i ʋ a ɭ̆ iː
ही	ɦ iː
हीन	ɦ iː n
हुंडी	ɦ u ɳ ɖ iː
हुकूम	ɦ u k uː m
हुकूमशाही	ɦ u k u m ɕ a iː
हुबेहूब	ɦ u bʱ e uː b
हुशारी	ɦ u ɕ a ɾ iː
हेतू	ɦ e t̪ uː
होडी	ɦ o ɖ iː
होती	ɦ o t̪ iː
होमहवन	ɦ o m ə ʋ ə n
होळी	ɦ o ɭ̆ iː
हौस	ɦ ə uː s
