Ahitereiria	a h i t e r e i r i a
Aoraki	a o r a k i
Aotearoa	a o t e a r o a
Arame	a r a m e
Erinipara	e r i n i p a r a
Haina	h a i n a
Harawīni	h a r a w iː n i
Hawaiki	h a w a i k i
Hepetema	h e p e t e m a
Hera	h e r a
Heretaunga	h e r e t a u ŋ a
Hina	h i n a
Hinekōrako	h i n e k oː r a k o
Hironga	h i r o ŋ a
Hiruhārama	h i r u h aː r a m a
Hongipua	h o ŋ i p u a
Hopatāone	h o p a t aː o n e
Huitene	h u i t e n e
Hune	h u n e
Hānuere	h aː n u e r e
Hātarei	h aː t a r e i
Hōrana	h oː r a n a
Hōri	h oː r i
Hūrae	h uː r a e
Ihowā	i h o w aː
Ingarihi	i ŋ a r i h i
Kaiana	k a i a n a
Kaikōura	k a i k oː u r a
Karon	k a r o n
Kirihimete	k i r i h i m e t e
Kirikiriroa	k i r i k i r i r o a
Kāha	k aː h a
Kānapera	k aː n a p e r a
Makanui	m a k a n u i
Mane	m a n e
Manei	m a n e i
Matariki	m a t a r i k i
Matiu	m a t i u
Mei	m e i
Mihi	m i h i
Mihinare	m i h i n a r e
Māehe	m aː e h e
Māori	m aː o r i
Māui	m aː u i
Ngāmotu	ŋ aː m o t u
Ngāruawāhia	ŋ aː r u a w aː h i a
Ngāti	ŋ aː t i
Niukāhera	n i u k aː h e r a
Noema	n o e m a
Nāhinara	n aː h i n a r a
Nōwei	n oː w e i
Oketopa	o k e t o p a
Paekākāriki	p a e k aː k aː r i k i
Pakangakite	p a k a ŋ a k i t e
Paraire	p a r a i r e
Paramata	p a r a m a t a
Paraparaumu	p a r a p a r a u m u
Pararata	p a r a r a t a
Parihitini	p a r i h i t i n i
Peterehema	p e t e r e h e m a
Piripane	p i r i p a n e
Poihākena	p o i h aː k e n a
Poipiripi	p o i p i r i p i
Pukamata	p u k a m a t a
Pāniora	p aː n i o r a
Pēpuere	p eː p u e r e
Pōneke	p oː n e k e
Ra	r a
Reipa	r e i p a
Riria	r i r i a
Riripeti	r i r i p e t i
Romeinia	r o m e i n i a
Rotorua	r o t o r u a
Rāapa	r aː a p a
Rāhina	r aː h i n a
Rāhoroi	r aː h o r o i
Rāmere	r aː m e r e
Rānana	r aː n a n a
Rāpare	r aː p a r e
Rārima	r aː r i m a
Rārua	r aː r u a
Rātahi	r aː t a h i
Rātapu	r aː t a p u
Rātoru	r aː t o r u
Rātū	r aː t uː
Rāwhā	r aː ɸ aː
Rēnata	r eː n a t a
Rūhia	r uː h i a
Tamanuiterā	t a m a n u i t e r aː
Tamatea	t a m a t e a
Taupō	t a u p oː
Tauranga	t a u r a ŋ a
Tuna	t u n a
Tāite	t aː i t e
Tāke	t aː k e
Tāonewhīra	t aː o n e ɸ iː r a
Tāwini	t aː w i n i
Tīhema	t iː h e m a
Tūrei	t uː r e i
Waikanae	w a i k a n a e
Wairarapa	w a i r a r a p a
Waitangi	w a i t a ŋ i
Wenerei	w e n e r e i
Whakatāne	ɸ a k a t aː n e
Whanganui	ɸ a ŋ a n u i
Whangārei	ɸ a ŋ aː r e i
Whinirana	ɸ i n i r a n a
Wānaka	w aː n a k a
Wīwī	w iː w iː
Wūrongikongi	w uː r o ŋ i k o ŋ i
aha	a h a
ahakoa	a h a k o a
ahau	a h a u
ahi	a h i
ahiahi	a h i a h i
aho	a h o
ahu	a h u
ai	a i
aihikirīmi	a i h i k i r iː m i
aikiha	a i k i h a
aitu	a i t u
aka	a k a
akaaka	a k a a k a
akeake	a k e a k e
akiaki	a k i a k i
ako	a k o
aku	a k u
ama	a m a
amapaea	a m a p a e a
amo	a m o
ana	a n a
anake	a n a k e
anaterope	a n a t e r o p e
ane	a n e
anea	a n e a
anga	a ŋ a
angaanga	a ŋ a a ŋ a
angiangi	a ŋ i a ŋ i
anu	a n u
anō	a n oː
ao	a o
ara	a r a
aramona	a r a m o n a
arero	a r e r o
arewhana	a r e ɸ a n a
ari	a r i
ariari	a r i a r i
ariki	a r i k i
aro	a r o
aroha	a r o h a
aru	a r u
ata	a t a
ataarangi	a t a a r a ŋ i
atamai	a t a m a i
atarau	a t a r a u
atawhai	a t a ɸ a i
ate	a t e
atiti	a t i t i
ato	a t o
atu	a t u
atua	a t u a
au	a u
aua	a u a
auahi	a u a h i
auau	a u a u
aupuru	a u p u r u
awa	a w a
awe	a w e
e	e
ehu	e h u
eke	e k e
emepaea	e m e p a e a
h	h
ha	h a
hae	h a e
haeana	h a e a n a
haere	h a e r e
haina	h a i n a
haka	h a k a
hakari	h a k a r i
haki	h a k i
hama	h a m a
hana	h a n a
hanga	h a ŋ a
hapa	h a p a
hara	h a r a
harakeke	h a r a k e k e
haumaru	h a u m a r u
he	h e
hei	h e i
heke	h e k e
hepara	h e p a r a
heru	h e r u
heu	h e u
heuheu	h e u h e u
hewa	h e w a
hia	h i a
hiko	h i k o
hiku	h i k u
hina	h i n a
hinahina	h i n a h i n a
hinga	h i ŋ a
hinu	h i n u
hipi	h i p i
hiriwa	h i r i w a
hoa	h o a
hoari	h o a r i
hoe	h o e
hoko	h o k o
hongi	h o ŋ i
honu	h o n u
hope	h o p e
hopi	h o p i
horo	h o r o
hua	h u a
huaki	h u a k i
hue	h u e
huhu	h u h u
hui	h u i
huia	h u i a
huka	h u k a
hukapapa	h u k a p a p a
huke	h u k e
hune	h u n e
hunga	h u ŋ a
hura	h u r a
huri	h u r i
huru	h u r u
hā	h aː
hākaro	h aː k a r o
hākete	h aː k e t e
hāmana	h aː m a n a
hāmonika	h aː m o n i k a
hānara	h aː n a r a
hāngī	h aː ŋ iː
hāwini	h aː w i n i
hīkoi	h iː k o i
hītori	h iː t o r i
hōiho	h oː i h o
hōkete	h oː k e t e
hōtēra	h oː t eː r a
hōu	h oː u
hū	h uː
hūngoingoi	h uː ŋ o i ŋ o i
i	i
ia	i a
iaia	i a i a
ihu	i h u
ika	i k a
ikura	i k u r a
inanga	i n a ŋ a
inoi	i n o i
inu	i n u
io	i o
ioio	i o i o
ira	i r a
iro	i r o
iwa	i w a
iwi	i w i
k	k
kaha	k a h a
kaho	k a h o
kahu	k a h u
kahurangi	k a h u r a ŋ i
kai	k a i
kaimoana	k a i m o a n a
kaitiakitanga	k a i t i a k i t a ŋ a
kakakaka	k a k a k a k a
kakano	k a k a n o
kakara	k a k a r a
kakau	k a k a u
kakā	k a k aː
kamo	k a m o
kanae	k a n a e
kangarū	k a ŋ a r uː
kano	k a n o
kaokao	k a o k a o
kapa	k a p a
kapi	k a p i
kapiti	k a p i t i
kapu	k a p u
kapua	k a p u a
karaka	k a r a k a
karakia	k a r a k i a
karakiatia	k a r a k i a t i a
karakotaera	k a r a k o t a e r a
karani	k a r a n i
karapu	k a r a p u
karehākoa	k a r e h aː k o a
kareni	k a r e n i
kari	k a r i
karo	k a r o
karoro	k a r o r o
karu	k a r u
katatē	k a t a t eː
kati	k a t i
kato	k a t o
katoa	k a t o a
kau	k a u
kaumātua	k a u m aː t u a
kauri	k a u r i
kawa	k a w a
kawe	k a w e
kawereo	k a w e r e o
kawhe	k a ɸ e
kawhi	k a ɸ i
kea	k e a
kehu	k e h u
kei	k e i
keke	k e k e
kererū	k e r e r uː
keri	k e r i
kete	k e t e
kia	k i a
kiekie	k i e k i e
kihikihitara	k i h i k i h i t a r a
kiko	k i k o
kikorangi	k i k o r a ŋ i
kina	k i n a
kini	k i n i
kino	k i n o
kiore	k i o r e
kipa	k i p a
kiri	k i r i
kirikiti	k i r i k i t i
kirīmi	k i r iː m i
kite	k i t e
kiwi	k i w i
kiwikiwi	k i w i k i w i
koata	k o a t a
koe	k o e
kohe	k o h e
kohekohe	k o h e k o h e
kohu	k o h u
koko	k o k o
kokomo	k o k o m o
komo	k o m o
konga	k o ŋ a
kopa	k o p a
kope	k o p e
kore	k o r e
koro	k o r o
koromatua	k o r o m a t u a
koru	k o r u
kotahi	k o t a h i
kotiate	k o t i a t e
kotoreke	k o t o r e k e
koura	k o u r a
koutou	k o u t o u
kuihi	k u i h i
kuihipere	k u i h i p e r e
kuku	k u k u
kukū	k u k uː
kumete	k u m e t e
kumikumi	k u m i k u m i
kumu	k u m u
kupu	k u p u
kura	k u r a
kuru	k u r u
kurī	k u r iː
kutu	k u t u
kuīni	k u iː n i
kā	k aː
kāhui	k aː h u i
kāinga	k aː i ŋ a
kākano	k aː k a n o
kākā	k aː k aː
kākāpō	k aː k aː p oː
kākāriki	k aː k aː r i k i
kāmera	k aː m e r a
kānga	k aː ŋ a
kāpata	k aː p a t a
kārani	k aː r a n i
kārapu	k aː r a p u
kārikiuri	k aː r i k i u r i
kārohirohi	k aː r o h i r o h i
kātoa	k aː t o a
kāwai	k aː w a i
kāwana	k aː w a n a
kāwanatanga	k aː w a n a t a ŋ a
kāwhe	k aː ɸ e
kī	k iː
kīnaki	k iː n a k i
kīngi	k iː ŋ i
kō	k oː
kōauau	k oː a u a u
kōhanga	k oː h a ŋ a
kōhua	k oː h u a
kōhue	k oː h u e
kōkō	k oː k oː
kōpaki	k oː p a k i
kōpī	k oː p iː
kōpū	k oː p uː
kōrero	k oː r e r o
kōrua	k oː r u a
kōura	k oː u r a
kōuraura	k oː u r a u r a
kōwhai	k oː ɸ a i
m	m
mahaki	m a h a k i
mahana	m a h a n a
mahuru	m a h u r u
mai	m a i
maihao	m a i h a o
maikuku	m a i k u k u
maina	m a i n a
maitai	m a i t a i
maka	m a k a
makariri	m a k a r i r i
makawe	m a k a w e
maki	m a k i
makimaki	m a k i m a k i
makorā	m a k o r aː
mamao	m a m a o
mana	m a n a
manaaki	m a n a a k i
manaakitanga	m a n a a k i t a ŋ a
manaakitia	m a n a a k i t i a
manako	m a n a k o
manatū	m a n a t uː
manawa	m a n a w a
manga	m a ŋ a
mangeo	m a ŋ e o
mangu	m a ŋ u
mangā	m a ŋ aː
mangō	m a ŋ oː
manu	m a n u
marae	m a r a e
marama	m a r a m a
maramataka	m a r a m a t a k a
marino	m a r i n o
marutau	m a r u t a u
mata	m a t a
mataku	m a t a k u
matangi	m a t a ŋ i
matau	m a t a u
matawā	m a t a w aː
mate	m a t e
mati	m a t i
matikuku	m a t i k u k u
matimati	m a t i m a t i
matira	m a t i r a
mato	m a t o
matomato	m a t o m a t o
matua	m a t u a
matuku	m a t u k u
matā	m a t aː
maunga	m a u ŋ a
mauri	m a u r i
mauī	m a u iː
mea	m e a
merekara	m e r e k a r a
mihi	m i h i
mina	m i n a
miraka	m i r a k a
miriona	m i r i o n a
miti	m i t i
miware	m i w a r e
moa	m o a
moana	m o a n a
moe	m o e
moemoeā	m o e m o e aː
moenga	m o e ŋ a
moeone	m o e o n e
moeriki	m o e r i k i
moko	m o k o
moni	m o n i
moto	m o t o
motokā	m o t o k aː
motopaika	m o t o p a i k a
motu	m o t u
mua	m u a
muhumuhu	m u h u m u h u
mura	m u r a
muri	m u r i
mutu	m u t u
mutunga	m u t u ŋ a
mā	m aː
māhina	m aː h i n a
māhī	m aː h iː
māhū	m aː h uː
mākona	m aː k o n a
mākutu	m aː k u t u
māmā	m aː m aː
māngoingoi	m aː ŋ o i ŋ o i
mānu	m aː n u
mānuka	m aː n u k a
māori	m aː o r i
māpere	m aː p e r e
mārama	m aː r a m a
mārena	m aː r e n a
mārie	m aː r i e
mātaki	m aː t a k i
mātakitaki	m aː t a k i t a k i
mātau	m aː t a u
mātou	m aː t o u
māua	m aː u a
māwhero	m aː ɸ e r o
mētara	m eː t a r a
mīti	m iː t i
mōkō	m oː k oː
mōmona	m oː m o n a
mōrena	m oː r e n a
n	n
nama	n a m a
namu	n a m u
namunamuā	n a m u n a m u aː
nana	n a n a
nanenane	n a n e n a n e
nanua	n a n u a
neke	n e k e
ng	ŋ
ngahuru	ŋ a h u r u
nganga	ŋ a ŋ a
ngaro	ŋ a r o
ngaru	ŋ a r u
ngeru	ŋ e r u
nguru	ŋ u r u
ngutoro	ŋ u t o r o
ngā	ŋ aː
ngākau	ŋ aː k a u
ngāwhā	ŋ aː ɸ aː
niho	n i h o
niko	n i k o
niu	n i u
noa	n o a
noho	n o h o
nohu	n o h u
nui	n u i
nuku	n u k u
nānā	n aː n aː
nūpepa	n uː p e p a
o	o
oka	o k a
one	o n e
oni	o n i
ono	o n o
ora	o r a
oro	o r o
oti	o t i
p	p
paea	p a e a
pahikara	p a h i k a r a
pahū	p a h uː
paihamu	p a i h a m u
paihikara	p a i h i k a r a
pakakina	p a k a k i n a
pakanga	p a k a ŋ a
paki	p a k i
pakiaka	p a k i a k a
pamakaranete	p a m a k a r a n e t e
panana	p a n a n a
panata	p a n a t a
pango	p a ŋ o
paoi	p a o i
papa	p a p a
papakupu	p a p a k u p u
papi	p a p i
parakuihi	p a r a k u i h i
parauri	p a r a u r i
pari	p a r i
parāoa	p a r aː o a
pata	p a t a
patu	p a t u
pea	p e a
peara	p e a r a
peka	p e k a
pene	p e n e
pepa	p e p a
pepe	p e p e
pera	p e r a
pere	p e r e
pereti	p e r e t i
piana	p i a n a
piapia	p i a p i a
pihi	p i h i
piki	p i k i
pikitia	p i k i t i a
piko	p i k o
pipi	p i p i
pirihimana	p i r i h i m a n a
piringa	p i r i ŋ a
piriona	p i r i o n a
piriti	p i r i t i
piti	p i t i
pito	p i t o
pitonga	p i t o ŋ a
piupiu	p i u p i u
poaka	p o a k a
pohewatanga	p o h e w a t a ŋ a
poi	p o i
pona	p o n a
pongipongi	p o ŋ i p o ŋ i
poniu	p o n i u
pono	p o n o
poro	p o r o
poroporo	p o r o p o r o
poti	p o t i
pouaka	p o u a k a
pouako	p o u a k o
pounamu	p o u n a m u
pounemu	p o u n e m u
pua	p u a
puka	p u k a
pukapuka	p u k a p u k a
puke	p u k e
puku	p u k u
pukuhiko	p u k u h i k o
puna	p u n a
punga	p u ŋ a
pungapunga	p u ŋ a p u ŋ a
puru	p u r u
purupuru	p u r u p u r u
puta	p u t a
putiputi	p u t i p u t i
pā	p aː
pāhihi	p aː h i h i
pākau	p aː k a u
pākehā	p aː k e h aː
pākete	p aː k e t e
pārara	p aː r a r a
pāremata	p aː r e m a t a
pāreti	p aː r e t i
pāti	p aː t i
pātiki	p aː t i k i
pāua	p aː u a
pēke	p eː k e
pēpi	p eː p i
pī	p iː
pīhopa	p iː h o p a
pīkake	p iː k a k e
pītau	p iː t a u
pīwhi	p iː ɸ i
pō	p oː
pōhara	p oː h a r a
pōhutukawa	p oː h u t u k a w a
pōhēhē	p oː h eː h eː
pōkai	p oː k a i
pōkiha	p oː k i h a
pōpō	p oː p oː
pōro	p oː r o
pōti	p oː t i
pū	p uː
pūkaka	p uː k a k a
pūkeko	p uː k e k o
pūkāea	p uː k aː e a
pūkākā	p uː k aː k aː
pūngāwerewere	p uː ŋ aː w e r e w e r e
pūpū	p uː p uː
pūtangitangi	p uː t a ŋ i t a ŋ i
r	r
rae	r a e
rahi	r a h i
raihi	r a i h i
raiona	r a i o n a
raka	r a k a
raki	r a k i
rakiraki	r a k i r a k i
rama	r a m a
rangatira	r a ŋ a t i r a
rangatiratanga	r a ŋ a t i r a t a ŋ a
rangi	r a ŋ i
rango	r a ŋ o
rapunga	r a p u ŋ a
rara	r a r a
raro	r a r o
rau	r a u
raumanga	r a u m a ŋ a
rawa	r a w a
rehu	r e h u
rehurehu	r e h u r e h u
reka	r e k a
reme	r e m e
renga	r e ŋ a
rengarenga	r e ŋ a r e ŋ a
reo	r e o
rewa	r e w a
riha	r i h a
riki	r i k i
rima	r i m a
rimu	r i m u
ringa	r i ŋ a
ripi	r i p i
ripo	r i p o
roa	r o a
roaka	r o a k a
roha	r o h a
roki	r o k i
rongo	r o ŋ o
rongonui	r o ŋ o n u i
rongoā	r o ŋ o aː
rorohiko	r o r o h i k o
rorouira	r o r o u i r a
roto	r o t o
rua	r u a
ruaki	r u a k i
ruku	r u k u
runga	r u ŋ a
ruru	r u r u
ruruku	r u r u k u
rā	r aː
rāhipere	r aː h i p e r e
rāhui	r aː h u i
rākau	r aː k a u
rāpere	r aː p e r e
rāpeti	r aː p e t i
rārā	r aː r aː
rātaka	r aː t a k a
rātou	r aː t o u
rātāhuihui	r aː t aː h u i h u i
rāua	r aː u a
rāwhiti	r aː ɸ i t i
rēpara	r eː p a r a
rēparo	r eː p a r o
rō	r oː
rōpū	r oː p uː
rūma	r uː m a
rūpi	r uː p i
rūtene	ɾ uː t e n e
t	t
tae	t a e
taeturi	t a e t u r i
taha	t a h a
tahepuia	t a h e p u i a
tahi	t a h i
tahito	t a h i t o
tahu	t a h u
tahua	t a h u a
tai	t a i
taika	t a i k a
taka	t a k a
takahē	t a k a h eː
takeketonga	t a k e k e t o ŋ a
takihī	t a k i h iː
takiwā	t a k i w aː
takiwātanga	t a k i w aː t a ŋ a
taku	t a k u
tama	t a m a
tamahine	t a m a h i n e
tamaiti	t a m a i t i
tamariki	t a m a r i k i
tamāhine	t a m aː h i n e
tana	t a n a
tangata	t a ŋ a t a
tangi	t a ŋ i
tangiweto	t a ŋ i w e t o
taniwha	t a n i ɸ a
tanu	t a n u
tapa	t a p a
tapahi	t a p a h i
tapatapātiu	t a p a t a p aː t i u
tapu	t a p u
tara	t a r a
taraute	t a r a u t e
tari	t a r i
taringa	t a r i ŋ a
taro	t a r o
taru	t a r u
tarākona	t a r aː k o n a
tarāpunga	t a r aː p u ŋ a
tatau	t a t a u
tau	t a u
taumata	t a u m a t a
taura	t a u r a
tauraki	t a u r a k i
tauranga	t a u r a ŋ a
te	t e
tea	t e a
teka	t e k a
tekau	t e k a u
tenga	t e ŋ a
terepōno	t e r e p oː n o
terewhōno	t e r e ɸ oː n o
tia	t i a
tiaki	t i a k i
tika	t i k a
tiki	t i k i
tikinare	t i k i n a r e
tina	t i n a
tinei	t i n e i
tino	t i n o
tio	t i o
tipu	t i p u
tiri	t i r i
tiriti	t i r i t i
tiro	t i r o
tiā	t i aː
toa	t o a
tohi	t o h i
tohutō	t o h u t oː
toke	t o k e
tokerau	t o k e r a u
toki	t o k i
toko	t o k o
tokotoko	t o k o t o k o
tona	t o n a
tonga	t o ŋ a
tore	t o r e
toro	t o r o
toru	t o r u
tote	t o t e
toto	t o t o
tua	t u a
tuahine	t u a h i n e
tuahiwi	t u a h i w i
tui	t u i
tuitui	t u i t u i
tuke	t u k e
tuki	t u k i
tuku	t u k u
tukutuku	t u k u t u k u
tumu	t u m u
tuna	t u n a
tungāne	t u ŋ aː n e
tunu	t u n u
tupu	t u p u
tupua	t u p u a
turaki	t u r a k i
turi	t u r i
turu	t u r u
tute	t u t e
tā	t aː
tāhuhu	t aː h u h u
tāke	t aː k e
tāku	t aː k u
tākuta	t aː k u t a
tāna	t aː n a
tāone	t aː o n e
tāpu	t aː p u
tāra	t aː r a
tārewa	t aː r e w a
tāriana	t aː r i a n a
tātarakihi	t aː t a r a k i h i
tātou	t aː t o u
tāturi	t aː t u r i
tāu	t aː u
tāua	t aː u a
tāuwhiuwhi	t aː u ɸ i u ɸ i
tāwhiri	t aː ɸ i r i
tēneti	t eː n e t i
tēpu	t eː p u
tētahi	t eː t a h i
tētē	t eː t eː
tī	t iː
tīhi	t iː h i
tīra	t iː r a
tō	t oː
tōhi	t oː h i
tōna	t oː n a
tōtara	t oː t a r a
tōu	t oː u
tū	t uː
tūmanako	t uː m a n a k o
tūmau	t uː m a u
tūtae	t uː t a e
tūtaki	t uː t a k i
tūāuri	t uː aː u r i
tūī	t uː iː
u	u
ua	u a
uaua	u a u a
uhi	u h i
uira	u i r a
uku	u k u
uma	u m a
umere	u m e r e
unu	u n u
upoko	u p o k o
ura	u r a
uraura	u r a u r a
uri	u r i
uru	u r u
urunga	u r u ŋ a
uta	u t a
utauta	u t a u t a
utuutu	u t u u t u
uwhi	u ɸ i
w	w
wae	w a e
waea	w a e a
waha	w a h a
wahakura	w a h a k u r a
wahawaha	w a h a w a h a
wahine	w a h i n e
wai	w a i
waimarie	w a i m a r i e
waiporoporo	w a i p o r o p o r o
wairua	w a i r u a
waka	w a k a
wakatono	w a k a t o n o
wani	w a n i
wanira	w a n i r a
warapī	w a r a p iː
ware	w a r e
waro	w a r o
waru	w a r u
wati	w a t i
wehi	w e h i
weka	w e k a
wera	w e r a
wewehi	w e w e h i
wh	ɸ
whaea	ɸ a e a
whai	ɸ a i
whakaari	ɸ a k a a r i
whakaaro	ɸ a k a a r o
whakaatu	ɸ a k a a t u
whakaauau	ɸ a k a a u a u
whakamahara	ɸ a k a m a h a r a
whakamauī	ɸ a k a m a u iː
whakapakotanga	ɸ a k a p a k o t a ŋ a
whakapapa	ɸ a k a p a p a
whakarangona	ɸ a k a r a ŋ o n a
whakarongo	ɸ a k a r o ŋ o
whakarongona	ɸ a k a r o ŋ o n a
whakarākei	ɸ a k a r aː k e i
whakataka	ɸ a k a t a k a
whakataukī	ɸ a k a t a u k iː
whakawahi	ɸ a k a w a h i
whana	ɸ a n a
whanga	ɸ a ŋ a
whao	ɸ a o
whara	ɸ a r a
wharangi	ɸ a r a ŋ i
wharau	ɸ a r a u
whare	ɸ a r e
wharo	ɸ a r o
whata	ɸ a t a
whatu	ɸ a t u
whatura	ɸ a t u r a
whau	ɸ a u
wheke	ɸ e k e
whenu	ɸ e n u
whenua	ɸ e n u a
whero	ɸ e r o
whetū	ɸ e t uː
whio	ɸ i o
whiri	ɸ i r i
whiti	ɸ i t i
whitu	ɸ i t u
whiu	ɸ i u
whiwhi	ɸ i ɸ i
whutupōro	ɸ u t u p oː r o
whā	ɸ aː
whāki	ɸ aː k i
whāmere	ɸ aː m e r e
whānako	ɸ aː n a k o
whānau	ɸ aː n a u
whāriki	ɸ aː r i k i
whē	ɸ eː
wiki	w i k i
wiri	w i r i
wuruhi	w u r u h i
wuruwhi	w u r u ɸ i
wā	w aː
wāna	w aː n a
wānanga	w aː n a ŋ a
Āhia	aː h i a
Ākuhata	aː k u h a t a
Āperire	aː p e r i r e
Ātaraita	aː t a r a i t a
Āwherika	aː ɸ e r i k a
ā	aː
āe	aː e
āhahā	aː h a h aː
āheahea	aː h e a h e a
āhuahanga	aː h u a h a ŋ a
āhuatanga	aː h u a t a ŋ a
āhumehume	aː h u m e h u m e
āku	aː k u
āna	aː n a
ānau	aː n a u
āngi	aː ŋ i
āniwaniwa	aː n i w a n i w a
āpaka	aː p a k a
āpiha	aː p i h a
āporo	aː p o r o
āpuru	aː p u r u
āpōpō	aː p oː p oː
ārai	aː r a i
ārohirohi	aː r o h i r o h i
āta	aː t a
ātea	aː t e a
āu	aː u
āwhato	aː ɸ a t o
āwhiowhio	aː ɸ i o ɸ i o
āwhā	aː ɸ aː
ē	eː
ēkara	eː k a r a
ētahi	eː t a h i
ī	iː
īkara	iː k a r a
Ōpango	oː p a ŋ o
Ōtākou	oː t aː k o u
ō	oː
ōku	oː k u
ōna	oː n a
ōrea	oː r e a
ōritetanga	oː r i t e t a ŋ a
ōriwa	oː r i w a
ōu	oː u
Ūropi	uː r o p i
ū	uː
Ḵ	k
ḵ	k
