adel	¹ ɐ̞ː d ə l
adel	¹ ɐ̞ː d l̩
adelgod	² ɐ̞ː ə l ɡ u̞ˑ
adla	² ɐ̞ː d l ɐ
adle	² ɐ̞ d l ə
adle	² a̝ d l ə
agurktid	ɑ ɡ ʉ ɾ k t iː
aksent	ɑ k s ɒ ŋ
alaskar	ɑ l ɑ s k ɑ ɾ
alaskisk	ɑ l ɑ s k ɪ s k
alfabet	ɑ l f ɑ b eː t
Alna	² ɐ̞ l n ɐ̞
Alna	² æː ɳ ɐ̞
and	ɐ̞ n d
and	ɐ̞ nː
angripa	ɑ ŋ ɡ r iː p ɑ
Arne	² ɐ̞͡u̞ː d n ə
Arne	² ɐ̞͡oː d n ə
arva	² ɑ̈ r ʋ ɑ̈
aurride	² æ ʉ̯ː rˠ ɪː ð ɪ̞
bakbord	b aː k b uʷː ɾ
banan	b ɑ n aː n
banne	² b ɑ n n ə
bannlyse	b ɑ nː ² l yː s ə
barna	b a r n a
barnsleg	² b ɐ̞ː r n s l ə
barnsleg	² b ɐ̞ː n s l ə
barnsleg	² b ɐ̞ː ɳ ʂ ɭ ə
bart	b ɑ ʈ
bein	b ɛ̞ ɪ̯ː n
bein	b æ ɪ̯ː n
bein	b a̝ ɪ̯ː n
benektelse	b ə n ɛ k t ɛ l s ə
berg	b æ r ɡ
berg	b æ ɾˠ ɡ
berg	b æ ɾ ɡ
berg	b æ ɾ j
Bergen	¹ b æː ɰ ɡ ɛ n
Bindal	² b i ɲː d ɐ̞ː ɽ
binær	b ɪ n æː ɾ
Bjørgvin	² b j œ r ɡ ʋ ɪ n
bjørk	b j œ ʂ k
bjørk	b j œ ɾ̥ k
blemme	b l ɛ m m ə
blomkål	b l u̞ m k o̞ˑ l
blomkål	b ɽ u̞ m k o̞ˑ ɽ
bløffe	² b l œ f f ə
bogjå	b u̞ː j o̞
bok	b u̞ː k
bók	b o u̯ː kʰ
bókjí	b o u̯ː ç æ ɪ̯ː
Bokn	¹ b u̞ k n̩
boms	b ʊ m s
bóndi	² b o u̯ː n d ɪ
bóndi	² b o n d i
bongotromme	b ʊ ŋ ɡ ʊ t ɾ ʊ m m ə
bordduk	² b u̞ː r d ʉˑ k
bordduk	² b u̞ː ɖ ʉˑ k
brekkjarn	b ɾ ɛ k j ɐ̞ː r n
brekkjarn	b ɾ ɛ k j ɐ̞ː ɳ
brot	b r ɞ̞ː t
brot	b ɾ ɞ̞ t
brot	b ɾ ɞ̞ tː
byggja	² bʷ ʏʷ ʝː ɑ
byggja	² bʷ ʏʷ ɟ͡ʝː ɑ
byggja	² bʷ ʏʷ ɟː ɑ
byvord	¹ b yʷː ʋ u̞ː r
byvord	¹ b yʷː ʋ u̞ː ɽ
Bømlo	¹ b ø m l u̞
datamus	d aː t ɑ m ʉʷː s
daud'e	d a̝ u̯ː e
det	d eː
det	d aː
diskotek	d ɪ s k ʊ t eː k
Dombås	² d u̞ m b o̞ː s
dovendyr	d oː ʋ ə n d yː ɾ
Dovrefjell	² d o̞ ʋ r ə f j ɛ̝ ʎː
Draupne	² d r œ ʊ̯ p n̥ ə
drepa	² d r ɛ̝ː p ɐ̞
drepe	² d r ɛː p ə
dronning	² d r ɞ̞ n n ɪ ŋ ɡ
dronning	² d ɾ ɞ̞ n n ɪ ŋ
drosje	d ɾ ɔʷ ʂ ə
dryle	² d ɾ yː l ə
dumming	d ʊ m m ɪ ŋ
dysleksi	d ʏ s l ɛ k s iː
døgn	d œ ŋ n
døgn	d œ j n
dør	d øʷː r
dør	d øʷː ʁ
dør	d øʷː ɾ
eg	ɛ ɪː ɡ
eg	ɛ ɪː ɣ
eg	a̝ː i
eg	ɛː ɪ
eg	eː ɪ
eg	ɛ i
eg	ɛ i
eg	ɛ ɪ
eg	ɛ ɪ
eg	i̞ e ɡ
eg	ɪ ɛ̝ ɡ̥
eg	ɛ ɪː ɡ
eg	ɛ ɪː ɣ
eg	a̝ː i
eg	ɛː ɪ
eg	eː ɪ
eg	ɛ i
eg	ɛ i
eg	ɛ ɪ
eg	ɛ ɪ
eg	ɛ ɪ
eg	i̞ e ɡ
eg	ɪ ɛ̝ ɡ̥
ei	ɛ̝ ɪ̯ː
Eiliv	² ɛ̝ ɪ̯ː l ɪ ʋ
Eiliv	² æ ɪ̯ː l ɪ ʋ
Eiliv	² a̝ ɪ̯ː l ɪ ʋ
ein	ɛ̝ ɪ̯ː n
ein	æ ɪ̯ː n
ein	a̝ e̯ː n
ein	ɛ̞ ɪ̯ ɲː
ein	æ i̯ ɲː
einherje	² ɛ̝ ɪ̯ n h ɛ̝ r j ə
einherje	² ɛ̝ ɪ̯ n ɛ̝ r j ə
elg	ɛ ɽ ɡ
elg	æ l ɡ
elg	ɛ ɽ ɡ
elg	æ ɽ ɡ
elg	æ ɽ j
elska	² ɛ̝ l s k ɑ
elska	² ɛ̝ ʂ k ɑ
Elton	² æ ʈ ʈ u̞ n
eplepai	ɛ p l ə p ɑ ɪ̯
erklæring	æ ɾ k l æː ɾ ɪ ŋ
fader	² f ɐ̞ː ə r
fader	² f ɐ̞ː e r
fader	² f ɐ̞ː d ə r
fader	² f ɐ̞ː d e r
faderen	² f ɐ̞ː ə r ə n
faderen	² f ɐ̞ː r ə n
faderen	² f ɐ̞ː ɐ̞ ɳ
faderen	² f ɐ̞ː d ə r ə n
faderen	² f ɐ̞ː d ɛ ɲ
faen	f ɑː ə n
fagidiot	f aː ɡ ɪ d ɪ u͍ː t
fagidiot	f aː ɡ ɪ d ɪ̯ u͍ː t
fallskjermhopping	f ɑ l ʂ æ ɾ m h ɔ p p ɪ ŋ
fasan	f ɑ s aː n
faugl	¹ f œ ɵ̯ ɡ ɡ ə ɽ
faugl	¹ f ɐ ɵ̯ ɡ ɡ ə ɽ
faugl	¹ f œ ɵ̯ ɣ ə ɽ
faugl	¹ f œ ɵ̯ ə ɽ
faugl	¹ f ə ɵ̯ː ə ɽ
faugl	¹ f ə ɵ̯ː ə ɳ
Fedje	² f æ ɪ̯ː e
fele	f eː l ə
fennek	f ɛ n n ə k
Fenre	² f ɛ̝ n r ə
Fenresulven	² f ɛ̝ n r ə s ʊ l ʋ ə n
Fenresulven	² f ɛ̝ n r ə s ʊ ɽ ʋ ə n
Fitjar	² f i c͡çː ɐ̞
fjes	f j eː s
fjord	f j o̞ː ɾˠ
fjære	f j æː ɾ ə
fjøs	f j øː s
flugu	² f ɽ ʉː ɡ ʉ
flugu	² f ɽ ʉ ɡ ɡ ʉ
flugu	² f ɽ ʉ ɡ ɡ ʉ
flugu	² f ɽ ʉ ɣ ɣ ʉ
flugu	² f ɽ u ɡ u
flugu	² f ɽ oː ɡ o
flugu	² f ɽ uː ɡ u
flugu	² f ɽ uː u
flugu	² f ɽ uː ə
flått	f l ɔ t
fókk	f o u̯ː kʰː
forakte	f ɔ ɾ ɑ̀ k t ə
forstå	f ɔ̞ ʂ ʈ o̞ː
Fosen	f u̞ː s n̩
foss	f ɞ̞ sː
Fridtjov	² f r ɪː ç u̞ˑ ʋ
Fridtjov	² f r ɪː c͡ç u̞ˑ ʋ
frysning	f ɾ ŷː s n ɪ ŋ
fura	² f u̞ː r ɐ̞
fura	² f u̞ r r ɐ̞
fure	² f uː r ə
fure	² f u̞ː r ə
furu	² f uː ɾ u
furu	² f oː ɾ o
furu	² f uː ɾ u
furu	² f oː ɾ o
furu	² f ɵː ɾ ɵ
furu	² f ʉ̟ː ɾ ʉ̟
furu	² f ʉ ɾ u
furu	² f ɵː ɾ ɵ
furu	² f ʉ̟ː ɾ ʉ̟
furu	² f ɐː ɾ ɐ
fýgje	² f u ɪ̯ː e
førelegg	f ø̂ː ɾ ə l ɛ ɡ
fǿri	² f ø y̯ʷː r ɪ
fårikål	f oʷː ɾ ɪ k ɔʷ l
gatekjøken	ɡ aː t ə ç øː k ə n
gatekjøkken	ɡ aː t ə ç œ k ə n
Gauldal	² ɡ ɞː ɽ d ɐ̞ˑ ɳ
gaupn	² ɡ œ ʊ̯ p n̥
gaupne	² ɡ œ ʊ̯ p n̥ ə
geiren	j ɛ̞ ɪː r ə n
geiren	j ɛ̞ ɪː ɳ̩
gissel	ɡ ɪ s s ə l
gissel	ɡ ɪ s s l̩
gjennom	j ɛ n n ʊ m
gjennom	j ə n ʊ m
gjennomsnittsfart	j ɛ n n ʊ m s n ɪ t s f ɑ ʈ
gjenom	j ɛː n u̞ m
gjenom	j ə n u̞ m
Gleipne	² ɡ l ɛ̝ ɪ̯ p n ə
Gleipne	² ɡ ɽ ɛ̝ ɪ̯ p n ə
gleipne	² ɡ l ɛ̝ ɪ̯ p n̥ ə
gleipne	² ɡ l ɛ̝ ɪ̯ː p n̥ ə
Godøy	ɡ u̞ː d œ ʏː n o̞
Godøy	ɡ œ ʏː n ɐ̞
golv	ɡ ɞ̞ l ʋ
golv	ɡ ɞ̞ ɽ ʋ
Goro	² ɡ u̞ː ɾ u̞
Gorå	² ɡ u̞ː ɾ o̞
góv	ɡ o u̯ː ʋ
Granvin	² ɡ r ɐ̞ː n ʋ ɪ n
Granvin	² ɡ r ɞ̞ː ʋ e
grateng	ɡ ɾ ɑ t ɛ ŋ
grei	ɡ r ɛ̝ ɪ̯ː
grei	ɡ r æ ɪ̯ː
grei	ɡ r a̝ ɪ̯ː
gruvedrift	ɡ ɾ ʉʷː ʋ ə d ɾ ɪ f t
grøn’u	ɡ r œʷː n ʊ
gråbein	ɡ ɾ o̞ː b ɛ̞ ɪ̯ˑ n
gråbein	ɡ ɾ o̞ː b æ ɪ̯ˑ n
grått	ɡ r o̞ tː
grått	ɡ r ɔ tː
Gudleik	² ɡ ʉ l l ɛ̝ ɪ̯ˑ k
Gudrid	² ɡ ʉː r ɪ
Gudrun	² ɡ ʉː r u̞
Gudrun	² ɡ ʉː r u̞ n
Gudrun	² ɡ ʉː r ʉ n
Gudrun	² ɡ ʉ d r ʉ n
Gulen	² ɡ oː l n̩
gulrot	² ɡʷ ʊ lʷ rʷ uˑ t
gulrot	² ɡʷ ʊ ɻʷ uˑ t
gulsott	² ɡ ʊː l s u̞ tˑ
gulsott	² ɡ ʊː ʂ u̞ tˑ
Gunnår	² ɡ u n n o̞ r
Guro	² ɡ ʉː r u̞
Guro	² ɡ uː r o
Guro	² ɡ e̯ uː r o
Guru	² ɡ ʉˑ ɾ ʉ
Gurå	² ɡ ʉː r o̞
Guylaug	² ɡ u yʷ l a̝ u̯ ɡ
Guyleik	² ɡ u yʷ l a̝ ɪ̯ k
Guyri	² ɡ u yʷ r e̯ i
Guyri	² ɡ u yʷ r ɪ
Guyró	² ɡ u yʷ r o u̯ː
gælen	² ɡ æː ɲ̩
gælen	² ɡ æː æ ɲ
Gøteborg	j œ t ɛ b ɔ ɾ ɡ
Gøteborg	j œ t ɛ b ɔ ʁ ɡ
Gøteborg	j œ t ɛ b ɔ r ɡ
Gøteborg	j øː t ɛ b ɔ ɾ ɡ
Gøteborg	j øː t ɛ b ɔ ʁ ɡ
Gøteborg	j øː t ɛ b ɔ ʁ ɡ
hallik	h ɑ l l ɪ k
Hallvord	² h ɐ̞ dː v o ɾ
Halsa	h ɐ̞́ː ʂ ɐ̞̌
halvøy	h ɑ lː œ j
handlevogn	h ɑ̂ n l ə ʋ ɔ ŋ n
hard’u	h a̝ː r ʊ
hard’u	h a̝ː r o
Harstad	² h ɐ̞ ɻ ʃ t̠ ɐ̞
Harstad	² h ɐ̞ ʃ t̠ ɐ̞
haud	h a̝ ʉ̯ː d
haud	h ɐ ʉ̯ː d
haud	h ɞ̞ ʉ̯ː d
haud	h æ̞ ɵ̯ː ð
haud	h ɐ ɵ̯ː
haud	h œ ʉ̯ː
haurt	h æ ʉ̯ ɾ̥ˠ t
havfru	h aː ʋ f ɾ ʉʷː
Heddal	² h ɛ̝ d d ɐ̞ˑ l
Heiddal	² h ɛ̝ i d d ɐ̞ˑ l
heilag’u	² h a̝ ɪ̯ː l ɐ̞ ɡ ʊ
heimferd	² h ɛ̝ ɪː ɱ f ɛ̝ˑ r
heimferd	² h ɛ̝ ɪː ɱ f ɛ̝ˑ ɽ
Heitdal	² h ɛ̝ i d d ɐ̞ˑ l
Heitdal	² h ɛ̝ d d ɐ̞ˑ l
hel	h ɛ̝ː l
hel	h ɛ̝ː ɽ
Hel	h ɛ̝ː l
Hel	h ɛ̝ː ɽ
helg	h ɛ ɽ ɡ
helg	h æ l ɡ
helg	h ɛ ɽ ɡ
helg	h æ ɽ ɡ
helg	h æ ɽ j
helsott	² h ɛ̝ː l s u̞ tˑ
helsott	² h æː l s u̞ tˑ
helsott	² h æː ɻ ʂ u̞ tˑ
helsott	² h æː ʂ u̞ tˑ
helsutt	² h æ̞ː ɻ ʂ ʉ tˑ
Herjedalen	² h ɛ̞ r j ə d ɐ̞ː l ə n
Herjedalen	² h ɛ̞ r j ə d ɐ̞ː l n̩
Herjedalen	² h ɛ̞ ɾ j ə d ɐ̞ː ɻ ɳ
Herjedalen	² h ɛ̞ ɾ j ə d ɐ̞ː ɳ
Herjedalen	h e rː ɪ̯ e̞ d̪ ɑː ɳ
Herjådal	² h ɛ̞ r j o̞ d ɐ̞ː l
Herjådal	² h ɛ̞ ɾ j o̞ d ɐ̞ː ɽ
Herjådalen	² h ɛ̞ r j o̞ d ɐ̞ː l ə n
Herjådalen	² h ɛ̞ r j o̞ d ɐ̞ː l n̩
Herjådalen	² h ɛ̞ ɾ j o̞ d ɐ̞ː ɻ ɳ
Herjådalen	² h ɛ̞ ɾ j o̞ d ɐ̞ː ɳ
herme	² h æ ɾ m ə
hest’e	h ɛ s t e
hjalt	j ɐ̞ l̥ t
Hjaltland	² j ɐ̞ l̥ t l ɐ̞ n d
Hjaltland	² j ɐ̞ l̥ t l ɐ̞ nˑ
hjelm	ʃ æ ɽ m
hjålm	ç o̞ l m
ho	h u̞ː
ho	h ũ̞ː
Hod	h ɞ̞ː
hol	h ɞ̞ː l
hol	h ɞ̞ː ɽ
hol	h o̞ː l
hol	h o̞ː ɽ
hol	h ɞ̞ː l
hol	h ɞ̞ː ɽ
hol	h ɔ lˑ
hol	h ɶː l
hol	h ɶː ɽ
hol	h øː l
hol	h øː ɽ
hol	h u̞ ɽ
hol	h ʊ ɔ l
hol	h ɐː ɽ
hol	h æː ɽ
hol	h ɵː ɽ
hol	h u̞ ɽ
hol	h ʊ ɔ l
hol	h ɐː ɽ
hol	h æː ɽ
hol	h ɵː ɽ
Holmsbu	h œ̀ ɽ m s b ʉ̌
Holmsbu	h ɔ̀ ɽ m s b ʉ̌
Holmsbu	h ɔ̀ ɳ ʂ b ʉ̌
hómi	² h o u̯ː m ɪ
homofili	h ʊ m ʊ f ɪ l iː
hord	h ʊ ɔː r
hov	h u̞ː ʋ
hov	h u̞ː ʋ
hov	h ɞ̞ː ʋ
hov	h u̞ː ʋ
hovud	² h ɞ̞ː ʋ ʉ
hovud	² h ɞ̞ ʋ ʋ ʉ
hovud	² h oː ʋ u
hovud	² h ɞ̞ː ʋ u
hòvúd	² h o̯ ɐː ʋ e̯ u
Hovudøya	² h ɞ̞ː ʋ ʉ œ͡ʏˑ ɐ̞
Hovudøya	² h ʉː œ͡yː ɐ̞
Hovudøya	¹ h ʉː œ͡yː ɐ̞
Hovudøya	² h u̞ː v ə d œ͡yˑ ɐ̞
hughu	² h ʉː ɣ ʉ
hughwu	² h ʉː ɣʷ ʉ
hughwu	² h ɵː ɣʷ ɵ
hugud	² h ʉˑ ɡ ʉ
hugud	² h ʉ ɡ ɡ ʉ
hugud	² h u ɡ u
hugud	² h u ɡ u d e
hugud	² h u ɡ u
hugud	² h ɵː ɣʷ ɵ
hugud	² h uː w ə
hugud	² h uː ə
hugud	² h ʉː ɣʷ ʉ
hugud	² h ʉː ɣ ʉ
hugudet	² h ʉˑ ɡ ʉ ə
hugudet	² h ʉ ɡ ɡ ʉ ə
hugudet	² h u ɡ u d e
hulder	h ʉ l d ə r
huldra	h ʊ l d r ɐ̞
huldra	h ʊ ɖ ɻ ɐ̞
hundemat	h ʉʷ n n ə m aː t
hundrad	² h ʊ n d rˠ ɑ
Hundvåko	² h ʉ nː ʋ ɐ k u̞
huvud	² h ʉ ʋ ʋ ʉ
huvud	² h ɵ ʋ ʋ ʉ
huvud	² h uː ʋ u
hyggja	² h ʏ ɟ͡ʝː ɑ
hyggja	² h ʏ ʝː ɑ
hyggje	² h ʏ ɟ͡ʝː ə
hyggje	² h ʏ ʝː ə
Hyllestad	² h y ʎ ʎ ə s t ɐ̞
hæg	h æː ɡ
hægjí	h æː ɟ͡ʝ e ɪ̯
hægjí	h æː ɟ͡ʝ e̯ ɪ
høgnorsk	² h øʷː ɡ n ɞ̞ r̥ s k
høgnorsk	² h øː ɡ n ɞ̞ ʃ k
høgnorsk	² h øː ɡ n ɞ̞ ʂ k
håg	h o̞ː ɡ
Håko	² h ɐ̞ u̞ː k o u
Håkon	² h ɐ̞ u̞ː k o n
Håland	¹ h ɔ̞͡u̞ː l ɐ̞ n d
håm’e	h ɔː m e
ikkje	² ɪ ç ç ə
ikkje	² ɪ c͡çː ə
ikkje	² ɪ c c ə
industriland	ɪ n d ʉʷ s t ɾ iː l ɑ n
inkje	² ɪ ɲ ç ə
inkje	² ɪ ɲ c͡ç ə
inkje	² ɪ ŋʲ ç ə
innverknad	² ɪ nː ʋ ɛ r k n ɐ̞
intim	ɪ n t iː m
Ivar	² iː ʋ ɐ̯ r
jarnnatt	² j ɑː ɳ ɑ tː
Jeløy	² j æː ɽ œ yˑ
Jesus	j eː s ʉ s
Joakim	¹ j uː a k ɪ m
joletid	j uʷː l ə t iː d
joletid	j uʷː l ə t iː
jord	j u̞ː r
jord	j u̞ː ɾ
jord	j u̞ː ʁ
jord	j u̞ː ɽ
jordnær	² j u̞ː r n æˑ r
jordnær	² j u̞ː n̠ æˑ r
jordnær	² j u̞ː ɳ æˑ ɾ
jovial	j ʊ ʋ ɪ aː l
jukudl	² j ʊː k ʊ d l
Jæren	j eː ʁ ə n
Jæren	j æː ʁ ə n
Jøtul	² j œː t ʉ l
Jøtul	² j œː t u l
Jåsund	¹ j o̞ː s ə n
Jåsund	¹ j o̞ː s u̞ n
kald’u	k ɐ̞ l d ʊ
karboksylsyre	k ɑ ɾ b ʊ k s yʷː l s yʷː ɾ ə
Kaupanger	kʰ æ̌ u̯ː p ɐ̞̂ u̞̯ ŋ ɡ
keton	k ɛ t uʷː n
kilo	ç iː l ʊ
kjel	ç eː l
kjelde	² c͡ç ɛ ɪ̯ l d ə
kjele	ç eː l ə
kjerring	² ç ɛ̝ r r ɪ ŋ
kjerring	² ç æ r r ɪ ŋ
kjerring	² c͡ç ɛ̝ r r ɪ ŋ ɡ
kjerring	² c͡ç æ r r ɪ ŋ ɡ
kjip	ç iː p
kjukling	² çʷ ʉ kʷ l̻ ɪ ŋ
kjukling	² c͡çʷ ʉ kʷ l̻ ɪ i̯ ŋ ɡ
kjærleik	² ç æː r l ɛ̝ ɪ̯ˑ k
kjærleik	² c͡ç æː r l ɛ̝ ɪ̯ˑ k
kjærleik	² ç æː l̠ ɛ̝ ɪ̯ˑ k
kjøken	ç øː k ə n
kjåkkā	² ç o̞ː kː ɒː
kjåkkji	² ç o̞ː ç ç ɪ
klassekamerat	k l ɑ s s ə k ɑ m m ə ɾ aː t
klubbe	k l ʉ b b ə
knebel	k n eː b ə l
knebel	k n eː b l̩
knivstikk	k n iː ʋ s t ɪ k
Knutsson	¹ k n ʉ s s o n
Knutsson	¹ k n ʉ s s oː n
Knutsson	¹ k n ʉ s s ɐ̞̃
kokain	k ʊ k ɑ iː n
kokos	k o kː ʉ s
kold	k o l d
kolsyre	² kʰ ɞ̞ː l s yʷː r ə
kolsyre	² kʰ ɞ̞ː ɻ ʂ yʷː ɾ ə
kolsyre	² kʰ ɞ̞ː ʂ yʷː ɾ ə
kommode	kʰ u m uː d ə
kong	k u̞ ŋ ɡ
kong	k u̞ ŋː
kong	k ɞ̞ ŋ ɡ
kong	k ɞ̞ ŋː
konge	² k ɞ̞ ɲ ʝ ə
konge	² k ɞ̞ ŋ ɡ ə
konge	² k ɞ̞ ŋ ŋ ə
korkje	² kʰ u r̥ˠ c͡ç ə
korn	kʰ ɞ̞ d n
korn	kʰ ɞ̞ d n̩
korn	kʰ ɞ̞ ɲː
korn	kʰ u̞ː ɳ
korn	kʰ u̞ː n̠
korso	kʰ u̞ r̥ s u̞
korso	kʰ u̞ s s u̞
kreft	k ɾ ɛ f t
krige	k ɾ iː ɡ ə
krigserklæring	k ɾ ɪ k s æ ɾ k l æː ɾ ɪ ŋ
Kristiansand	k ɰ ɛ̞ s j ɐ̞ n s ɐ̞ nː
Kristiansand	k ɰ ɪ s t j ɐ̞ n s ɐ̞ nː
kro	k ɾ uʷː
krokodilletåre	k ɾ ʊ k ʊ d ɪ l l ə t oʷː ɾ ə
krydder	k ɾ ʏʷ d d ə ɾ
kryptovaluta	k ɾ ʏ p t ʊ ʋ ɑ l ʉ t t ɑ
Krøderen	k r øː ɳ̩
Krøderen	k r øː d ə ɳ̩
kråkesølv	k ɾ ɔ̂ː k ə s œ lː
kuk	k ʉː k
kuk	k ʉ kː
kva	kʰ ʋ ɐ̞ː
kvantefysikk	k ʋ ɑ n t ə f ʏʷ s ɪ k
kvel	k ʋ ɛ ɪː l
kvel	k ʋ iː l
kvel	k ʋ ɛ ɪː l
kvel	k ʋ iː l
kvelds	k ʋ ɛ l s
Kvinlog	¹ k ʋ i n l oː ɡ
Kvinlog	¹ k ʋ i n l uː ɡ
Kvinlog	¹ k ʋ i n l ɐ o
kviskra	² k ʋ ɪ s k r ɐ̞
kvít’e	kʰ ʋ æ ɪ̯ː tʰ e
kyr	ç yʷː r
kýr	ç u ɪː r
kyrne	ç yʷː r n ə
kyrne	ç yʷ nː ə
lande	l ɑ̂ n n ə
lapp	l ɑ p
laupne	² l œ ʊ̯ p n̥ ə
laupne	² l œ ʊ̯ː p n̥ ə
leiv’e	l a̝ iː v ə
lem	l ɛ m
ljosår	l j uʷː s oʷː ɾ
loden	² l ɞ̞ː ə n
loden	² l ɞ̞ d n̩
loden	² l ɞ̞ d d e n
lodne	² l ɞ̞ː n ə
lodne	² l ɞ̞ d n ə
lofotværing	² l u̞ f u̞ t ʋ æː ɹ e ŋ
loge	² l ɞ̞ː ʝ ə
loge	² l ɞ̞ː ʝ ə
loke	² l ɞ̞ː ç ə
loke	² l ɞ̞ː k ə
Loke	² l ɞ̞ː ç ə
Loke	² l ɞ̞ː k ə
Loke	² l u̞ː k ə
Lovund	² l œ ʋ ʋ ʉ ɲ
Lovund	² l o̞ ʋ ʋ ʉ ɲ
Lovund	² l œ ʋ ʋ ʉ ɲ ɐ̞
Lovund	² l o̞ ʋ ʋ ʉ ɲ ɐ̞
lukke	² l ʊʷ kː ə
lundehund	l ʉ n d ə h ʉ n
lykel	² lʷ ʏˑ c͡ç ə l
lykel	² lʷ ʏˑ ç ə l
lykel	² lʷ œˑ ç ə l
lykke	l ʏʷ k ə
låg	l o̞ː ɡ
lågå	² l o̞ ɡ ɡ o̞
lågå	² l o̞ˑ ɣʷ o̞
lågå	² l o̞ ɡ o̞
magur	m ɐ̞ː ɡ ʊ r
mamma	m ɑ mː a
mandolin	m ɑ n d ʊ l iː n
mangleta	m ɑ ŋ l eː t ɑ
mareritt	m ɑ̂ː ɾ ə ɾ ɪ t
mareritt	m ɑ̂ː ʁ ə ʁ ɪ t
matematikk	m ɑ t ə m ɑ t ɪ k
matpakke	m aː t p ɑ k k ə
meir	m ɛ̝ ɪ̯ː r
meir	m æ ɪ̯ː r
meir	m a̝ ɪ̯ː r
mic	m a ɪ k
mic	m ɪ kː
middagskvil	m ɪ d ɑ k s k v iː l
middagskvild	m ɪ d ɑ k s k v ɪ l d
middagskvild	m ɪ d ɑ k s k v ɪ l
middelalderlitteratur	m ɪ d ə l ɑ l d ə ɭ ɪ t ə ɾ ɑ t ʉʷː ɾ
middelalderlitteratur	m ɪ d l̩ ɑ l d ə ɭ ɪ t ɾ ɑ t ʉʷː ɾ
miste	m ʉ s t ə
miste	m ʉ sː t ə
mið	m ɪː ð
mjelk	m j ɛ̝ l̥ k
mjelk	m j æ ɽ̊ k
mjelka	m j ɛ̝ l c͡ç ɐ̞
mjelkinne	m j ɛ̝ l c͡ç i ɲ ə
mjød	m j ø y̯ʷː
mjøl	m j œː l
mjøl	m j œː ɽ
mjølen	² m j œː l ə n
mjølen	² m j œː ə ɻ ɳ
mjølk	m j œ l̥ k
mjølk	m j œ ɽ̊ k
Mjølne	² m j œ l n ə
mjølne	² m j œː l n ə
mjølne	² m j œ l n ə
mjølne	² m j œː ɳ ə
mjåkk	m j ɔː kː
modig	m uː d ɪ
molte	² m ɞ̞ l̥ t ə
morderska	² m u̞ r d ə r s k ɐ̞
morderske	² m u̞ r d ə r s k ə
morderskene	² m u̞ r d ə r s k ə n ə
mordersker	² m u̞ r d ə r s k ə r
morgon	² m ɞ̞ r ɡ u̞ n
morgon	² m ɞ̞ r ɡ u̞
morgon	² m ɞ̞ r ɡ o
morgon	² m o̞ r ɡ o̞
Mossyen	¹ m u̞ s s yʷˑ ə n
motgift	m uʷː t j ɪ f t
muse	m ʉʷ s eː
musé	m ʉʷ s eː
musling	m ʉʷ ʂ l ɪ ŋ
mylnar	² m ʏʷ l n ɐ̞ r
mylnar	² m ʏʷː ɻ ɳ ɐ̞ r
mylnar	² m ʏʷː ɳ ɐ̞ r
Møre	² m øː ɾˠ e
møy	m ø ʏ̯
måillt	m o̞ ʎ̥ c
mål	m o̞ː l
mål	m o̞ː ɽ
mål	m ɐ̞ o̯ː l
målføre	² m o̞ː l f øː r ə
målføre	² m o̞ː ɽ f øː ɾ ə
mållag	² m o̞ː l l ɐ̞ˑ ɡ
mållag	² m o̞ː ɭ ɐ̞ˑ ɡ
måltid	² m o̞ː l t iˑ
måltid	² m o̞ː ʈ iˑ
måndag	¹ m o̞ n d ɐ̞ˑ ɡ
måndag	¹ m o̞ n d ɐ̞
Måne	² m o̞ː n e
naken	² n ɐ̞ː ç ə n
naken	² n ɐ̞ː c͡ç ə n
naken	² n ɐ̞ː k ə n
nakke	² n ɐ̞ ç ç ə
nakke	² n ɐ̞ c͡çː ə
nakke	² n ɐ̞ k k ə
namnedag	n ɑ m n ə d aː ɡ
naust	n ø ʉ s t
nettvett	n ɛ t ʋ ɛ t
nidstong	² n iː s t ɞ ŋ
nidstong	² n iː s t ɞ ŋ ɡ
niu	² n iː ʊ
Njord	n j u̞ː r
Njord	n j u̞ː ɽ
Njærheim	² n j æː ʁ ɛ̝ ɪ̯ˑ
nóg	n o u̯ː ɡ
nóg	n u̞ː ɡ
nóg	n u̞ ɡ
noko	² n oˑ k o
noko	² n o kː o
nord	n u̞ː r
nord	n u̞ː ɾ
nord	n u̞ː ʁ
nord	n u̞ː ɽ
nordan	n u̞ː r o̞ n
nordan	n ú̞ː ɾ ɐ̞̃̌
Nordmøre	² n uː ɾ m ɒː ɾ
Nordmøre	² n uː ɾ m øː ɾ
Nordmøre	² n uː ɽ m øː ɾ
nordnorsk	n uː ɳ ɔ ʂ k
Noreg	n ɞ̞ː ɾ ə ɡ
Noreg	n o̞ ɾ ɾ ə
Norig	n u̞ː ɾ i ɡ
Norig	n oː r i ɡ
Norig	n oː r i ɡ̊
Norig	n o̞ ɾ i
Norig	n o̞ ɾ ɾ i
Norig	n ɞ̞ r i
norsk	n ɞ̞ r̥ s k
norsk	n ɞ̞ ɻ ʂ k
norsk	n ɞ̞ ʂ k
norsk	n ɞ̞ ʃ k
nótt	n ɔ ʊ̯ː tʰː
ny	n yʷː
nynne	² n ʏ n n ə
nynorsk	² n yʷː n ɞ̞ r̥ s k
nynorsk	² n yʷː n ɞ̞ ʃ k
nynorsk	² n yʷː n ɞ̞ ʂ k
nysgjerrigper	n ʏ ʂ æ ɾ ɪ p eː ɾ
odal	² o u̞ː d ɐ̞ l
odal	² oː ɐ̞ l
odal	² u̞ː ɐ̞ l
Oddernes	² o̞ d d o̞ ɰ n eː s
Oden	² u̞ː ə n
Oden	² u̞ː d ə n
Oden	² u̞ː d n̩
OL	uː ɛ l
OL	uː ɛ ɽ
Olav	² u̞ː l ɐ̞ ʋ
Olav	² u̞ː l ɐ̞
Olav	² u̞ː ɽ ɐ̞ ʋ
Olav	² u̞ː ɽ ɐ̞
Olav	¹ u̞ː l ɐ̞ˑ ʋ
Olav	² o ɐː l ɐ̞ː ʋ
Olav	² oː ɽ ɐ̞
olbogerom	ɔ̂ l b ɔ ɡ ə ɾ u mː
olbogerom	ɔ̂ l b ɔ ɡ ə ʁ u mː
Olsson	ù̞ː ɽ s ɐ̞̃̌
oman	o̞ː m ɐ̞ n
oman	o̞ː m ɐ̞
omsorgsfull	ʊ m s ɔ ɾ ɡ s f ʉ l
onomatopoetikon	ʊ n ʊ m ɑ t ʊ p ʊ eː t ɪ k ɔ n
Oppland	² u̞ pː l ɐ̞ n d
Oppland	² u̞ pː l ɐ̞ nˑ
Oppland	² uʰ pː l ɐ̞ nˑ
ord	uː rˠ
ord	uː ɽ
ord	uː ɺ̠
ordstilling	uʷː ʂ t ɪ l l ɪ ŋ
Oslo	ǔ̞ s l û̞
Oslo	û̞ s l û̞
Oslo	ú̞ s l ǔ̞
Oslo	ú̞ ʂ ɭ ǔ̞
Oslo	ú̞ ʃ l̠ ǔ̞
Oslo	o u̯ː s l o u̯ː
Ósló	o u̯ː s l o u̯ː
Otta	² u̞ t t ɐ̞
Otta	u̞ʰ t t ɐ̞
par	pʰ ɐ̞ː r
partnarskap	p aː r t n a r s k aː p
person	p æ ʂ uː n
Persson	pʰ èː ɾ s ɐ̞̃̌
pilleskrukketroll	p ɪ l l ə s k ɾ ʊʷ k k ə t ɾ ɔʷ l
polygami	p ʊ l ʏ ɡ ɑ m iː
primær	p ɾ ɪ m æː ɾ
pult	p ʉʷ l t
pult	p ʉʷː l t
pýssā	² pʰ u yʷː s s a̝ː
pysse	² pʰ u yʷː s s ə
pýsse	² pʰ u yʷː s s ə
pýsso	² pʰ u yʷː s s u
pýsso	² pʰ u yʷː s s o
pýssó	² pʰ u yʷː s s o u̯ː
pýssun	² pʰ u yʷː s s u n
pýssunn	² pʰ u yʷː s s u n
pølse	² p ø l s ə
pølse	² p ø ʂ ə
rad	r aː d
rad	r aː
rad	ʁ aː d
rad	ʁ aː
rad	ɾ aː d
rad	ɾ aː
Rauma	¹ r œ ʊ̯ː m ɐ̞
rauv	r œ ʊ̯ː ʋ
rauv	r œ ʊ̯ː
reklame	ɾ ɛ k l aː m ə
revehi	ɾ eː ʋ ə h iː
Reykjavik	² r œ ʏː ç ɐ̞ ʋ iˑ k
rime	ɾ iː m ə
Romsdal	² r u̞ m s d ɐ̞ː ɽ
romvesen	ɾ ʊ m ʋ eː s ə n
romvesen	ɾ ʊ m ʋ eː s n̩
rug	r u ɡ
røda	² r øː ɑ
saud	s œ ʊ̯ː
saud	s æ̞ ɵ̯ː d
saud	s æ̞ ɵ̯ː ð
Sauda	² s œ͡ɵː ɐ̞
Sauda	² s œ͡ɵː d ɐ̞
saudinnje	² s æ ʉː d i ɲ ə
saupne	² s œ ʊ̯ p n̥ ə
saupne	² s œ ʊ̯ː p n̥ ə
seig	s æ ɪ̯
seig	s æ ɪ̯ ɡ
seig	s æ ɪ ɡ
seig	s æ ɪ
selle	s ɛ l l ə
Setesdal	² s ɛ̝ː t ə s d ɐ̞ˑ l
Setesdal	² s ɛ̝ː t ɪ s d ɐ̞ː l
Setesdal	² s æː t ɪ s d ɐ̞ː l
sidesyn	s iː d ə s yʷː n
sikksakk	s ɪ k s ɑ k
sirka	s ɪ ɾ k ɑ
sitron	s i t ɾ ùː n
sitron	s i t ɾ ûː n
sitron	s i t ɾ uː n
sitron	s i t ʁ ûː n
sjav'e	ʃ ɑː v e
sjølvsagt	² ʃ œː l s ɐ̞ k t
sjølvsagt	² ʃ œː ʂ ɐ̞ k t
sjå	sʲ j o̞
skaldyr	s k aː l d yʷː ɾ
skapning	s k aː p n ɪ ŋ
skeiv	ʃ ɛ̝ ɪ̯ː ʋ
skeiv	s ç ɛ̝ ɪ̯ː ʋ
skeiv	s c͡ç ɛ̝ ɪ̯ː ʋ
skid	ʃ iː
skid	s c͡ç iː
skid	s ç iː
Skien	ʂ êː ə̌ n
Skien	ʃ êː ə̌ n
skjegg	ʃ ɛ̝ ɡː
skjegg	ʂ ɛ̝ ɡː
skjegg	ɕ ɛ̝ ɡː
skjegg	s ç ɛ̝ ɡː
skjegg	s c͡ç ɛ̝ ɡː
skjæve	² s j eː ʋ e
skjøkja	² s c͡ç øː c͡ç ɑ
skjøkja	² ʃ øː c͡ç ɑ
skjøkja	² ʃ øː ç ɑ
skjøkje	² s c͡ç øː c͡ç ə
skjøkje	² ʃ øː c͡ç ə
skjøkje	² ʃ øː ç ə
skjør	ʃ øː r
skjør	ʃ øː ɾ
skjør	ʃ øː ʁ
skór'e	s k o u̯ː r ə
skyss	ʂ ʏʷ sː
skøyte	ʂ œ ʏ̯ʷ t ə
sleip	s l ɛ̝ ɪ̯ː p
sleip	ʂ ɭ ɛ̝ ɪ̯ː p
Sleipne	² s l ɛ̝ ɪ̯ p n̥ ə
Sleipne	² ʂ ɭ ɛ̝ ɪ̯ p n̥ ə
slåstkamp	ʂ l ɔ s t k ɑ m p
smidja	² s m ɪ ɟ͡ʝː ɐ̞
snjór'e	s n j o u̯ː r ə
soge	² s ɞ̞ː ɡ ə
soge	² s ɞ̞ː ʝ ə
soge	² s ɞ̞ː ɟ͡ʝ ə
soge	² s ɞ̞ː ɡ ə
sol	s uː l
sol	s uː ɽ
solbær	s uː l b æː ɾ
solside	² s u̞ː l s iː ə
solside	² s u̞ː ɻ ʂ iː ə
solside	² s u̞ː ʂ iː ə
Solør	² s o̞ː ɽ ə ɾ
son	s o̞ː n
son’e	¹ s o ɐ̯ː n ə
spanjol	s p ɑ n j uʷː l
speleliste	s p êː l ə l ɪ s t ə
speleliste	s p êː l l ɪ s t ə
Sperillen	² s p æː ɽ i l n̩
Sperillen	² s p iː r i l n̩
spikarjarn	s p iː k ɐ̞ r j ɐ̞ː r n
spikarjarn	s p iː k ɐ̞ r j ɐ̞ː ɳ
Spjelkavik	² s p j ɛ l k ɐ̞ ʋ iː k
Spjelkavik	² s p j ɛ l k ɐ̞ ʋ iː c͡ç ɐ̞
språkforsking	s p ɾ oʷː k f ɔ ʂ k ɪ ŋ
stabbur	² s t ɐ̞ b b ʉ r
stabbur	² s t ɐ̞ b b ʉ ɾ
stanse	s t ɑ n s ə
Stavanger	s t ɐ̞ ʋ ɐ̞ ŋ ɡ ə r
Stavanger	s t ɐ̞ ʋ ɐ̞ ŋ ŋ ə ɾ
Stavanger	s t a̝ ʋ a̝ ŋ ŋ ɔ ɰ
Stavanger	s t a̝ ʋ a̝ ŋ ŋ ə ɰ
Stein	s t æ ɪ̯ː ɲ
Stein	s t ɛ ɪ̯ː ɲ
Stein	s t ɛ̝ ɪ̯ d n
Stein	s t a̝ ɪ̯ d n
Steinkjer	² s t e ɲ ç ə ɾ
stikkontakt	s t ɪ k k ʊ n t ɑ k t
stillongs	s t iː l l ɔ ŋ s
stillongs	s t iː l ɔ ŋ s
stjard	ʃ ɐ̞ː ɽ
stjard	s c͡ç ɐ̞ː ɽ
Stjørdal	² ʂ ø ɻ ɖ ɐ̞ˑ ɽ
Stjørdal	² ʂ ø ɖ ɖ ɐ̞ˑ ɽ
Stjørdalen	² ʂ ø ɖ ɖ ɐ̞ˑ ɲ
Stjørdalen	ʂ ø ɖ ɐ̞ː ɲ
Stord	¹ s t u̞ː ʁ
Stord	¹ s t u̞ː ʁ n̩
storleik	s t u̞ː r l ɛ̝ ɪ̯ː k
storleik	s t u̞ː ɭ ɛ̝ ɪ̯ː k
strandflate	s t ɾ ɑ n f l aː t ə
støvel	s t œʷ ʋ ə l
Sunnmøre	² s ʏ ɲː m øˑ ɾˠ ə
sun’e	¹ s uː n ə
svalbardrein	² s ʋ ɐ̞ː l b ɐ̞ˑ r r ɛ̝ ɪ̯ː n
svalbardrein	² s ʋ ɐ̞ː ɽ b ɐ̞ˑ ɻ ɛ̝ ɪ̯ː n
svart	s ʋ ɑ̈ r̥ t
svart	s ʋ ɑ̈ ʈː
svart	s ʋ ɑ̈ ʂ t
Sveio	² s ʋ ɛ̝͡ɪː u̞
Sveio	² s ʋ ɛ̝͡ɪː o̞
svelg	s v ɛ ɽ ɡ
svelg	s v æ l ɡ
svelg	s v ɛ ɽ ɡ
svelg	s v æ ɽ ɡ
svelg	s v æ ɽ j
Svelvik	s ʋ ǽ ɽ ʋ ǐˑ k
svintoks	² s ʋ iː n t ɞ̞ k s
svolten	² s ʋ ɞ̞ l t ə n
svolten	² s ʋ ɞ̞ l t n̩
svolten	² s ʋ ɞ̞ ʈ n̩
svolten	s ʋ ɞ̞ l t ə n
svolten	s ʋ ɞ̞ l t n̩
svolten	s ʋ ɞ̞ ʈ n̩
svægje	² s ʋ eː ʝ e
Sykkylven	s ʏ̌ʷ c͡çː ʏ́ʷ l ʋ î ɲ
syklus	s yʷː k l ʉʷ s
syl	s yʷː l
syl	s yᵝː l
sǿkje	² s ø y̯ʷː ç ə
sølte	² s øː ɻ ʈ ə
Sørum	s ǿː ɾ ǔ̞ m
søvn	s œ ʋ n
søyda	² sʷ œ ʏ̯ː ɑ
såba	² s o̞ː b a̝
såba	² s o̞ː b̥ a̝
tal	tʰ ɐ̞ː l
tal	tʰ ɐ̞ː ɽ
tankeeksperiment	tʰ ɑ̂ ŋ kʰ ə ɛ k s p ə ɾ ɪ m ɛ n t
tankeeksperiment	tʰ ɑ̂ ŋ kʰ ə ɛ k s p ɾ ɪ m ɛ n t
taug	t a̝ u̯ː ɡ
Terråk	² t æ ɾ ɾ o̞ k
tispe	t ɪ s p ə
tomte	² t u̞ m t ə
tomte	² t ɞ̞ m t ə
Torlav	² tʰ ɞ̞ l l ɐ̞ˑ ʋ
Torleiv	² tʰ ɞ̞ l l ɛ̝ ɪ̯ ʋ
torsdag	tʰ uː r s d̥ ɐ̞ː ɡ
torsdag	tʰ u r s d̥ ɐ̞ː ɡ
torsdag	tʰ uː r s d̥ a
torsdag	tʰ u r s d̥ a
torsdag	tʰ uː s d̥ ɐ̞ ɡ
torsdag	tʰ u s d̥ ɐ̞ ɡ
torsdag	tʰ uː s d̥ a
torsdag	tʰ u s d̥ a
torsdag	tʰ uː ʃ d̠̥ ɐ̞ː ɡ
torsdag	tʰ u ʃ d̠̥ ɐ̞ː ɡ
torsdag	tʰ uː ʃ d̠̥ a
torsdag	tʰ u ʃ d̠̥ a
torsk	tʰ ɞ̞ s k
torsk	tʰ ɞ̞ r̥ˠ s k
torsk	tʰ ɞ̞ ʂ k
Torstein	² tʰ ɞ̞ s s t ɛ̞ ɪˑ n
Torstein	² tʰ ɞ̞ r̥ s t ɛ̞ ɪˑ n
tosk	t ɔ s k
Toten	tʰ u̞ː t ə n
Toten	tʰ ǔ̞ː t ń̩
Trandeim	² t r a̝ n d a̝ ɪ̯ m
transkripsjon	t ɾ ɑ n s k ɾ ɪ p ʂ ùː n
transkripsjon	t ʁ ɑ n s k ʁ ɪ p ʂ ùː n
Tranøm	² t ɾ ɐ̞ː n œ mˑ
tre	t ʁ eː
tre	t r eː
tre	t ɾ eː
trenger	t r ɛ ŋ ɛ r
trenger	t ɾ ɛ ŋ ɛ r
trenger	t ʁ ɛ ŋ ɛ ʁ
trenger	t ɰ æː ŋ a ɰ
trí	tʰ r æ ɪ̯
trillebår	t ɾ ɪ l l ə b oʷː ɾ
troll	t r ɞ̞ lː
troll	t r ɞ̞ ʎː
Trondheim	² t r o̞ nː æ̞ ɪ m
Trondheim	² t r o̞ nː h æ̞ ɪ m
Trondheimsfjorden	² tʰ r u̞ n n ɛ̞ ɪ̯ˑ m s f j u̞ˑ ɳ
tru	t r ʉː
tru	t ɾ ʉː
tru	t ʁ ʉː
túpt	tʰ e̯ uː p t
TV	t êː ʋ ěː
tymbur	tʰ ʏ m b ʊ r
tåg	tʰ ɔː ɡ
udyr	² ʉː d yʷˑ r
Ulv	ʊ l ʋ
Ulv	ʊ ɽ ʋ
Ulvestad	² u ɽ ʋ ə s t ɐ̞ː
um	ʊ mː
um	u mː
um	ʊ̟ mː
um	ʉ mː
undan	² ʊ n d ɑ
ungkar	ʊ ŋ k aː ɾ
upp	ʊ pʰː
upp	ʊ̟ pʰː
upp	u pʰː
upp	ʊ̟ʰ pʰː
urokse	u ɐ̯ ʌ ɡ s ə
úv'e	ɛ̯ ʉː ʋ e
vaken	² ʋ ɐ̞ː ç ə n
vaken	² ʋ ɐ̞ː c͡ç ə n
vaken	² ʋ ɐ̞ː k ə n
vald	ʋ ɐ̞ l d
vald	ʋ ɐ̞ lː
valkyrja	² ʋ ɑː l c͡ç ʏ r j ɑ
valkyrja	² ʋ ɑː l ç ʏ ɾ j ɑ
Valle	² ʋ a̝ l l ə
vanedyr	ʋ aː n ə ² d yː ɾ
Vangen	ʋ a̝ ɲ j ɪ n
varm’u	ʋ ɐ̞ r m ʊ
vaskebjørn	ʋ ɑ s k ə b j øʷː ɳ
vassavkjølt	ʋ ɑ s ɑ ʋ ç øː l t
vassblemme	ʋ ɑ s b l ɛ m m ə
vassdrag	v ɑ s d ɾ aː ɡ
vassmelon	ʋ ɑ s m ɛ l uː n
vatn	ʋ ɐ̞ t n̥
vatn	ʋ ɐ̞ t t ə n
vatn	ʋ ɐ̞ t n̩
Vefsn	ʋ æ f s n̩
Vefsna	ʋ æ f s n æ̞
veg	ʋ eː ɡ
veg	ʋ æː ɡ
vén’e	ʋ eː ɪ̯ n ə
vera	² ʋ ɛ̝ː r ɐ̞
vera	² ʋ ɛ̝ r ɐ̞
vera	² ʋ ɛ̝ rː ɐ̞
Verdal	² ʋ æ ɻ ɖ ɐ̞ˑ ɽ
Verdal	² ʋ æ ɖ ɖ ɐ̞ˑ ɽ
Verdalen	² ʋ æ ɻ ɖ ɐ̞ˑ ɻ ɳ
Verdalen	² ʋ æ ɖ ɖ ɐ̞ˑ ɳ
vère	² ʋ e̯ ɛː r ə
vère	² ʋ ɪ̯ ɛː r ə
vern	ʋ æ ɾ n
vern	ʋ æ ɳ
vika	ʋ iː c͡ç ɑ
vika	ʋ iː ç ɑ
vika	ʋ iː k ɑ
vika	² ʋ ɪː k ɑ
vika	² ʋ ɪ kː ɑ
vika	² ʋ ɪ k ɑ
vika	² ʋ iː k ɑ
Vika	ʋ iː c͡ç ɑ
Vika	ʋ iː ç ɑ
Vika	ʋ iː k ɑ
Viki	ʋ iː c͡ç ɪ
Viki	ʋ iː ç ɪ
Viki	ʋ iː k ɪ
viking	² ʋ iː k ɪ ŋ
viking	² ʋ iː ç ɪ ŋ
viking	² ʋ iː k ɪ ŋ
viku	² ʋ ɪː k ʉ
viku	² ʋ ɪ k ʉ
viskelêr	ʋ ɪ s k ə l eː ɾ
vísubók	² ʋ e̯ iː s ʊ b o u̯ˑ k
vodve	² ʋ ɞ̞ː ʋ ə
Volda	¹ ʋ ɞ̞ l d ɐ̞
Volda	ʋ ɞ̞́ ʉ̯ l d ɐ̞̀
Voss	ʋ ɞ̞ sː
vossamål	² ʋ ɞ̞ s s ɐ̞ m ɐ̞ oˑ l
Vossavangen	² ʋ ɞ̞ s s ɐ̞ ʋ a̝ ɲ j ɪ n
vuku	² ʋ ʉˑ k ʉ
vuku	² ʋ ɵˑ k ʉ
vuku	² ʋ ɵˑ k ɵ
vuku	² ʋ ʉ k k ʉ
vuku	² ʋ ʉˑ k ʉ
vuku	² ʋ u̞ˑ k ũ̞
væte	² ʋ eː t ə
væte	² ʋ æː t ə
vøtur	ʋ œː t ʊ r
Vålerenga	² ʋ o̞ː ɻ ɛ̞ ŋ ŋ ɐ̞
Vålerenga	² ʋ o̞ː ɽ ɛ̞ ŋ ŋ ɐ̞
yr	yː ɾ
yr	yː ʁ
ørkenrev	œʷ ɾ k ə n ɾ eː ʋ
Ørsta	¹ œ ɾ̥ˠ s t ɐ̞
Ådne	² ɐ̞͡u̞ː d n ə
Ådne	² ɐ̞͡oː d n ə
åkur	ɐ̞ o̯ː k ʊ r
Ålesund	² o̞ː l ə s ʉ n d
Ålesund	² o̞ː l ə s ʏ n d
