අංකිත	a ŋ k i t ə
අක්කා	ə kː aː
අක්මාව	a k m aː w ə
අකුර	a k u r a
අච්චුව	ə t͡ʃː u ʋ ə
අඩංගු	a ɖ ə ŋ ɡ u
අණ්ඩය	a n ɖ ə j ə
අඬ	əᶯ ɖ ə
අත	a t ə
අත්තිවාරම	a tː i ʋ aː ɾ ə m ə
අතුරනවා	ä t u r ä n ä w aː
අතුල්ලනවා	a t u lː ə n ə w aː
අනිටු	a n i ʈ u
අනුරාධපුර	a n u r aː d ə p u r ə
අප්පච්චි	a pː ə t͡ʃː i
අප්පා	a pː aː
අප්පොච්චි	a pː o t͡ʃː i
අපිරිසිදු	a p i r i s i d u
අම්බලම	a m b ə l ə m ə
අම්බා	a mː aː
අම්මා	a mː aː
අයියෝ	a i j oː
අරනවා	ə ɾ ə n ə ʋ aː
අරහේ	a r ə h eː
අල්ලනවා	a lː ə n ə w aː
අවට	a w ə ʈ ə
අවුරුද්ද	a w u r u dː ə
අවුරුද්‍ද	a w u r u d d ə
ආච්චි	aː t̚ t͡ʃ i
ආඥාව	aː ɡ n aː w ə
ආණ්ඩුව	aː ɳ ɖ u ʋ ə
ආත්තා	aː tː aː
ආප්පය	aː pː ə j ə
ඇණය	æ ɳ ə j ə
ඇදහිල්ල	æ d ə h i lː ə
ඇදිලිය	æ d i l i j ə
ඇදුරු	æ d u r u
ඇඳ	æⁿ d ə
ඇම්බැට්ටයා	æ m b æ ʈː ə j aː
ඇල්ම	æ l m ə
ඇහෙනවා	æ h e n ə w aː
ඉගිලෙනවා	i ɡ i l e n ə w aː
ඉච්චාව	i t͡ʃː aː ʋ ə
ඉඳගන්නවා	iⁿ d ə ɡ ə nː ə w aː
ඉඳිනවා	iⁿ d i n ə ʋ aː
ඉඳු	iⁿ d u
ඉර	i r ə
ඉරට්ට	i r ə ʈː ə
ඉරනවා	i r ə n ə w aː
ඉලක්කම	i l ə kː ə m ə
ඉලක්කය	i l ə kː ə j ə
ඉස්සර	i s s ə r ə
ඊයම්	iː j ə m
ඊයේ	iː j eː
උකුණා	u k u n aː
උකුණු	u k u n u
උගන්නවා	u ɡ ə n n ə w aː
උඩැක්කිය	u ɖ æ kː i j ə
උණු	u n u
උණුහුම	u n u h u m ə
උත්සවය	u t s ə ʋ ə j ə
උතුරනවා	u t u r ə n ə w aː
උතුරු	u t̪ u r u
උදව්ව	u d ə wː ə
උදුන	u d u n ə
උඳුන	uⁿ d u n ə
උපන්	u p ə n
උපුටනවා	u p u ʈ ə n ə w aː
උපුරනවා	u p u r ə n ə w aː
උඹලා	uᵐ b ə l aː
උරනවා	u r ə n ə w aː
උරය	u r ə j ə
උරුමය	u r u m ə j ə
උළු	u ɭ u
උළුක්කුව	u ɭ u kː u w ə
ඌරා	uː r aː
ඌරා	uː ɾ aː
ඌව	uː ʋ a
එකතු	e k ə t u
එක්වෙනවා	e k ʋ e n ə w aː
එකානූව	e k aː n uː w ə
එහේ	e h eː
ඓ	a i
ඔ	o
ඔක්කොම	o kː o m ə
ඔත්ත	o tː ə
ඔත්තුව	o tː u w ə
ඔද	u d ə
ඔප්පුව	o pː u w ə
ඔව්	o u
ඔව්	o ʋ
ඔසවනවා	o s ə w ə n ə w aː
ඔහේ	o h eː
ඕ	oː
ඖ	a u
ඖෂධය	a u s ə d ə j ə
ක	k a
කකුළුවා	k a k u ɭ u w aː
කගය	k a ɡ ə j ə
කටු	k a ʈ u
කටුපිල	k ä ʈ u p i l ä
කඩ	k a ɖ ə
කඩනවා	k ə ɖ ə n ə ʋ aː
කඩය	k a ɖ ə j ə
කඩිනම	k a ɖ i n ə m ə
කඩියාළම	k a ɖ i j aː ɭ ə m ə
කණිනවා	k a n i n ə w aː
කණිසම	k a ɳ i s ə m ə
කනිනවා	k ə n i n ə w aː
කපනවා	k a p ə n ə w aː
කප්පම	k a pː ə m ə
කප්පි	k a pː i
කප්පිය	k a pː i j ə
කපු	k a p u
කපුරු	k a p u r u
කම	k a m ə
කමල	k a m ə l ə
කම්බිය	k a m b i j ə
කඹය	k aᵐ b ə j ə
කඹුරා	k aᵐ b u r aː
කයිතාළම්	k a j i t aː ɭ ə m
කයිප්පු	k a j i pː u
කයියෙලිය	k a j i j e l i j ə
කර්‍පූර	k a r p uː r ə
කරුණ	k a r u ɳ ə
කලල	k a l ə l ə
කලවම	k a l ə w ə m ə
කල්ලා	k a l l aː
කවදා	k a w ə d aː
කවදාද	k a w ə d aː d ə
කවුද	k a w u d ə
කසනවා	k a s ə n ə w aː
කසයා	k a s ə j aː
කසළ	k a s ə ɭ ə
කහිනවා	k a h i n ə w aː
කාණ්ඩය	k aː ɳ ɖ ə j ə
කාන්දම	k aː n d ə m ə
කාප්පුව	k aː pː u w ə
කාපිරියා	k aː p i r i j aː
කාර	k a r ə
කාරයා	k aː r ə j aː
කාලය	k aː l ə j ə
කාවල	k aː ʋ ə l ə
කාසිය	k aː s i j ə
කැඳනවා	k æⁿ d ə n ə w aː
කැරපොත්තා	k æ r ə p o tː aː
කිට්ටු	k i ʈː u
කිට්ටුවෙනවා	k i ʈː u w e n ə w aː
කිඹුලා	k iᵐ b u l aː
කියත	k i j ə t ə
කිරනවා	k i r ə n ə w aː
කුඩය	k u ɖ ə j ə
කුණ්ඩලිය	k u n ɖ ə l i j ə
කුඹලා	k uᵐ b ə l aː
කුඹුරුවෙල්	k uᵐ b u ɾ u w e l
කුරුණෑගල	k u r u n æː ɡ a l ə
කුරුල්ලා	k u r u lː aː
කුලප්පුව	k u l ə pː u w ə
කුලල	k u l ə l ə
කුලි	k u l i
කුලිය	k u l i j ə
කුහක	k u h ə k ə
කුළු	k u ɭ u
කූඩම	k uː ɖ ə m ə
කූඩුව	k uː ɖ u w ə
කෙටි	k e ʈ i
කෙණ්ඩය	k e ɳ ɖ ə j ə
කෙණ්ඩිය	k e ɳ ɖ i j ə
කෙලින්	k e l i n
කෙස	k e s ə
කෙළිනවා	k e ɭ i n ə w aː
කේ	k eː
කොකුම්	k o k u m
කොටනවා	k o ʈ ə n ə ʋ aː
කොට්ටය	k o ʈː ə j ə
කොටියා	k o ʈ i j aː
කොඩිය	k o ɖ i j ə
කොණ්ඩය	k o ɳ ɖ ə j ə
කොතඹුරු	k o t aᵐ b u r u
කොත්තමල්ලි	k o tː ə m ə lː i
කොම්බුව	k o m b u w ə
කොර	k o r ə
කොල්ලකනවා	k o lː ə k ə n ə w aː
කොල්ලය	k o lː ə j ə
කොවුලා	k o ʋ u l aː
කොහේ	k o h eː
කොහොම	k o h o m ə
කොළඹ	k o ɭ əᵐ b ə
කොළය	k o ɭ ə j ə
කෝටුව	k oː ʈ u w ə
කෝණම	k oː ɳ a m a
ඛ	k a
ඛඩ්ගය	k a ɖ ɡ ə j ə
ඛාද්‍ය	k aː d j ə
ගඟ	ɡ aᵑ ɡ ə
ගඩුව	ɡ a ɖ u w ə
ගණිනවා	ɡ a n i n ə w aː
ගන	ɡ a n ə
ගරහනවා	ɡ a r ə h ə n ə w aː
ගස	ɡ a s ə
ගහනවා	ɡ ə h ə n ə w aː
ගළපනවා	ɡ a ɭ ə p ə n ə w aː
ග්‍රන්ථ	ɡ r a n t ə
ගානවා	ɡ aː s ə w aː
ගාල්ල	ɡ aː l l ə
ගැටය	ɡ æ ʈ ə j ə
ගැබිණිය	ɡ æ b i ɳ i j ə
ගැඹුරු	ɡ æᵐ b u r u
ගැළ	ɡ æ ɭ ə
ගෑනී	ɡ æː n iː
ගිගුරනවා	ɡ i ɡ u r ə n ə w aː
ගිගුරුම	ɡ i ɡ u r u m ə
ගිතෙල්	ɡ i t e l
ගිරි	ɡ i r i
ගුමුව	ɡ u m u ʋ ə
ගුළිය	ɡ u ɭ i j ə
ගුළු	ɡ u ɭ u
ගෙනෙනවා	ɡ e n e n ə w aː
ගෙරියා	ɡ e r i j aː
ගොතනවා	ɡ o t ə n ə w aː
ගෝණිය	ɡ oː n̪ i j ə
ඝ	ɡ a
ඟ	ᵑɡ
ච	t͡ʃ a
චණ්ඩියා	t͡ʃ a ɳ ɖ i j aː
ඡ	t͡ʃ a
ජ	d͡ʒ a
ජම්බුද්වීපය	d͡ʒ a m b u d̪ ʋ iː p ə j ə
ජාඩිය	d͡ʒ aː ɖ i j ə
ජෙප්පා	d͡ʒ e p p aː
ජෝඩුව	d͡ʒ oː ɖ u ʋ ə
ඣ	d͡ʒ a
ඥ	d͡ʒ ɲ a
ඦ	n d͡ʒ a
ට	ʈ a
ටකනවා	ʈ a k ə n ə w aː
ටිකක්	ʈ i k ə k
ඨ	ʈ a
ඩ	ɖ a
ඪ	ɖ a
ණ	ɳ a
ඬ	ᶯɖ a
ත	t̪ a
තට්ට	t a ʈː ə
තට්ටුකරනවා	t a ʈː u k ə r ə n ə w aː
තට්ටුව	t a ʈː u w ə
තණ	t a n ə
තන	t a n ə
තනි	t a n i
තම්බියා	t a m b i j aː
තමුසේ	o m u s eː
තඹ	t aᵐ b ə
තඹර	t aᵐ b a r a
තරම	t a r ə m ə
තරුව	t a r u w ə
තල්ලුකරනවා	t a lː u k ə r ə n ə w aː
තළනවා	t a ɭ ə n ə w aː
ත්‍රිකුණාමලය	t r i k u n aː m ə l ə j ə
තාච්චිය	t aː t̚ t͡ʃ i j ə
තාලිය	t aː l i j ə
තැතිගන්නවා	t æ t i ɡ ə nː ə w aː
තැපැල්	t æ p æ l
තියුණු	t i j u n u
තුණ්ඩුව	t u n ɖ u w ə
තුමා	t u m aː
තුර්කිය	t̪ u r k i j ə
තුෂාරය	t u s aː r ə j ə
තෘෂ්ණාව	t r̩ s ɳ aː w ə
තෙත්	t e t
තෙමේ	t e m eː
තෛලය	t a i l ə j ə
තොපි	t o p i
තොමෝ	t o m oː
තෝ	t oː
තෝඩුව	t oː ɖ u w ə
ථ	t̪ a
ද	d̪ a
දකිනවා	d a k i n ə w aː
දකුණු	d a k u n u
දඩය	d a ɖ ə j ə
දඩයම්කරනවා	d a ɖ ə j ə m k ə r ə n ə w aː
දණ්ඩය	d a ɳ ɖ ə j ə
දඬු	d aᶯ ɖ u
දත	d a t ə
දදය	d a d ə j ə
දදරයා	d a d ə r ə j aː
දන්නවා	d a nː ə ʋ aː
දමනවා	d a m ə n ə w aː
දවනවා	d ə ʋ ə n ə w aː
දවල	d a ʋ ə l ə
දෂ්ටකරනවා	d a s ʈ ə k ə r ə n aː
දා	d aː
දැඩි	d æ ɖ i
දැන්	d æ n
දිග	d i ɡ ə
දිය	d i j ə
දිල්ලිය	d i l l i j a
දිළිඳ	d i ɭ iⁿ d ə
දුනු	d u n u
දුම	d u m ə
දුරු	d i r i
දුවනවා	d u ʋ ə n ə ʋ aː
දෙනවා	d e n ə w aː
දෙමළ	d̪ e m ə l ə
දෙමළා	d̪ e m ə l aː
දෙවියා	d e ʋ i j aː
දොළ	d o ɭ ə
ධ	d̪ a
ධවජය	d a ʋ ə d͡ʒ ə j ə
ධික්කාර	d i kː aː r ə
න	n a
නගනවා	n ə ɡ ə n ə ʋ aː
නගුල	n a ɡ u l ə
නම්	n a m
නරක	n a r ə k ə
නරියා	n a ɾ i j aː
නසිනවා	n ə s i n ə w aː
නහය	n a h ə j ə
නාටකය	n aː ʈ ə k ə j ə
නාඩගම	n aː ɖ ə ɡ ə m ə
නැගෙනහිර	n æ ɡ e n a h i r a
නැහැ	n æ h æ
නෑනා	n æː n aː
නිමිත්ත	n i m i tː ə
නිමිති	n i m i t i
නියපොත්ත	n i j ə p o tː ə
නියපොතු	n i j ə p o t u
නුඹ	n uᵐ b ə
නුඹලා	n uᵐ b ə l aː
නුවර	n u ʋ ə r ə
නූල	n uː l ə
නෙයියාඩම	n e j i j aː ɖ ə m ə
නෙරනවා	n e r ə n ə w aː
නොණ්ඩි	n o ɳ ɖ i
නෝංජල්	n oː m̃ d͡ʒ ə l
නෝනා	n oː n aː
ඳ	ⁿd a
ප	p a
පංසු	p ə ŋ s u
පක	p a k ə
පකයා	p a k ə j aː
පට	p a ʈ ə
පටන්	p ə ʈ ə n
පටිය	p a ʈ i j ə
පටු	p a ʈ u
පඩිය	p a ɖ i j ə
පණුවා	p a n u w aː
පඬු	p aᶯ ɖ u
පත්තුකරනවා	p a tː u k ə r ə n ə w aː
පතුන්	p a t u n
පදක්කම	p a d ə kː ə m ə
පන	p ə n ə
පන්දම	p a n d ə m ə
පන්දලම	p a n d ə l ə m ə
පනාව	p ä n aː w ä
පඳුර	p aⁿ d u r ə
පයිය	p a j j ə
පර	p a r ə
පරක්කුවෙනවා	p a r ə kː u w e n ə w aː
පරණ	p a r ə n ə
පරයා	p a r ə j aː
පරවියා	p a r ə ʋ i j aː
පල්ල	p a l l ə
පල්ලල	p a l l a l a
පල්ලිය	p a lː i j ə
පවුර	p a w u r ə
පස්ස	p a sː ə
පළල්	p a ɭ ə l
පළාත	p ə ɭ aː t̪ ə
පළිය	p a ɭ i j ə
පළොල්	p a ɭ o l
ප්රේත	p r eː t ə
ප්‍රඥ්ඥාව	p r ə d͡ʒ n̠ʲ ɟ ɲ aː ʋ ə
ප්‍රඥාව	p r ə ɟ ɲ aː ʋ ə
ප්‍රාචීරය	p r aː t͡ʃ iː r ə j ə
ප්‍රාන්තය	p r aː n t ə j ə
ප්‍රාර්‍ථනය	p r aː r t ə n ə j ə
ප්‍රේමය	p r eː m ə j ə
පාකිස්ථානය	p aː k i s t̪ aː n̪ ə j ə
පාඩම	p aː ɖ ə m ə
පාලම	p aː l ə m ə
පැණි	p æ n i
පැණි	p æ ɳ i
පැදුම	p æ d u m ə
පැළෙනවා	p æ ɭ e n ə w aː
පිට	p i ʈ ə
පිට්ටු	p i ʈː u
පිටි	p i ʈ i
පිඹිනවා	p iᵐ b i n ə w aː
පිරිමියා	p i r i m i j aː
පිලි	p i l i
පිහාටුව	p i h aː ʈ u w ə
පිහිට	p i h i ʈ ə
පිහිනවා	p i h i n ə w aː
පීනනවා	p iː n ə n ə ʋ aː
පුංචි	p u ɲ t͡ʃ i
පුච්චනවා	p u t͡ʃː ə n ə w aː
පුරුදු	p u r u d u
පුරුෂ	p u ɾ u s ə
පූට්ටුකරනවා	p uː ʈː u k ə r ə n ə w aː
පෙඳ	p eⁿ d ə
පෙර	p e r ə
පෙරුංකායම්	p e r u ŋ k aː j ə m
පේ	p eː
පොකුර	p o k u r ə
පොඩි	p o ɖ i
පොත්ත	p o tː ə
පොන්නයා	p o n n ə j aː
පොරය	p o r ə j ə
පොරව	p o r ə w ə
පොරොත්තුව	p o r o tː u w ə
පෝච්චිය	p oː t̚ t͡ʃ i j a
ඵ	p a
බ	b a
බංගලාදේශය	b ə m̃ ɡ ə l aː d̪ eː ʃ ə j ə
බටු	b a ʈ u
බණ	b a n ə
බත	b a t ə
බද	b ə d ə
බදනවා	b ə d ə n ə w aː
බදුල්ල	b a d u lː ə
බඳිනවා	b əⁿ d i n ə w aː
බප	b a p ə
බබලනවා	b a b ə l ə n ə w aː
බමණවා	b a m ə n ə w aː
බඹ	b aᵐ b ə
බයියා	b a j j aː
බර	b a r ə
බල	b a l ə
බලනවා	b a l ə n ə w aː
බස්නාහිර	b a s n aː h i r a
බ්‍රසීලය	b r ə s iː l ə j ə
බ්‍රාහ්මණයා	b r aː h m ə n ə j aː
බ්‍රාහ්මණයා	b r aː h m ə ɳ ə j aː
බා	b aː
බානවා	b aː n ə w aː
බැහැර	b æ h æ r ə
බිරි	b i r i
බිරිඳ	b i r iⁿ d ə
බිහිරි	b i h i r i
බීජ	b iː d͡ʒ ə
බුද්ධි	b u dː i
බුදු	b u d u
බෙක	b e k ə
බෙදනවා	b e d ə n ə w aː
බෙරය	b e r ə j ə
බොහොම	b o h o m ə
බෝක්කුව	b oː k̚ k u w ə
භ	b a
භාරතය	b aː ɾ ə t ə j ə
භාරතය	b aː ɾ ə t̪ ə j ə
භුවන	b u ʋ ə n ə
භූමිය	b uː m i j ə
භෝජනය	b oː d͡ʒ ə n ə j ə
ම	m a
මඟ	m aᵑ ɡ ə
මඩ	m a ɖ ə
මඩකලපුව	m a ɖ ə k ə l ə p u w ə
මඩිනවා	m aᶯ ɖ i n ə w aː
මඩුල්ල	m a ɖ i l l ə
මත්ත	m a t t a
මධ්‍යම	m a d j a m a
මන	m a n ə
මයිල්	m ə j i l
මර	m a r ə
මරක්කලය	m a r ə kː ə l ə j ə
මරනවා	m a r ə n ə w aː
මල්‍ලි	m a lː i
මව	m a w ə
මස්සිනා	m a sː i n aː
මහත	m a h ə t ə
මහනුවර	m a h a n u ʋ ə r ə
මාමා	m aː m aː
මාළුවා	m aː ɭ u w aː
මැටි	m æ ʈ i
මැණික	m æ ɳ i k ə
මැරෙනවා	m æ r e n ə w aː
මිටිය	m i ʈ i j ə
මිතුරු	m i t u r u
මිදුල	m i d u l ə
මිනිත්තුව	m i n i t̪ t̪ u ʋ ə
මිනිහා	m i n i h aː
මියනවා	m i j ə n ə w aː
මිරිකනවා	m i r i k ə n ə w aː
මිශ්‍ර	m i s r ə
මිහිඟුව	m i h iᵑ ɡ u w ə
මීගමුව	m iː ɡ ə m u ʋ ə
මීදුම	m iː d u m ə
මුං	m u ŋ
මුගුර	m u ɡ u r ə
මුට්ටිය	m u ʈː i j ə
මුඩුක්කුව	m u ɖ u kː u w ə
මුදල	m u d ə l ə
මුදලාලි	m u d ə l aː l i
මුදලි	m u d ə l i
මුදුන	m u d u n ə
මුනුබුරා	m u n u b u r aː
මුරණ්ඩු	m u r ə ɳ ɖ u
මුල	m u l ə
මුහුදු	m u h u d u
මුළු	m u ɭ u
මූට්ටුව	m uː ʈː u w ə
මූඩිය	m uː ɖ i j ə
මෙක්සිකෝව	m e k s i k oː w ə
මෙයා	m e j aː
මෙල්ල	m e lː ə
මෙහෙ	m e h e
මේ	m eː
මේදය	m eː d ə j ə
මොට	m o ʈ ə
මොනවා	m o n ə ʋ aː
ඹ	ᵐb a
ය	j a
යට	j a ʈ ə
යම	j a m ə
යහන	j a h ə n ə
යාපනය	j aː p ə n ə j ə
යෙළ	j e ɭ ə
යෝග්‍ය	j oː ɡ j ə
යෝනි	j oː n i
යෝනිය	j oː n i j ə
ර	r a
රකුසා	r a k u s aː
රට	r ə ʈ ə
රත්නපුර	r a t n ə p u r ə
රළු	r a ɭ u
රාජධානිය	r aː d͡ʒ ə d aː n i j ə
රැලි	r æ l i
රෑ	r æː
රිදී	r i d iː
රිදෙනවා	r i d e n ə w aː
රියඟ	r i j əᵑ ɡ ə
රියන්	r i j ə n
රුපියල	r u p i j ə l ə
රුව	r uː ʋ ə
ල	l a
ලබනවා	l ə b ə n ə w aː
ලඹ	l aᵐ b ə
ව	ʋ a
වටය	ʋ a ʈ ə j ə
වට්ටිය	ʋ a ʈː i j ə
වණ්ෂ	v a n s ə
වදනවා	w a d ə n ə w aː
වන	ʋ a n ə
වනය	ʋ a n ə j ə
වඳ	ʋ aⁿ d ə
වම	ʋ ə m ə
වමනයකරනවා	ʋ a m ə n ə j ə k ə r ə n ə w aː
වයඹ	ʋ a j aᵐ b a
වර	ʋ ə r ə
වර්ග	ʋ ə r ɡ ə
වරෙණ්ය	ʋ a ɾ e n j ə
වලිගය	ʋ a l i ɡ ə j ə
වහන්සේ	ʋ a h ə n s eː
වළ	ʋ a ɭ ə
ව්‍යාඝ්‍රයා	ʋ j ɑː ɡʱ r ə j aː
වැටෙනවා	ʋ æ ʈ e n ə w aː
වැඩ	ʋ æ ɖ ə
වැතිරෙනවා	ʋ æ t i r e n ə w aː
වැද්දා	ʋ æ dː aː
වැල්ල	ʋ æ lː ə
වැව	ʋ æ w ə
වැහැප්	ʋ æ h æ p
විකනවා	ʋ i k ə n ə w aː
විදුලිය	v i d u l i j ə
විල	ʋ i l ə
විෂ්ණු	ʋ i s ɳ u
වෙදා	ʋ e d aː
වෙනවා	ʋ e n ə w aː
වෙරි	ʋ e r i
වෙහෙර	ʋ e h e r ə
වෙළුව	ʋ e ɭ u w ə
වේෂ්ටය	ʋ eː s ʈ ə j ə
වෛද්‍ය	ʋ a j d j ə
ශ	s a
ශ්වාස	s w aː s ə
ශ්‍රී	s r iː
ශිශ්නය	ʃ i ʃ n ə j ə
ශුක්‍ර	ʃ u k r ə
ශුද්ධ	s u d̚ d ə
ශෛව	s a j ʋ ə
ෂ	s a
සක	s a k ə
සටන්කරනවා	s a ʈ ə n k ə r ə n ə w aː
සණ්ඩුව	s ə n ɖ u w ə
සතා	s a t aː
සදනවා	s a d ə n ə w aː
සබරගමුව	s a b a r a ɡ a m u ʋ a
සමග	s a m ə ɡ ə
සමෘද්ධ	s ə m r̩ d̪ː ə
සයුර	s a j u r ə
සල	s a l ə
සලනවා	s a l ə n ə w aː
සල්ලිය	s a lː i j ə
සවය	s a ʋ ə j ə
සහිනවා	s a h i n ə w aː
සහෝදර	s a h oː d ə r ə
ස්නේහය	s n eː h ə j ə
සාහිත්‍යය	s aː h i t j ə j ə
සිංහයා	s i ŋ h ə j aː
සිටිනවා	s i ʈ i n ə w aː
සිත	s i t ə
සිනිදු	s i n i d u
සිස්	s i s
සිසිල්	s i s i l
සිහින්	s i h i n
සී	s iː
සීනි	s iː n i
සුද්දා	s u d̪ d̪ aː
සුබ	s u b ə
සුරුකු	s u r u k u
සුලුප්පුව	s u l u p̚ p u w ə
සුළඟ	s u ɭ əᵑ ɡ ə
සුළිය	s u ɭ i j ə
සූරනවා	s uː r ə n ə w aː
සෙංකමාළය	s e ŋ k ə m aː ɭ ə j ə
සෙක්කුව	s e kː u w ə
සෙම්බුව	s e m b u w ə
සෙමෙ	s e m e
සොත්ති	s o tː i
සොබන	s o b ə n ə
සොහොයුරා	s o h o j u r aː
සොහොයුරී	s o h o j u r iː
සෝදනවා	s oː d ə n ə w aː
හකුරු	h a k u ɾ u
හණ	h a ɳ ə
හඳ	h aⁿ d ə
හපනවා	h a p ə n ə w aː
හලාවත	h a l aː ʋ ə t ə
හානවා	h aː n ə w aː
හාමුදුරුවෝ	h aː m u d u r u ʋ oː
හැම	h æ m ə
හිටිනවා	h i ʈ i n ə w aː
හිත	h i t ə
හිතනවා	h i t ə n ə w aː
හිනාවෙනවා	h i n aː ʋ e n ə w aː
හිමියා	h i m i j aː
හිවලා	h i v ə l aː
හුණ්ඩුව	h u ɳ ɖ u ʋ ə
හුත්ත	h u t̪ t̪ ə
හුත්තා	h u t̪ t̪ aː
හුනු	h u n u
හුය	h u j ə
හුළු	h u ɭ u
හෙණ	h e n ə
හෙළනවා	h e ɭ ə n ə w aː
හොරි	h o r i
හොවිනවා	h o ʋ i n ə w aː
