аам	a ʔ a m m
аамм	a a m m
аамтар	a a m t a r
аамтарин	a a m t a r i n
аб	a b
абавайн	a b a v a j n
абад	a b a d
абада	a b a d a
абадаи	a b a d a j i
абадан	a b a d a n
абадаро	a b a d a r o
абадаям	a b a d a j a m
абадаямон	a b a d a j a m o n
абадаямонро	a b a d a j a m o n r o
абадаямро	a b a d a j a m r o
абадаят	a b a d a j a t
абадаятон	a b a d a j a t o n
абадаятонро	a b a d a j a t o n r o
абадаятро	a b a d a j a t r o
абадаяш	a b a d a j a ʃ
абадаяшон	a b a d a j a ʃ o n
абадаяшонро	a b a d a j a ʃ o n r o
абадаяшро	a b a d a j a ʃ r o
абадзинда	a b a d z i n d a
абадият	a b a d i j a t
абадӣ	a b a d i
абадуддаҳр	a b a d u d d a h r
абадулабад	a b a d u l a b a d
абадулобидин	a b a d u l o b i d i n
абадулобод	a b a d u l o b o d
абажур	a b a ʒ u r
абаза	a b a z a
абазадухтар	a b a z a d u x t a r
абазазан	a b a z a z a n
Абакан	a b a k a n
абар	a b a r
абарқудратам	a b a r q u d r a t a m
абарқудратамон	a b a r q u d r a t a m o n
абарқудратамонро	a b a r q u d r a t a m o n r o
абарқудратамро	a b a r q u d r a t a m r o
абарқудратат	a b a r q u d r a t a t
абарқудрататон	a b a r q u d r a t a t o n
абарқудрататонро	a b a r q u d r a t a t o n r o
абарқудрататро	a b a r q u d r a t a t r o
абарқудраташ	a b a r q u d r a t a ʃ
абарқудраташон	a b a r q u d r a t a ʃ o n
абарқудраташонро	a b a r q u d r a t a ʃ o n r o
абарқудраташро	a b a r q u d r a t a ʃ r o
абарқудрате	a b a r q u d r a t e
абарқудратеро	a b a r q u d r a t e r o
абарқудрати	a b a r q u d r a t i
абарқудратро	a b a r q u d r a t r o
абарқудраттар	a b a r q u d r a t t a r
абарқудраттарин	a b a r q u d r a t t a r i n
абарқудратҳо	a b a r q u d r a t h o
абарқудратҳои	a b a r q u d r a t h o j i
абарқудратҳоро	a b a r q u d r a t h o r o
абарқудратҳоям	a b a r q u d r a t h o j a m
абарқудратҳоямон	a b a r q u d r a t h o j a m o n
абарқудратҳоямонро	a b a r q u d r a t h o j a m o n r o
абарқудратҳоямро	a b a r q u d r a t h o j a m r o
абарқудратҳоят	a b a r q u d r a t h o j a t
абарқудратҳоятон	a b a r q u d r a t h o j a t o n
абарқудратҳоятонро	a b a r q u d r a t h o j a t o n r o
абарқудратҳоятро	a b a r q u d r a t h o j a t r o
абарқудратҳояш	a b a r q u d r a t h o j a ʃ
абарқудратҳояшон	a b a r q u d r a t h o j a ʃ o n
абарқудратҳояшонро	a b a r q u d r a t h o j a ʃ o n r o
абарқудратҳояшро	a b a r q u d r a t h o j a ʃ r o
абармард	a b a r m a r d
Аббос	a b b o s
абд	a b d
Абдулло	a b d u l l o
Абдуллоев	a b d u l l o j e v
Абдуллозода	a b d u l l o z o d a
Абдуллоҳ	a b d u l l o h
Абдуллоҳам	a b d u l l o h a m
Абдуллоҳамон	a b d u l l o h a m o n
Абдуллоҳамонро	a b d u l l o h a m o n r o
Абдуллоҳамро	a b d u l l o h a m r o
Абдуллоҳат	a b d u l l o h a t
Абдуллоҳатон	a b d u l l o h a t o n
Абдуллоҳатонро	a b d u l l o h a t o n r o
Абдуллоҳатро	a b d u l l o h a t r o
Абдуллоҳаш	a b d u l l o h a ʃ
Абдуллоҳашон	a b d u l l o h a ʃ o n
Абдуллоҳашонро	a b d u l l o h a ʃ o n r o
Абдуллоҳашро	a b d u l l o h a ʃ r o
Абдуллоҳе	a b d u l l o h e
Абдуллоҳеро	a b d u l l o h e r o
Абдуллоҳи	a b d u l l o h i
Абдуллоҳро	a b d u l l o h r o
абёт	a b j o t
абиогенез	a b i o ɡ e n e z
абкам	a b k a m
аблаҳ	a b l a h
аблаҳон	a b l a h o n
аблаҳонро	a b l a h o n r o
аблаҳтар	a b l a h t a r
аблаҳтарин	a b l a h t a r i n
аблаҳҳо	a b l a h h o
аблаҳҳоро	a b l a h h o r o
аборт	a b o r t
абр	a b r
абранҷан	a b r a n d͡ʒ a n
абранҷин	a b r a n d͡ʒ i n
абрешим	a b r e ʃ i m
абрӯ	a b r ɵ
абсорбсия	a b s o r b s i j a
абстракт	a b s t r a k t
абстрактсионизм	a b s t r a k t s i o n i z m
Абубакр	a b u b a k r
Абузабӣ	a b u z a b i
Абулҳавл	a b u l h a v l
абулҳавл	a b u l h a v l
абхоз	a b x o z
абхозӣ	a b x o z i
абҳар	a b h a r
Абҳар	a b h a r
абҳор	a b h o r
абҷад	a b d͡ʒ a d
абъад	a b ʔ a d
абяз	a b j a z
аванс	a v a n s
Авасто	a v a s t o
авбош	a v b o ʃ
авбошӣ	a v b o ʃ i
аввал	a v v a l
август	a v ɡ u s t
Авесто	a v e s t o
авиапочта	a v i a p o t͡ʃ t a
Аврангзеб	a v r a n ɡ z e b
Аврангобод	a v r a n ɡ o b o d
аврат	a v r a t
Аврупо	a v r u p o
Австралия	a v s t r a l i j a
Австрия	a v s t r i j a
автобус	a v t o b u s
автобус	a f t o b u s
автовокзал	a v t o v o k z a l
автовокзал	a f t a v a ɡ z a l
автомат	a v t o m a t
автомат	a f t a m a t
автоматикӣ	a v t o m a t i k i
автоматикӣ	a f t a m a t i k i
автоматӣ	a v t o m a t i
автомобил	a v t o m o b i l
автомобилӣ	a v t o m o b i l i
автомобиль	a v t o m o b i l
агар	a ɡ a r
агроном	a ɡ r a n o m
агрономия	a ɡ r a n o m i j a
агрономӣ	a ɡ r a n o m i
агрономҳо	a ɡ r o n o m h o
адаб	a d a b
адабиёт	a d a b i j o t
адад	a d a d
адир	a d i r
Адирна	a d i r n a
адмирал	a d m i r a l
адолат	a d o l a t
адрес	a d r e s
аждаҳо	a ʒ d a h o
аз	a z
азон	a z o n
айн	a j n
айнак	a j n a k
айнаксоз	a j n a k s o z
айрон	a j r o n
Айюб	a j j u b
ака	a k a
академия	a k a d e m i j a
академӣ	a k a d e m i
аккос	a k k o s
акс	a k s
актёр	a k t j o r
акула	a k u l a
ақиқа	a q i q a
ақл	a q l
алайҳиссалом	a l a j h i s s a l o m
алайҳоссалом	a l a j h o s s a l o m
Албания	a l b a n i j a
албатта	a l b a t t a
албом	a l b o m
Албурз	a l b u r z
алгебра	a l ɡ e b r a
алгоритм	a l ɡ o r i t m
алифбо	a l i f b o
Алӣ	a l i
аллакай	a l l a k a j
алло	a l l o
алло	a l o
Аллоҳ	a l l o h
алмос	a l m o s
алоим	a l o j i m
алоимам	a l o j i m a m
алоимамон	a l o j i m a m o n
алоимамонро	a l o j i m a m o n r o
алоимамро	a l o j i m a m r o
алоимат	a l o j i m a t
алоиматон	a l o j i m a t o n
алоиматонро	a l o j i m a t o n r o
алоиматро	a l o j i m a t r o
алоимаш	a l o j i m a ʃ
алоимашон	a l o j i m a ʃ o n
алоимашонро	a l o j i m a ʃ o n r o
алоимашро	a l o j i m a ʃ r o
алоими	a l o j i m i
алоимро	a l o j i m r o
аломатам	a l o m a t a m
аломатамон	a l o m a t a m o n
аломатамонро	a l o m a t a m o n r o
аломатамро	a l o m a t a m r o
аломатат	a l o m a t a t
аломататон	a l o m a t a t o n
аломататонро	a l o m a t a t o n r o
аломататро	a l o m a t a t r o
аломаташ	a l o m a t a ʃ
аломаташон	a l o m a t a ʃ o n
аломаташонро	a l o m a t a ʃ o n r o
аломаташро	a l o m a t a ʃ r o
аломате	a l o m a t e
аломатеро	a l o m a t e r o
аломати	a l o m a t i
аломатро	a l o m a t r o
аломатҳо	a l o m a t h o
аломатҳои	a l o m a t h o j i
аломатҳоро	a l o m a t h o r o
аломатҳоям	a l o m a t h o j a m
аломатҳоямон	a l o m a t h o j a m o n
аломатҳоямонро	a l o m a t h o j a m o n r o
аломатҳоямро	a l o m a t h o j a m r o
аломатҳоят	a l o m a t h o j a t
аломатҳоятон	a l o m a t h o j a t o n
аломатҳоятонро	a l o m a t h o j a t o n r o
аломатҳоятро	a l o m a t h o j a t r o
аломатҳояш	a l o m a t h o j a ʃ
аломатҳояшон	a l o m a t h o j a ʃ o n
аломатҳояшонро	a l o m a t h o j a ʃ o n r o
аломатҳояшро	a l o m a t h o j a ʃ r o
алфа	a l f a
алфавит	a l f a v i t
Алҷазоир	a l d͡ʒ a z o j i r
Алясаъ	a l j a s a ʔ
амак	a m a k
амир	a m i r
Амир	a m i r
амма	a m m a
Аммон	a m m o n
амолӣ	a m o l i
Амрико	a m r i k o
анархия	a n a r x i j a
анбиқ	a n b i q
анбоштан	a n b o ʃ t a n
ангишт	a n ɡ i ʃ t
англисӣ	a n ɡ l i s i
Англия	a n ɡ l i j a
ангур	a n ɡ u r
ангушт	a n ɡ u ʃ t
ангуштвона	a n ɡ u ʃ t v o n a
ангуштпона	a n ɡ u ʃ t p o n a
андеша	a n d e ʃ a
андешидан	a n d e ʃ i d a n
Андиҷон	a n d i d͡ʒ o n
андоза	a n d o z a
Андорра	a n d o r r a
андохтан	a n d o x t a n
андӯҳ	a n d ɵ h
анестезиология	a n e s t e z i o l o ɡ i j a
аниме	a n i m e
анкабӯт	a n k a b ɵ t
анор	a n o r
Антилёс	a n t i l j o s
Антокия	a n t o k i j a
антоним	a n t o n i m
анҷир	a n d͡ʒ i r
анҷом	a n d͡ʒ o m
анҷомидан	a n d͡ʒ o m i d a n
анъана	a n ʔ a n a
апа	a p a
апелсин	a p e l s i n
аппарат	a p p a r a t
апрел	a p r e l
ар	a r
араб	a r a b
Арабистон	a r a b i s t o n
арабӣ	a r a b i
арбаа	a r b a a
арғамчин	a r ɣ a m t͡ʃ i n
Ардабил	a r d a b i l
арзидан	a r z i d a n
арзон	a r z o n
арзонтар	a r z o n t a r
арзонтарин	a r z o n t a r i n
ариза	a r i z a
Арманистон	a r m a n i s t o n
арманӣ	a r m a n i
армия	a r m i j a
Арок	a r o k
арокӣ	a r o k i
арра	a r r a
арсалон	a r s a l o n
арслон	a r s l o n
артиш	a r t i ʃ
арус	a r u s
арӯс	a r ɵ s
арӯсӣ	a r ɵ s i
арча	a r t͡ʃ a
асаб	a s a b
асабҷарроҳӣ	a s a b d͡ʒ a r r o h i
асал	a s a l
асб	a s b
Асвон	a s v o n
аскар	a s k a r
асосгузор	a s o s ɡ u z o r
асп	a s p
аср	a s r
ассотсиатсия	a s a t s i a t s i j a
аст	a s t
астағфируллоҳ	a s t a ɣ f i r u l l o h
астрономия	a s t r o n o m i j a
асъор	a s ʔ o r
асъорам	a s ʔ o r a m
асъорамон	a s ʔ o r a m o n
асъорамонро	a s ʔ o r a m o n r o
асъорамро	a s ʔ o r a m r o
асъорат	a s ʔ o r a t
асъоратон	a s ʔ o r a t o n
асъоратонро	a s ʔ o r a t o n r o
асъоратро	a s ʔ o r a t r o
асъораш	a s ʔ o r a ʃ
асъорашон	a s ʔ o r a ʃ o n
асъорашонро	a s ʔ o r a ʃ o n r o
асъорашро	a s ʔ o r a ʃ r o
асъоре	a s ʔ o r e
асъори	a s ʔ o r i
асъорро	a s ʔ o r r o
атмосфера	a t m o s f e r a
атмусфер	a t m u s f e r
афғон	a f ɣ o n
Афғонистон	a f ɣ o n i s t o n
афғонӣ	a f ɣ o n i
афзор	a f z o r
афзудан	a f z u d a n
афкандан	a f k a n d a n
афлесун	a f l e s u n
Афлотун	a f l o t u n
Африқо	a f r i q o
африқоӣ	a f r i q o j i
Афросиёб	a f r o s i j o b
афрохтан	a f r o x t a n
афрӯхтан	a f r ɵ x t a n
афсона	a f s o n a
афт	a f t
афтодан	a f t o d a n
афюн	a f j u n
ахлоқ	a x l o q
ахтар	a x t a r
ахтаршиносӣ	a x t a r ʃ i n o s i
Аҳвоз	a h v o z
Аҳмад	a h m a d
аҳмадӣ	a h m a d i
Аҳмадобод	a h m a d o b o d
аҳмақ	a h m a q
аҳмақтар	a h m a q t a r
аҳмақтарин	a h m a q t a r i n
аҳолинишин	a h o l i n i ʃ i n
Аҳриман	a h r i m a n
аҳром	a h r o m
Аҳуромаздо	a h u r o m a z d o
аҷиб	a d͡ʒ i b
аҷибтар	a d͡ʒ i b t a r
аҷибтарин	a d͡ʒ i b t a r i n
Ашқобод	a ʃ q o b o d
Ашраф	a ʃ r a f
Ашт	a ʃ t
ашӯла	a ʃ ɵ l a
ашъор	a ʃ ʔ o r
ашъори	a ʃ ʔ o r i
ашъорро	a ʃ ʔ o r r o
аълочӣ	a ʔ l o t͡ʃ i
аэропорт	a e r o p o r t
ая	a j a
ба	b a
бабр	b a b r
бавл	b a v l
Бағдод	b a ɣ d o d
Бағлон	b a ɣ l o n
бад	b a d
бадан	b a d a n
Бадахшон	b a d a x ʃ o n
баид	b a j i d
баидтар	b a j i d t a r
баидтарин	b a j i d t a r i n
байн	b a j n
байналхалқӣ	b a j n a l x a l q i
Байнаннаҳрайн	b a j n a n n a h r a j n
Байрут	b a j r u t
байт	b a j t
Байтулмуқаддас	b a j t u l m u q a d d a s
байъона	b a j ʔ o n a
бактерия	b a k t e r i j a
бақайдгиранда	b a q a j d ɡ i r a n d a
бақайдгирӣ	b a q a j d ɡ i r i
баланд	b a l a n d
баланит	b a l a n i t
бале	b a l e
Балтистон	b a l t i s t o n
балуч	b a l u t͡ʃ
Балучистон	b a l u t͡ʃ i s t o n
балучӣ	b a l u t͡ʃ i
Балх	b a l x
банан	b a n a n
Бангладеш	b a n ɡ l a d e ʃ
Банглодеш	b a n ɡ l o d e ʃ
Бангола	b a n ɡ o l a
банголӣ	b a n ɡ o l i
банда	b a n d a
бандар	b a n d a r
бар	b a r
бараҳна	b a r a h n a
бараҳнагӣ	b a r a h n a ɡ i
Барбадос	b a r b a d o s
барг	b a r ɡ
баргашт	b a r ɡ a ʃ t
баргаштан	b a r ɡ a ʃ t a n
бардамидан	b a r d a m i d a n
барзагов	b a r z a ɡ o v
барқ	b a r q
барқӣ	b a r q i
барлос	b a r l o s
барнома	b a r n o m a
барномасоз	b a r n o m a s o z
бародар	b a r o d a r
бародарона	b a r o d a r o n a
баромадан	b a r o m a d a n
барра	b a r r a
барӯйхатгирӣ	b a r ɵ j x a t ɡ i r i
барф	b a r f
басиҷ	b a s i d͡ʒ
баскетбол	b a s k e t b o l
Басра	b a s r a
бастан	b a s t a n
бахшидан	b a x ʃ i d a n
баҳман	b a h m a n
баҳор	b a h o r
баҳр	b a h r
Баҳрайн	b a h r a j n
бача	b a t͡ʃ a
бачагон	b a t͡ʃ a ɡ o n
бачагона	b a t͡ʃ a ɡ o n a
башара	b a ʃ a r a
Башир	b a ʃ i r
баъд	b a ʔ d
баъдиинқилобӣ	b a ʔ d i j i n q i l o b i
баъид	b a ʔ i d
баъидтар	b a ʔ i d t a r
баъидтарин	b a ʔ i d t a r i n
Баъл	b a ʔ l
Баълабак	b a ʔ l a b a k
баъс	b a ʔ s
Баъс	b a ʔ s
баъсӣ	b a ʔ s i
бе	b e
бебок	b e b o k
бевафо	b e v a f o
бегоҳ	b e ɡ o h
бегуноҳ	b e ɡ u n o h
бедодгарӣ	b e d o d ɡ a r i
бедодӣ	b e d o d i
бедона	b e d o n a
Бекобод	b e k o b o d
бел	b e l
Беларус	b e l a r u s
Белгия	b e l ɡ i j a
бемаънӣ	b e m a ʔ n i
бемор	b e m o r
бемористон	b e m o r i s t o n
беморӣ	b e m o r i
беназир	b e n a z i r
бепарво	b e p a r v o
беранг	b e r a n ɡ
бесарнишин	b e s a r n i ʃ i n
бесим	b e s i m
беситора	b e s i t o r a
бета	b e t a
бетақсир	b e t a q s i r
бетараф	b e t a r a f
бехабар	b e x a b a r
бехатар	b e x a t a r
бехатарӣ	b e x a t a r i
бехтан	b e x t a n
беҳ	b e h
беҳискунӣ	b e h i s k u n i
Беҳрӯз	b e h r ɵ z
беҳтар	b e h t a r
беҳтарин	b e h t a r i n
беша	b e ʃ a
бешумор	b e ʃ u m o r
бибӣ	b i b i
Библия	b i b l i j a
бигиз	b i ɡ i z
бидъат	b i d ʔ a t
биёбон	b i j o b o n
бинӣ	b i n i
бинӣ	b i n i
бино	b i n o
биология	b i o l o ɡ i j a
биология	b i a l o ɡ i j a
биологӣ	b i o l o ɡ i
биринҷ	b i r i n d͡ʒ
бисёр	b i s j o r
бисмиллоҳ	b i s m i l l o h
бист	b i s t
бисьёр	b i s j o r
биҳишт	b i h i ʃ t
биҳӣ	b i h i
Бишкек	b i ʃ k e k
блог	b l o ɡ
бо	b o
боб	b o b
Боб	b o b
бобӣ	b o b i
бобо	b o b o
бовар	b o v a r
Богота	b o ɡ o t a
боғ	b o ɣ
боғбон	b o ɣ b o n
боғча	b o ɣ t͡ʃ a
бод	b o d
Бодғис	b o d ɣ i s
бодимҷон	b o d i m d͡ʒ o n
бодинҷон	b o d i n d͡ʒ o n
бодиринг	b o d i r i n ɡ
бодом	b o d o m
боз	b o z
бозӣ	b o z i
бозор	b o z o r
бозу	b o z u
бозубанд	b o z u b a n d
Боку	b o k u
боқлаҷон	b o q l a d͡ʒ o n
бол	b o l
Болгария	b a l ɡ a r i j a
болға	b o l ɣ a
болин	b o l i n
болиш	b o l i ʃ
болишт	b o l i ʃ t
Болливуд	b o l l i v u d
болшевик	b o l ʃ e v i k
большевик	b o l ʃ e v i k
бом	b o m
бомба	b o m b a
бомбаборон	b o m b a b o r o n
Бомиён	b o m i j o n
бонк	b o n k
бонкдор	b o n k d o r
бонкдорӣ	b o n k d o r i
бор	b o r
боридан	b o r i d a n
борон	b o r o n
босмачӣ	b o s m a t͡ʃ i
Босния	b o s n i j a
бостон	b o s t o n
бостоншинос	b o s t o n ʃ i n o s
бостоншиносӣ	b o s t o n ʃ i n o s i
ботаника	b a t a n i k a
ботаникӣ	b o t a n i k i
бофтан	b o f t a n
Бохтар	b o x t a r
боҳашамат	b o h a ʃ a m a t
боҳор	b o h o r
боҳу	b o h u
бош	b o ʃ
бошгоҳ	b o ʃ ɡ o h
бошқирд	b o ʃ q i r d
Бошқирдистон	b o ʃ q i r d i s t o n
бошқирдӣ	b o ʃ q i r d i
Братислава	b r a t i s l a v a
Британия	b r i t a n i j a
Бритониё	b r i t o n i j o
буд	b u d
буда	b u d a
будан	b u d a n
буз	b u z
бузкашӣ	b u z k a ʃ i
бузург	b u z u r ɡ
Булғористон	b u l ɣ o r i s t o n
булӯр	b u l ɵ r
бум	b u m
бунафш	b u n a f ʃ
Бундаҳишн	b u n d a h i ʃ n
бунёдӣ	b u n j o d i
бурдан	b u r d a n
буржуа	b u r ʒ u a
буридан	b u r i d a n
бурқаъ	b u r q a ʔ
бурон	b u r o n
Бурундӣ	b u r u n d i
бурҷ	b u r d͡ʒ
Бутан	b u t a n
Бухарест	b u x a r e s t
бухгалтер	b u x ɡ a l t e r
бухор	b u x o r
Бухоро	b u x o r o
буҳор	b u h o r
буча	b u t͡ʃ a
Бушаҳр	b u ʃ a h r
бӯ	b ɵ
бӯидан	b ɵ j i d a n
бӯй	b ɵ j
бӯйидан	b ɵ j j i d a n
бӯр	b ɵ r
бӯрон	b ɵ r o n
бӯсидан	b ɵ s i d a n
Бӯстон	b ɵ s t o n
ва	v a
ваё	v a j o
вазидан	v a z i d a n
вазир	v a z i r
вазире	v a z i r e
вазиреро	v a z i r e r o
вазири	v a z i r i
Вазиристон	v a z i r i s t o n
вазирон	v a z i r o n
вазирони	v a z i r o n i
вазиронро	v a z i r o n r o
вазирро	v a z i r r o
вазифа	v a z i f a
вазнин	v a z n i n
ваилло	v a j i l l o
вай	v a j
вайрон	v a j r o n
вайҳо	v a j h o
ваксина	v a k s i n a
вакуум	v a k uː m
вақт	v a q t
Вандидод	v a n d i d o d
варам	v a r a m
Вардак	v a r d a k
варзидан	v a r z i d a n
варзиш	v a r z i ʃ
варзишгар	v a r z i ʃ ɡ a r
вартиш	v a r t i ʃ
ватан	v a t a n
ватанӣ	v a t a n i
ватанпараст	v a t a n p a r a s t
ватанпарастӣ	v a t a n p a r a s t i
ватанфурӯш	v a t a n f u r ɵ ʃ
ватанфурӯшӣ	v a t a n f u r ɵ ʃ i
Ватикан	v a t i k a n
вафот	v a f o t
Ваҳдат	v a h d a t
Ваҳрон	v a h r o n
ваъда	v a ʔ d a
вегетатсия	v e ɡ e t a t s i j a
велосипед	v e l a s i p e d
велосипед	v i l a s p e d
велосипед	v e l o s i p e d
Венгрия	v e n ɡ r i j a
видео	v i d e o
вижагӣ	v i ʒ a ɡ i
Википедиа	v i k i p e d i a
вилоёт	v i l o j o t
вилоят	v i l o j a t
вироиш	v i r o j i ʃ
витамин	v i t a m i n
виҷдон	v i d͡ʒ d o n
Вйетнам	v j e t n a m
вйетнамӣ	v j e t n a m i
влог	v l o ɡ
водӣ	v o d i
вожа	v o ʒ a
вожанома	v o ʒ a n o m a
вожашиносӣ	v o ʒ a ʃ i n o s i
вопасин	v o p a s i n
Восит	v o s i t
Вотикон	v o t i k o n
вузӯ	v u z ɵ
вьетнамӣ	v j e t n a m i
гавҳар	ɡ a v h a r
газет	ɡ a z e t
газидан	ɡ a z i d a n
галстук	ɡ a l s t u k
гамбургер	ɡ a m b u r ɡ e r
гамма	ɡ a m m a
Ганг	ɡ a n ɡ
ганда	ɡ a n d a
гандидан	ɡ a n d i d a n
гандум	ɡ a n d u m
Ганҷа	ɡ a n d͡ʒ a
гап	ɡ a p
гараж	ɡ a r a ʒ
гард	ɡ a r d
гардан	ɡ a r d a n
гардидан	ɡ a r d i d a n
гарм	ɡ a r m
гармо	ɡ a r m o
гармхона	ɡ a r m x o n a
гач	ɡ a t͡ʃ
гаштан	ɡ a ʃ t a n
Гелон	ɡ e l o n
гелос	ɡ e l o s
генерал	ɡ e n e r a l
генералӣ	ɡ e n e r a l i
география	ɡ e o ɡ r a f i j a
географӣ	ɡ e o ɡ r a f i
геометрия	ɡ e o m e t r i j a
геосиёсӣ	ɡ e ʔ o s i j o s i
гепатит	ɡ e p a t i t
гетӣ	ɡ e t i
гиёҳ	ɡ i j o h
гил	ɡ i l
гила	ɡ i l a
Гилон	ɡ i l o n
гимн	ɡ i m n
гимназия	ɡ i m n a z i j a
гирд	ɡ i r d
гирифтан	ɡ i r i f t a n
гов	ɡ o v
гоидан	ɡ o j i d a n
гол	ɡ o l
госпитал	ɡ o s p i t a l
госпиталь	ɡ o s p i t a l
гоф	ɡ o f
гоҳе	ɡ o h e
Гренада	ɡ r e n a d a
Григорий	ɡ r i ɡ o r i j
гузаштан	ɡ u z a ʃ t a n
гузоштан	ɡ u z o ʃ t a n
гул	ɡ u l
гулак	ɡ u l a k
Гулбиддин	ɡ u l b i d d i n
гулдон	ɡ u l d o n
гулистон	ɡ u l i s t o n
Гулистон	ɡ u l i s t o n
гулоб	ɡ u l o b
гулобӣ	ɡ u l o b i
гулхона	ɡ u l x o n a
гунбад	ɡ u n b a d
гунбаз	ɡ u n b a z
гунг	ɡ u n ɡ
гуноҳ	ɡ u n o h
гуноҳкор	ɡ u n o h k o r
гурба	ɡ u r b a
гург	ɡ u r ɡ
гурда	ɡ u r d a
гурехтан	ɡ u r e x t a n
гурз	ɡ u r z
гуроз	ɡ u r o z
гурусна	ɡ u r u s n a
гуруснагӣ	ɡ u r u s n a ɡ i
гурӯҳ	ɡ u r ɵ h
Гурҷистон	ɡ u r d͡ʒ i s t o n
гуфтан	ɡ u f t a n
Гуҷарот	ɡ u d͡ʒ a r o t
гуҷаротӣ	ɡ u d͡ʒ a r o t i
гӯгирд	ɡ ɵ ɡ i r d
гӯр	ɡ ɵ r
гӯристон	ɡ ɵ r i s t o n
гӯрондан	ɡ ɵ r o n d a n
гӯсола	ɡ ɵ s o l a
гӯсфанд	ɡ ɵ s f a n d
гӯш	ɡ ɵ ʃ
гӯш	ɡ ɯ ʃ
гӯш	ɡ ɯ ʃ
гӯшвора	ɡ ɵ ʃ v o r a
гӯшт	ɡ ɵ ʃ t
ғ	ʁ
Ғ	ʁ
ғавғо	ɣ a v ɣ o
ғазал	ɣ a z a l
Ғазза	ɣ a z z a
Ғазнӣ	ɣ a z n i
ғайн	ɣ a j n
ғайриманқул	ɣ a j r i m a n q u l
ғайримумкин	ɣ a j r i m u m k i n
ғайриҳукуматӣ	ɣ a j r i h u k u m a t i
ғам	ɣ a m
ғамгин	ɣ a m ɡ i n
ғарб	ɣ a r b
ғарбӣ	ɣ a r b i
ғафс	ɣ a f s
ғизо	ɣ i z o
ғоз	ɣ o z
ғор	ɣ o r
ғук	ɣ u k
ғулом	ɣ u l o m
ғуломдорӣ	ɣ u l o m d o r i
ғуломӣ	ɣ u l o m i
ғун	ɣ u n
Ғур	ɣ u r
дабистон	d a b i s t o n
давидан	d a v i d a n
давлат	d a v l a t
давра	d a v r a
дай	d a j
дақиқа	d a q i q a
даққа	d a q q a
далер	d a l e r
дам	d a m
дамидан	d a m i d a n
дандон	d a n d o n
Дания	d a n i j a
дар	d a r
дара	d a r a
дарахт	d a r a x t
дараҷа	d a r a d͡ʒ a
дарвеш	d a r v e ʃ
Дарвоз	d a r v o z
дарё	d a r j o
дарзмол	d a r z m o l
дарӣ	d a r i
дароз	d a r o z
дарсад	d a r s a d
дарьё	d a r j o
даст	d a s t
дастарра	d a s t a r r a
дастгоҳ	d a s t ɡ o h
дастур	d a s t u r
даф	d a f
дахма	d a x m a
даҳ	d a h
даҳон	d a h o n
Даҷла	d a d͡ʒ l a
даҷҷол	d a d͡ʒ d͡ʒ o l
дев	d e v
девол	d e v o l
девона	d e v o n a
девонахона	d e v o n a x o n a
девор	d e v o r
девшиносӣ	d e v ʃ i n o s i
декабр	d e k a b r
делта	d e l t a
демократия	d e m o k r a t i j a
демократӣ	d e m o k r a t i
деҳа	d e h a
деҳқон	d e h q o n
Деҳлӣ	d e h l i
деҳот	d e h o t
дзе	d z e
дзюдо	d z j u d o
дзюдочӣ	d z j u d o t͡ʃ i
дигарҷинсгароӣ	d i ɡ a r d͡ʒ i n s ɡ a r o j i
дидан	d i d a n
дил	d i l
дилбар	d i l b a r
дилбастагӣ	d i l b a s t a ɡ i
дилер	d i l e r
дилчасп	d i l t͡ʃ a s p
Димишқ	d i m i ʃ q
динӣ	d i n i
динор	d i n o r
дирӯз	d i r ɵ z
дишаб	d i ʃ a b
Довуд	d o v u d
Доғистон	d o ɣ i s t o n
додан	d o d a n
додаҳо	d o d a h o
доим	d o j i m
доиман	d o j i m a n
доимӣ	d o j i m i
доимо	d o j i m o
Дойкундӣ	d o j k u n d i
доктор	d o k t a r
доктор	d o k t o r
доллар	d o l l a r
дом	d o m
дом	d o m
Доминика	d o m i n i k a
домод	d o m o d
донистан	d o n i s t a n
дониш	d o n i ʃ
донишгоҳ	d o n i ʃ ɡ o h
донишнома	d o n i ʃ n o m a
донишҷӯ	d o n i ʃ d͡ʒ ɵ
донишҷӯӣ	d o n i ʃ d͡ʒ ɵ j i
дор	d o r
дорад	d o r a d
дорам	d o r a m
доранд	d o r a n d
доранда	d o r a n d a
доред	d o r e d
дорем	d o r e m
Дориюш	d o r i j u ʃ
дорӣ	d o r i
дору	d o r u
дорухона	d o r u x o n a
дорушиносӣ	d o r u ʃ i n o s i
достон	d o s t o n
дотсент	d o t s e n t
дошт	d o ʃ t
дошта	d o ʃ t a
доштаам	d o ʃ t a a m
доштаанд	d o ʃ t a a n d
доштааст	d o ʃ t a a s t
доштагист	d o ʃ t a ɡ i s t
доштагистам	d o ʃ t a ɡ i s t a m
доштагистанд	d o ʃ t a ɡ i s t a n d
доштагистед	d o ʃ t a ɡ i s t e d
доштагистем	d o ʃ t a ɡ i s t e m
доштагистӣ	d o ʃ t a ɡ i s t i
доштагӣ	d o ʃ t a ɡ i
доштаед	d o ʃ t a j e d
доштаем	d o ʃ t a j e m
доштаӣ	d o ʃ t a j i
доштам	d o ʃ t a m
доштан	d o ʃ t a n
доштанд	d o ʃ t a n d
доштанӣ	d o ʃ t a n i
доштед	d o ʃ t e d
доштем	d o ʃ t e m
доштӣ	d o ʃ t i
дрон	d r o n
ду	d u
Дубай	d u b a j
дувоздаҳ	d u v o z d a h
дуғ	d u ɣ
дуд	d u d
дузд	d u z d
дукон	d u k o n
дулма	d u l m a
дум	d u m
дунболадор	d u n b o l a d o r
дунё	d u n j o
дуо	d u o
дур	d u r
дурӣ	d u r i
дуруст	d u r u s t
дурушт	d u r u ʃ t
духтарак	d u x t a r a k
духтур	d u x t u r
дучарха	d u t͡ʃ a r x a
дуҷинсгаро	d u d͡ʒ i n s ɡ a r o
дуҷинсгароӣ	d u d͡ʒ i n s ɡ a r o j i
душ	d u ʃ
Душанбе	d u ʃ a n b e
душанбе	d u ʃ a n b e
Душанбее	d u ʃ a n b e j e
Душанбееро	d u ʃ a n b e j e r o
Душанбеи	d u ʃ a n b e j i
Душанберо	d u ʃ a n b e r o
Душанбеям	d u ʃ a n b e j a m
Душанбеямон	d u ʃ a n b e j a m o n
Душанбеямонро	d u ʃ a n b e j a m o n r o
Душанбеямро	d u ʃ a n b e j a m r o
Душанбеят	d u ʃ a n b e j a t
Душанбеятон	d u ʃ a n b e j a t o n
Душанбеятонро	d u ʃ a n b e j a t o n r o
Душанбеятро	d u ʃ a n b e j a t r o
Душанбеяш	d u ʃ a n b e j a ʃ
Душанбеяшон	d u ʃ a n b e j a ʃ o n
Душанбеяшонро	d u ʃ a n b e j a ʃ o n r o
Душанбеяшро	d u ʃ a n b e j a ʃ r o
душман	d u ʃ m a n
душманӣ	d u ʃ m a n i
дуъо	d u ʔ o
дуэл	d u ʔ e l
дуюм	d u j u m
дӯғ	d ɵ ɣ
дӯзах	d ɵ z a x
дӯкон	d ɵ k o n
дӯст	d ɵ s t
дӯстӣ	d ɵ s t i
дӯстона	d ɵ s t o n a
дӯхтан	d ɵ x t a n
дӯш	d ɵ ʃ
евро	j e v r o
евро	j é v r a
елим	j e l i m
Ереван	j e r e v a n
ё	j o
ёддошт	j o d d o ʃ t
ёздаҳ	j o z d a h
Ёқуб	j o q u b
ёл	j o l
ёр	j o r
ёрдам	j o r d a m
ёсуман	j o s u m a n
ёфтан	j o f t a n
жарф	ʒ a r f
жола	ʒ o l a
журнал	ʒ u r n a l
журналист	ʒ u r n a l i s t
забон	z a b o n
забонӣ	z a b o n i
забоншинос	z a b o n ʃ i n o s
забоншиносӣ	z a b o n ʃ i n o s i
Забур	z a b u r
забур	z a b u r
задан	z a d a n
зайтун	z a j t u n
зайтунӣ	z a j t u n i
закар	z a k a r
Закариё	z a k a r i j o
закот	z a k o t
заминҷунбӣ	z a m i n d͡ʒ u n b i
заминшинос	z a m i n ʃ i n o s
заминшиносӣ	z a m i n ʃ i n o s i
замистон	z a m i s t o n
замона	z a m o n a
замонавӣ	z a m o n a v i
зан	z a n
зан	z a n n
зан	z a n
зан	z a n n
занбӯр	z a n b ɵ r
занбӯрак	z a n b ɵ r a k
занонагӣ	z a n o n a ɡ i
Занҷон	z a n d͡ʒ o n
зар	z a r
зард	z a r d
Зардушт	z a r d u ʃ t
заррофа	z a r r o f a
Зартушт	z a r t u ʃ t
зарф	z a r f
зафар	z a f a r
Зафаробод	z a f a r o b o d
Зафаробод	z a f a r a b o d
заҳр	z a h r
заҳршинос	z a h r ʃ i n o s
заҳршиносӣ	z a h r ʃ i n o s i
заъфарон	z a ʔ f a r o n
зебо	z e b o
зебогӣ	z e b o ɡ i
зебоӣ	z e b o j i
Зевс	z e v s
зеро	z e r o
зеҳн	z e h n
зиддиҷангӣ	z i d d i d͡ʒ a n ɡ i
зиё	z i j o
Зиё	z i j o
зилзила	z i l z i l a
зилзилашинос	z i l z i l a ʃ i n o s
зилзилашиносӣ	z i l z i l a ʃ i n o s i
зинат	z i n a t
зинда	z i n d a
зиндагӣ	z i n d a ɡ i
зиндагонӣ	z i n d a ɡ o n i
зиндон	z i n d o n
зирбак	z i r b a k
зиреба	z i r e b a
зистан	z i s t a n
зистшиносӣ	z i s t ʃ i n o s i
зо	z o
Зобул	z o b u l
зол	z o l
зонг	z o n ɡ
зонк	z o n k
зону	z o n u
Зоҳидон	z o h i d o n
Зулкифл	z u l k i f l
зулқаъда	z u l q a ʔ d a
зулҳиҷҷа	z u l h i d͡ʒ d͡ʒ a
зунк	z u n k
Иблис	i b l i s
ибозӣ	i b o z i
Иброҳим	i b r o h i m
ибтидо	i b t i d o
Идлиб	i d l i b
идора	i d o r a
Идрис	i d r i s
идрор	i d r o r
иёлат	i j o l a t
иёлот	i j o l o t
Измир	i z m i r
изн	i z n
изофа	i z o f a
изофат	i z o f a t
иксир	i k s i r
иқлимшинос	i q l i m ʃ i n o s
иқлимшиносӣ	i q l i m ʃ i n o s i
иқома	i q o m a
иқтибос	i q t i b o s
иқтибосӣ	i q t i b o s i
иқтисод	i q t i s o d
иқтисоддон	i q t i s o d d o n
иқтисодӣ	i q t i s o d i
иқтисодчӣ	i q t i s o d t͡ʃ i
Илёс	i l j o s
илм	i l m
илмӣ	i l m i
илтимос	i l t i m o s
Имомалӣ	i m o m a l i
иморат	i m o r a t
императорзан	i m p e r a t o r z a n
имрӯз	i m r ɵ z
имтиҳон	i m t i h o n
имшаб	i m ʃ a b
ин	i n
Инглистон	i n ɡ l i s t o n
Индонезия	i n d o n e z i j a
инқилоб	i n q i l o b
инсон	i n s o n
инсоншиносӣ	i n s o n ʃ i n o s i
инсоф	i n s o f
институт	i n s t i t u t
интервю	i n t e r v j u
интернет	i n t e r n e t
интернетӣ	i n t e r n e t i
интифоза	i n t i f o z a
интиҳо	i n t i h o
Инҷил	i n d͡ʒ i l
инҷо	i n d͡ʒ o
иншоаллоҳ	i n ʃ o a l l o h
инъом	i n ʔ o m
Ирландия	i r l a n d i j a
Ироқ	i r o q
Ирон	i r o n
Искандария	i s k a n d a r i j a
Исландия	i s l a n d i j a
Ислом	i s l o m
ислом	i s l o m
исломӣ	i s l o m i
Исломобод	i s l o m o b o d
исм	i s m
Исмоил	i s m o j i l
Исмоилия	i s m o j i l i j a
Исо	i s o
Испания	i s p a n i j a
Испониё	i s p o n i j o
Исроил	i s r o j i l
истанса	i s t a n s a
истиқлол	i s t i q l o l
Истиқлол	i s t i q l o l
истиқомат	i s t i q o m a t
истиқоматӣ	i s t i q o m a t i
истиқоматкунанда	i s t i q o m a t k u n a n d a
истилоҳ	i s t i l o h
истифода	i s t i f o d a
исфанд	i s f a n d
Исфара	i s f a r a
Исҳоқ	i s h o q
Италия	i t a l i j a
Итолиё	i t o l i j o
иттифоқ	i t t i f o q
иттиҳод	i t t i h o d
ифтитоҳ	i f t i t o h
ифтор	i f t o r
ихтиёр	i x t i j o r
ихшид	i x ʃ i d
иҷтимоӣ	i d͡ʒ t i m o j i
Ишкошим	i ʃ k o ʃ i m
ишқ	i ʃ q
Ишқобод	i ʃ q o b o d
ишора	i ʃ o r a
иштибоҳ	i ʃ t i b o h
иштирок	i ʃ t i r o k
иштирокчӣ	i ʃ t i r o k t͡ʃ i
ӣ	i
Йағноб	j a ɣ n o b
кабел	k a b e l
кабоб	k a b o b
кабуд	k a b u d
кабӯтар	k a b ɵ t a r
кавкаб	k a v k a b
кай	k a j
кайк	k a j k
кайҳон	k a j h o n
кайҳоншиносӣ	k a j h o n ʃ i n o s i
калам	k a l a m
калид	k a l i d
калидӣ	k a l i d i
калима	k a l i m a
калисо	k a l i s o
Калкутта	k a l k u t t a
калон	k a l o n
калтакалос	k a l t a k a l o s
Камбоҷа	k a m b o d͡ʒ a
Камол	k a m o l
кана	k a n a
Канада	k a n a d a
канал	k a n a l
канализатсия	k a n a l i z a t s i j a
кандан	k a n d a n
Канъон	k a n ʔ o n
кар	k a r
карам	k a r a m
Карбало	k a r b a l o
каргас	k a r ɡ a s
кард	k a r d
карда	k a r d a
кардагӣ	k a r d a ɡ i
кардан	k a r d a n
карданӣ	k a r d a n i
Карим	k a r i m
каркадан	k a r k a d a n
карм	k a r m
карнай	k a r n a j
Карочӣ	k a r o t͡ʃ i
картошка	k a r t o ʃ k a
катӯшка	k a t ɵ ʃ k a
кафтар	k a f t a r
кафш	k a f ʃ
каҷ	k a d͡ʒ
каш	k a ʃ
кашидан	k a ʃ i d a n
Кашмир	k a ʃ m i r
Каъба	k a ʔ b a
кер	k e r
Киев	k i j e v
кимиё	k i m i j o
кимиёӣ	k i m i j o j i
кинотеатр	k i n a t i j a t r
Кипр	k i p r
кирилликӣ	k i r i l l i k i
кирм	k i r m
Кирмон	k i r m o n
Кирмоншоҳ	k i r m o n ʃ o h
кислота	k i s l o t a
китоб	k i t o b
китобам	k i t o b a m
китобамон	k i t o b a m o n
китобамонро	k i t o b a m o n r o
китобамро	k i t o b a m r o
китобат	k i t o b a t
китобатон	k i t o b a t o n
китобатонро	k i t o b a t o n r o
китобатро	k i t o b a t r o
китобаш	k i t o b a ʃ
китобашон	k i t o b a ʃ o n
китобашонро	k i t o b a ʃ o n r o
китобашро	k i t o b a ʃ r o
китобдор	k i t o b d o r
китобе	k i t o b e
китоберо	k i t o b e r o
китоби	k i t o b i
китобро	k i t o b r o
китобхона	k i t o b x o n a
китобхоначӣ	k i t o b x o n a t͡ʃ i
китобҳо	k i t o b h o
китобҳои	k i t o b h o j i
китобҳоро	k i t o b h o r o
китобҳоям	k i t o b h o j a m
китобҳоямон	k i t o b h o j a m o n
китобҳоямонро	k i t o b h o j a m o n r o
китобҳоямро	k i t o b h o j a m r o
китобҳоят	k i t o b h o j a t
китобҳоятон	k i t o b h o j a t o n
китобҳоятонро	k i t o b h o j a t o n r o
китобҳоятро	k i t o b h o j a t r o
китобҳояш	k i t o b h o j a ʃ
китобҳояшон	k i t o b h o j a ʃ o n
китобҳояшонро	k i t o b h o j a ʃ o n r o
китобҳояшро	k i t o b h o j a ʃ r o
китобча	k i t o b t͡ʃ a
китф	k i t f
кишвар	k i ʃ v a r
кишварҳо	k i ʃ v a r h o
кишмиш	k i ʃ m i ʃ
кишоварз	k i ʃ o v a r z
кишоварзӣ	k i ʃ o v a r z i
киштан	k i ʃ t a n
киштӣ	k i ʃ t i
кӣ	k i
клавиатура	k l a v i a t u r a
климат	k l i m a t
Кобул	k o b u l
коғаз	k o ɣ a z
коинот	k o j i n o t
коллеҷ	k o l l e d͡ʒ
комета	k o m e t a
комилан	k o m i l a n
комиссия	k o m i s s i j a
комиҷроия	k o m i d͡ʒ r o j i j a
коммунизм	k a m u n i z m
коммунист	k a m u n i s t
компютер	k o m p j u t e r
компютерӣ	k o m p j u t e r i
кондитсионер	k a n d i t s i a n e r
Конибодом	k o n i b o d o m
консерт	k o n s e r t
консерт	k a n s e r t
конститутсия	k o n s t i t u t s i j a
конфедератсия	k a n f e d e r a t s i j a
концерт	k a n t͡s e r t
концерт	k a n s e r t
коняк	k o n j a k
кор	k o r
корбар	k o r b a r
корбурд	k o r b u r d
корвон	k o r v o n
корвонсаро	k o r v o n s a r o
корез	k o r e z
Корея	k o r e j a
кореягӣ	k o r e j a ɡ i
коррупсия	k o r r u p s i j a
кортизол	k a r t i z o l
кофир	k o f i r
кофтан	k o f t a n
кроват	k r o v a t
Куба	k u b a
Кувета	k u v e t a
кудом	k u d o m
кулоҳ	k u l o h
кумак	k u m a k
кун	k u n
кунанда	k u n a n d a
кунд	k u n d
кунӣ	k u n i
кунӣ	k u n i
кунҷид	k u n d͡ʒ i d
курд	k u r d
Курдистон	k u r d i s t o n
курдӣ	k u r d i
Куриё	k u r i j o
куриёӣ	k u r i j o j i
кутуб	k u t u b
кутубам	k u t u b a m
кутубамон	k u t u b a m o n
кутубамонро	k u t u b a m o n r o
кутубамро	k u t u b a m r o
кутубат	k u t u b a t
кутубатон	k u t u b a t o n
кутубатонро	k u t u b a t o n r o
кутубатро	k u t u b a t r o
кутубаш	k u t u b a ʃ
кутубашон	k u t u b a ʃ o n
кутубашонро	k u t u b a ʃ o n r o
кутубашро	k u t u b a ʃ r o
кутуби	k u t u b i
кутубро	k u t u b r o
кучук	k u t͡ʃ u k
куҷо	k u d͡ʒ o
куш	k u ʃ
куштан	k u ʃ t a n
куштор	k u ʃ t o r
кушторгоҳ	k u ʃ t o r ɡ o h
кӯдак	k ɵ d a k
кӯдакистон	k ɵ d a k i s t o n
кӯл	k ɵ l
Кӯлоб	k ɵ l o b
кӯпол	k ɵ p o l
кӯр	k ɵ r
кӯрпа	k ɵ r p a
кӯса	k ɵ s a
кӯсамоҳӣ	k ɵ s a m o h i
кӯтоҳ	k ɵ t o h
кӯҳ	k ɵ h
кӯҳна	k ɵ h n a
кӯча	k ɵ t͡ʃ a
кӯшк	k ɵ ʃ k
қабр	q a b r
қабристон	q a b r i s t o n
қадим	q a d i m
қадимӣ	q a d i m i
Қазвин	q a z v i n
қазоқ	q a z o q
Қазоқистон	q a z o q i s t o n
қазоқӣ	q a z o q i
Қазон	q a z o n
қаиқ	q a j i q
қай	q a j
қаймоқ	q a j m o q
Қайравон	q a j r a v o n
қалам	q a l a m
қалб	q a l b
қалъа	q a l ʔ a
қалъаандудӣ	q a l ʔ a a n d u d i
қаравул	q a r a v u l
қаровул	q a r o v u l
Қаромон	q a r o m o n
қарор	q a r o r
қароргоҳ	q a r o r ɡ o h
Қаршӣ	q a r ʃ i
қасида	q a s i d a
қаср	q a s r
қассоб	q a s s o b
Қатар	q a t a r
қатӣ	q a t i
қатъиян	q a t ʔ i j a n
Қафқоз	q a f q o z
қаҳва	q a h v a
қаҳваранг	q a h v a r a n ɡ
қаҳвахона	q a h v a x o n a
қаҳрамон	q a h r a m o n
қаҳрамонӣ	q a h r a m o n i
қаҳромон	q a h r o m o n
Қашқадарё	q a ʃ q a d a r j o
Қибрис	q i b r i s
қибтӣ	q i b t i
қизиқ	q i z i q
қизилбош	q i z i l b o ʃ
қимор	q i m o r
қиморхона	q i m o r x o n a
қирғиз	q i r ɣ i z
Қирғизистон	q i r ɣ i z i s t o n
қирғизӣ	q i r ɣ i z i
қисм	q i s m
қисман	q i s m a n
қисмат	q i s m a t
қисса	q i s s a
қозӣ	q o z i
қоида	q o j i d a
қоиқ	q o j i q
қомус	q o m u s
қонун	q o n u n
қонунгузор	q o n u n ɡ u z o r
қонунгузорӣ	q o n u n ɡ u z o r i
қонунӣ	q o n u n i
Қосим	q o s i m
Қоҳира	q o h i r a
қочоқчӣ	q o t͡ʃ o q t͡ʃ i
қошуқ	q o ʃ u q
қу	q u
Қубодиён	q u b o d i j o n
Қувайт	q u v a j t
қудрат	q u d r a t
Қудс	q u d s
Қум	q u m
Қуния	q u n i j a
қурбоқа	q u r b o q a
Қуртуба	q u r t u b a
қурутоб	q u r u t o b
Қуръон	q u r ʔ o n
Қустантиния	q u s t a n t i n i j a
қутб	q u t b
Қӯқанд	q ɵ q a n d
Қӯқон	q ɵ q o n
лаб	l a b
лайк	l a j k
лампочка	l a m p o t͡ʃ k a
лангар	l a n ɡ a r
Ланкарон	l a n k a r o n
Лаос	l a o s
ларзидан	l a r z i d a n
Латвия	l a t v i j a
Лаҳистон	l a h i s t o n
лаҳҷа	l a h d͡ʒ a
лашкар	l a ʃ k a r
лаънат	l a ʔ n a t
Леваканд	l e v a k a n d
либос	l i b o s
ливондар	l i v o n d a r
лимӯ	l i m ɵ
линг	l i n ɡ
Литва	l i t v a
литсей	l i t s e j
Лихтенштейн	l i x t e n ʃ t e j n
лицей	l i t͡s e j
Лозиқия	l o z i q i j a
лола	l o l a
Лола	l o l a
Лоҳур	l o h u r
Лубнон	l u b n o n
луғат	l u ɣ a t
луғатнома	l u ɣ a t n o m a
Луқмон	l u q m o n
Лусайл	l u s a j l
Лут	l u t
лутфан	l u t f a n
лухтак	l u x t a k
лӯлӣ	l ɵ l i
лӯхтак	l ɵ x t a k
мавз	m a v z
мавзӯъ	m a v z ɵ ʔ
мавло	m a v l o
мавсим	m a v s i m
магазин	m a ɡ a z i n
магазинчӣ	m a ɡ a z i n t͡ʃ i
мағз	m a ɣ z
мағоза	m a ɣ o z a
мадад	m a d a d
Мадина	m a d i n a
мадраса	m a d r a s a
мазза	m a z z a
мазор	m a z o r
мазҳаб	m a z h a b
май	m a j
майдон	m a j d o n
маймун	m a j m u n
майор	m a j o r
макидан	m a k i d a n
макияж	m a k i j a ʒ
Макка	m a k k a
макон	m a k o n
мактаб	m a k t a b
мактабӣ	m a k t a b i
мактуб	m a k t u b
Мақдуния	m a q d u n i j a
мақдунӣ	m a q d u n i
малак	m a l a k
малах	m a l a x
Малдив	m a l d i v
малика	m a l i k a
Малта	m a l t a
мамлакат	m a m l a k a t
мамнун	m a m n u n
ман	m a n
Манома	m a n o m a
манту	m a n t u
манҷаниқ	m a n d͡ʒ a n i q
Марв	m a r v
марворид	m a r v o r i d
марг	m a r ɡ
мардона	m a r d o n a
мардум	m a r d u m
мардумшиносӣ	m a r d u m ʃ i n o s i
марз	m a r z
марзбон	m a r z b o n
марказ	m a r k a z
марказӣ	m a r k a z i
Марокаш	m a r o k a ʃ
маротиба	m a r o t i b a
март	m a r t
мартаба	m a r t a b a
маршрутка	m a r ʃ r u t k a
Марям	m a r j a m
масалан	m a s a l a n
Масеҳ	m a s e h
масеҳият	m a s e h i j a t
масеҳӣ	m a s e h i
маска	m a s k a
Маскав	m a s k a v
Масқат	m a s q a t
масҷид	m a s d͡ʒ i d
математика	m a t e m a t i k a
матн	m a t n
мафҳум	m a f h u m
махсус	m a x s u s
маҳал	m a h a l
Маҳдӣ	m a h d i
маҳкама	m a h k a m a
Маҳмуд	m a h m u d
маҳтоб	m a h t o b
мачит	m a t͡ʃ i t
маҷалла	m a d͡ʒ a l l a
маҷоат	m a d͡ʒ o a t
маҷор	m a d͡ʒ o r
Маҷористон	m a d͡ʒ o r i s t o n
маҷорӣ	m a d͡ʒ o r i
маҷруҳ	m a d͡ʒ r u h
маҷрӯҳ	m a d͡ʒ r ɵ h
машҳур	m a ʃ h u r
маъқул	m a ʔ q u l
маънӣ	m a ʔ n i
маъно	m a ʔ n o
маърифат	m a ʔ r i f a t
маърифатшиносӣ	m a ʔ r i f a t ʃ i n o s i
МД	m e d e
мева	m e v a
меғ	m e ɣ
медорад	m e d o r a d
медорам	m e d o r a m
медоранд	m e d o r a n d
медоред	m e d o r e d
медорем	m e d o r e m
медорӣ	m e d o r i
медошт	m e d o ʃ t
медоштаам	m e d o ʃ t a a m
медоштаанд	m e d o ʃ t a a n d
медоштааст	m e d o ʃ t a a s t
медоштагист	m e d o ʃ t a ɡ i s t
медоштагистам	m e d o ʃ t a ɡ i s t a m
медоштагистанд	m e d o ʃ t a ɡ i s t a n d
медоштагистед	m e d o ʃ t a ɡ i s t e d
медоштагистем	m e d o ʃ t a ɡ i s t e m
медоштагистӣ	m e d o ʃ t a ɡ i s t i
медоштагӣ	m e d o ʃ t a ɡ i
медоштаед	m e d o ʃ t a j e d
медоштаем	m e d o ʃ t a j e m
медоштаӣ	m e d o ʃ t a j i
медоштам	m e d o ʃ t a m
медоштанд	m e d o ʃ t a n d
медоштед	m e d o ʃ t e d
медоштем	m e d o ʃ t e m
медоштӣ	m e d o ʃ t i
мез	m e z
мезак	m e z a k
мекардагӣ	m e k a r d a ɡ i
меню	m e n j u
мерафтагӣ	m e r a f t a ɡ i
мессенҷер	m e s s e n d͡ʒ e r
мех	m e x
меҳ	m e h
меҳан	m e h a n
меҳмон	m e h m o n
меҳмонхона	m e h m o n x o n a
меҳр	m e h r
меҳрубон	m e h r u b o n
мешинад	m e ʃ i n a d
мешинам	m e ʃ i n a m
мешинанд	m e ʃ i n a n d
мешинед	m e ʃ i n e d
мешинем	m e ʃ i n e m
мешинӣ	m e ʃ i n i
мешишт	m e ʃ i ʃ t
мешиштагӣ	m e ʃ i ʃ t a ɡ i
мешиштам	m e ʃ i ʃ t a m
мешиштанд	m e ʃ i ʃ t a n d
мешиштед	m e ʃ i ʃ t e d
мешиштем	m e ʃ i ʃ t e m
мешиштӣ	m e ʃ i ʃ t i
миёна	m i j o n a
миз	m i z
Микоил	m i k o j i l
микроавтобус	m i k r o a v t o b u s
милён	m i l j o n
милиса	m i l i s a
милисахона	m i l i s a x o n a
милитсионер	m i l i t s i o n e r
милитсия	m i l i t s i j a
миллат	m i l l a t
миллият	m i l l i j a t
миллӣ	m i l l i
мина	m i n a
минг	m i n ɡ
миншор	m i n ʃ o r
мис	m i s
Миср	m i s r
мо	m o
мода	m o d a
модар	m o d a r
модарам	m o d a r a m
модарамон	m o d a r a m o n
модарамонро	m o d a r a m o n r o
модарамро	m o d a r a m r o
модарат	m o d a r a t
модаратон	m o d a r a t o n
модаратонро	m o d a r a t o n r o
модаратро	m o d a r a t r o
модараш	m o d a r a ʃ
модарашон	m o d a r a ʃ o n
модарашонро	m o d a r a ʃ o n r o
модарашро	m o d a r a ʃ r o
модаре	m o d a r e
модаред	m o d a r e d
модарем	m o d a r e m
модареро	m o d a r e r o
модари	m o d a r i
модарӣ	m o d a r i
модарон	m o d a r o n
модарона	m o d a r o n a
модаронам	m o d a r o n a m
модаронамон	m o d a r o n a m o n
модаронамонро	m o d a r o n a m o n r o
модаронамро	m o d a r o n a m r o
модаронат	m o d a r o n a t
модаронатон	m o d a r o n a t o n
модаронатонро	m o d a r o n a t o n r o
модаронатро	m o d a r o n a t r o
модаронаш	m o d a r o n a ʃ
модаронашон	m o d a r o n a ʃ o n
модаронашонро	m o d a r o n a ʃ o n r o
модаронашро	m o d a r o n a ʃ r o
модарони	m o d a r o n i
модаронро	m o d a r o n r o
модарро	m o d a r r o
модарҳо	m o d a r h o
модарҳои	m o d a r h o j i
модарҳоро	m o d a r h o r o
модарҳоям	m o d a r h o j a m
модарҳоямон	m o d a r h o j a m o n
модарҳоямонро	m o d a r h o j a m o n r o
модарҳоямро	m o d a r h o j a m r o
модарҳоят	m o d a r h o j a t
модарҳоятон	m o d a r h o j a t o n
модарҳоятонро	m o d a r h o j a t o n r o
модарҳоятро	m o d a r h o j a t r o
модарҳояш	m o d a r h o j a ʃ
модарҳояшон	m o d a r h o j a ʃ o n
модарҳояшонро	m o d a r h o j a ʃ o n r o
модарҳояшро	m o d a r h o j a ʃ r o
моён	m o j o n
Молдив	m o l d i v
молидан	m o l i d a n
мондан	m o n d a n
мор	m o r
мормоҳӣ	m o r m o h i
морхор	m o r x o r
морхӯр	m o r x ɵ r
Москва	m a s k v a
мост	m o s t
мотосикл	m o t o s i k l
мототсикл	m o t o t s i k l
моҳ	m o h
моҳишинос	m o h i ʃ i n o s
моҳишиносӣ	m o h i ʃ i n o s i
моҳӣ	m o h i
моҳо	m o h o
моҷаро	m o d͡ʒ a r o
моҷароҷӯ	m o d͡ʒ a r o d͡ʒ ɵ
моҷароҷӯён	m o d͡ʒ a r o d͡ʒ ɵ j o n
моҷароҷӯй	m o d͡ʒ a r o d͡ʒ ɵ j
моҷароҷӯйҳо	m o d͡ʒ a r o d͡ʒ ɵ j h o
мошин	m o ʃ i n
мошина	m o ʃ i n a
мошоаллоҳ	m o ʃ o a l l o h
Муаззам	m u a z z a m
муаззин	m u a z z i n
муаллим	m u ʔ a l l i m
муассиса	m u a s s i s a
муваффақият	m u v a f f a q i j a t
муғул	m u ɣ u l
Муғулистон	m u ɣ u l i s t o n
муғулӣ	m u ɣ u l i
муд	m u d
мудом	m u d o m
мужда	m u ʒ d a
музаффар	m u z a f f a r
Музаффаробод	m u z a f f a r o b o d
музей	m u z e j
музика	m u z i k a
мукааб	m u k a a b
мукофот	m u k o f o t
муқаддамотӣ	m u q a d d a m o t i
муқобил	m u q o b i l
мулло	m u l l o
мулоқот	m u l o q o t
Мултон	m u l t o n
мултфилм	m u l t f i l m
мум	m u m
Мумбай	m u m b a j
мумкин	m u m k i n
Муниса	m u n i s a
муносибат	m u n o s i b a t
мунтахаб	m u n t a x a b
муодила	m u o d i l a
мурғ	m u r ɣ
Мурғоб	m u r ɣ o b
мурғобӣ	m u r ɣ o b i
мурдан	m u r d a n
мурдод	m u r d o d
мурӯд	m u r ɵ d
мусиқа	m u s i q a
мусиқидон	m u s i q i d o n
мусиқишиносӣ	m u s i q i ʃ i n o s i
мусиқӣ	m u s i q i
Мусо	m u s o
мусофир	m u s o f i r
мустақил	m u s t a q i l
Мустафо	m u s t a f o
мусулмонӣ	m u s u l m o n i
мутафаккир	m u t a f a k k i r
мутлақ	m u t l a q
мутлақият	m u t l a q i j a t
мутлақиятхоҳ	m u t l a q i j a t x o h
мутлақо	m u t l a q o
муттаҳид	m u t t a h i d
муттаҳида	m u t t a h i d a
муфтӣ	m u f t i
мухлис	m u x l i s
Муҳаммад	m u h a m m a d
муҳандис	m u h a n d i s
муҳаррам	m u h a r r a m
муҳориба	m u h o r i b a
муҳосиб	m u h o s i b
муҳоҷарат	m u h o d͡ʒ a r a t
муҳоҷир	m u h o d͡ʒ i r
муҳоҷират	m u h o d͡ʒ i r a t
муҷоҳид	m u d͡ʒ o h i d
муш	m u ʃ
мӯ	m ɵ
мӯй	m ɵ j
мӯрча	m ɵ r t͡ʃ a
Мӯсо	m ɵ s o
Мянма	m j a n m a
на	n a
набӣ	n a b i
набот	n a b o t
наботот	n a b o t o t
навад	n a v a d
нависанда	n a v i s a n d a
навишта	n a v i ʃ t a
навиштан	n a v i ʃ t a n
навохтан	n a v o x t a n
Наврӯз	n a v r ɵ z
наврӯз	n a v r ɵ z
нағз	n a ɣ z
наздик	n a z d i k
нақлиёт	n a q l i j o t
намак	n a m a k
Намангон	n a m a n ɡ o n
намедонам	n a m e d o n a m
намоз	n a m o z
намозхон	n a m o z x o n
нана	n a n a
Нангарҳор	n a n ɡ a r h o r
нанотехнология	n a n o t e x n o l o ɡ i j a
наргис	n a r ɡ i s
Наргис	n a r ɡ i s
нарм	n a r m
нармафзор	n a r m a f z o r
насаб	n a s a b
насл	n a s l
наср	n a s r
насронӣ	n a s r o n i
натн	n a t n
натрий	n a t r i j
нафар	n a f a r
нафас	n a f a s
нафъ	n a f ʔ
нахуствазир	n a x u s t v a z i r
Нахҷувон	n a x d͡ʒ u v o n
наҳр	n a h r
наҷм	n a d͡ʒ m
нашъаҷаллоб	n a ʃ ʔ a d͡ʒ a l l o b
нашъаҷаллобӣ	n a ʃ ʔ a d͡ʒ a l l o b i
не	n e
нейрохирургия	n e j r o x i r u r ɡ i j a
нек	n e k
немис	n e m i s
немисӣ	n e m i s i
Непал	n e p a l
нерӯ	n e r ɵ
нигоҳ	n i ɡ o h
Нидерланд	n i d e r l a n d
ниё	n i j o
Нил	n i l
нил	n i l
нилгун	n i l ɡ u n
нилуфар	n i l u f a r
Нилуфар	n i l u f a r
ним	n i m
нимҷазира	n i m d͡ʒ a z i r a
ниҳоят	n i h o j a t
нишастан	n i ʃ a s t a n
нишон	n i ʃ o n
нишона	n i ʃ o n a
нишонӣ	n i ʃ o n i
нодуруст	n o d u r u s t
нодурустиҳо	n o d u r u s t i h o
нодурустӣ	n o d u r u s t i
нодурусттар	n o d u r u s t t a r
нодурусттарин	n o d u r u s t t a r i n
нол	n o l
ном	n o m
нома	n o m a
номаълум	n o m a ʔ l u m
номзад	n o m z a d
нон	n o n
Норак	n o r a k
норанҷ	n o r a n d͡ʒ
норанҷӣ	n o r a n d͡ʒ i
Норвегия	n o r v e ɡ i j a
Носир	n o s i r
ноф	n o f
нохун	n o x u n
ноҳия	n o h i j a
ношто	n o ʃ t o
ноябр	n o j a b r
нуздаҳ	n u z d a h
нуқта	n u q t a
нур	n u r
Нурвеж	n u r v e ʒ
Нуристон	n u r i s t o n
Нуробод	n u r o b o d
Нуроӣ	n u r o j i
Нурсултон	n u r s u l t o n
нуҳ	n u h
нуҳум	n u h u m
нуҷум	n u d͡ʒ u m
Нӯҳ	n ɵ h
нӯшидан	n ɵ ʃ i d a n
НФС	n e f e s e
об	o b
обам	o b a m
обамон	o b a m o n
обамонро	o b a m o n r o
обамро	o b a m r o
обат	o b a t
обатон	o b a t o n
обатонро	o b a t o n r o
обатро	o b a t r o
обаш	o b a ʃ
обашон	o b a ʃ o n
обашонро	o b a ʃ o n r o
обашро	o b a ʃ r o
обе	o b e
оберо	o b e r o
оби	o b i
обид	o b i d
обидам	o b i d a m
обидамон	o b i d a m o n
обидамонро	o b i d a m o n r o
обидамро	o b i d a m r o
обиданд	o b i d a n d
обидат	o b i d a t
обидатон	o b i d a t o n
обидатонро	o b i d a t o n r o
обидатро	o b i d a t r o
обидаш	o b i d a ʃ
обидашон	o b i d a ʃ o n
обидашонро	o b i d a ʃ o n r o
обидашро	o b i d a ʃ r o
обиде	o b i d e
обидед	o b i d e d
обидем	o b i d e m
обидеро	o b i d e r o
обидӣ	o b i d i
обидон	o b i d o n
обидонам	o b i d o n a m
обидонамон	o b i d o n a m o n
обидонамонро	o b i d o n a m o n r o
обидонамро	o b i d o n a m r o
обидонат	o b i d o n a t
обидонатон	o b i d o n a t o n
обидонатонро	o b i d o n a t o n r o
обидонатро	o b i d o n a t r o
обидонаш	o b i d o n a ʃ
обидонашон	o b i d o n a ʃ o n
обидонашонро	o b i d o n a ʃ o n r o
обидонашро	o b i d o n a ʃ r o
обидони	o b i d o n i
обидонро	o b i d o n r o
обидро	o b i d r o
обидтар	o b i d t a r
обидтарин	o b i d t a r i n
обидҳо	o b i d h o
обидҳои	o b i d h o j i
обидҳоям	o b i d h o j a m
обидҳоямон	o b i d h o j a m o n
обидҳоямонро	o b i d h o j a m o n r o
обидҳоямро	o b i d h o j a m r o
обидҳоят	o b i d h o j a t
обидҳоятон	o b i d h o j a t o n
обидҳоятонро	o b i d h o j a t o n r o
обидҳоятро	o b i d h o j a t r o
обидҳояш	o b i d h o j a ʃ
обидҳояшон	o b i d h o j a ʃ o n
обидҳояшонро	o b i d h o j a ʃ o n r o
обидҳояшро	o b i d h o j a ʃ r o
обистанӣ	o b i s t a n i
обӣ	o b i
обон	o b o n
обро	o b r o
обҳо	o b h o
обҳое	o b h o j e
обҳои	o b h o j i
обҳоро	o b h o r o
обҳоям	o b h o j a m
обҳоямон	o b h o j a m o n
обҳоямонро	o b h o j a m o n r o
обҳоямро	o b h o j a m r o
обҳоят	o b h o j a t
обҳоятон	o b h o j a t o n
обҳоятонро	o b h o j a t o n r o
обҳоятро	o b h o j a t r o
обҳояш	o b h o j a ʃ
обҳояшон	o b h o j a ʃ o n
обҳояшонро	o b h o j a ʃ o n r o
обҳояшро	o b h o j a ʃ r o
обшор	o b ʃ o r
объект	a b j e k t
овардан	o v a r d a n
оғил	o ɣ i l
оғоз	o ɣ o z
одам	o d a m
Одам	o d a m
одамкуш	o d a m k u ʃ
одат	o d a t
одоб	o d o b
озар	o z a r
Озарбойҷон	o z a r b o j d͡ʒ o n
озарбойҷонӣ	o z a r b o j d͡ʒ o n i
озмоиш	o z m o j i ʃ
озмоишгоҳ	o z m o j i ʃ ɡ o h
озмудан	o z m u d a n
озмун	o z m u n
озод	o z o d
озодӣ	o z o d i
оила	o j i l a
оин	o j i n
оина	o j i n a
Оиша	o j i ʃ a
ойти	o j t i
октябр	o k t j a b r
оқибат	o q i b a t
олам	o l a m
оламайн	o l a m a j n
олим	o l i m
Олмон	o l m o n
омад	o m a d
омадан	o m a d a n
омин	o m i n
омин	o m i n
омосидан	o m o s i d a n
Омрико	o m r i k o
Ому	o m u
Омударё	o m u d a r j o
он	o n
онон	o n o n
онҳо	o n h o
онҷо	o n d͡ʒ o
организм	o r ɡ a n i z m
орд	o r d
оре	o r e
орзу	o r z u
оринҷ	o r i n d͡ʒ
Ориф	o r i f
ороиш	o r o j i ʃ
ором	o r o m
оростан	o r o s t a n
орфография	a r f a ɡ r á f i j a
орфоэпия	a r f a ʔ e p i j a
осеб	o s e b
осебшинос	o s e b ʃ i n o s
Осиё	o s i j o
осмонгун	o s m o n ɡ u n
осмонранг	o s m o n r a n ɡ
осон	o s o n
Остона	o s t o n a
оташ	o t a ʃ
оташбас	o t a ʃ b a s
оташкада	o t a ʃ k a d a
офариниш	o f a r i n i ʃ
Офриқо	o f r i q o
офтоб	o f t o b
офтобпараст	o f t o b p a r a s t
охир	o x i r
охират	o x i r a t
охирин	o x i r i n
охунд	o x u n d
Оҳайо	o h a j o
оҳангар	o h a n ɡ a r
оҳиста	o h i s t a
оҳу	o h u
оҷ	o d͡ʒ
ош	o ʃ
ошиқ	o ʃ i q
ошпаз	o ʃ p a z
ошпазӣ	o ʃ p a z i
ошпазхона	o ʃ p a z x o n a
Ошуро	o ʃ u r o
ошхона	o ʃ x o n a
оя	o j a
оятуллоҳ	o j a t u l l o h
падарандар	p a d a r a n d a r
падарбузург	p a d a r b u z u r ɡ
падарона	p a d a r o n a
паёмрасон	p a j o m r a s o n
пазируфтан	p a z i r u f t a n
пайғамбар	p a j ɣ a m b a r
пайғом	p a j ɣ o m
паймудан	p a j m u d a n
пайса	p a j s a
Пактиё	p a k t i j o
Пактико	p a k t i k o
палав	p a l a v
панир	p a n i r
панҷ	p a n d͡ʒ
Панҷакент	p a n d͡ʒ a k e n t
Панҷоб	p a n d͡ʒ o b
панҷобӣ	p a n d͡ʒ o b i
панҷум	p a n d͡ʒ u m
панҷшанбе	p a n d͡ʒ ʃ a n b e
Панҷшер	p a n d͡ʒ ʃ e r
пар	p a r
паранда	p a r a n d a
парандашинос	p a r a n d a ʃ i n o s
парандашиносӣ	p a r a n d a ʃ i n o s i
парастидан	p a r a s t i d a n
парви	p a r v i
парвӣ	p a r v i
парво	p a r v o
Парвон	p a r v o n
пардохт	p a r d o x t
пардохтан	p a r d o x t a n
паридан	p a r i d a n
парламент	p a r l a m e n t
парлумон	p a r l u m o n
парранда	p a r r a n d a
партия	p a r t i j a
партиявият	p a r t i j a v i j a t
партофтан	p a r t o f t a n
парчам	p a r t͡ʃ a m
парԝардигор	p a r w a r d i ɡ o r
пасванд	p a s v a n d
паспорт	p a s p o r t
паҳпод	p a h p o d
пашту	p a ʃ t u
паштун	p a ʃ t u n
пел	p e l
Персеполис	p e r s e p o l i s
пеш	p e ʃ
пешванд	p e ʃ v a n d
пешин	p e ʃ i n
пешин	p e ʃ i n
пешӣн	p e ʃ i n
пешоб	p e ʃ o b
Пешовар	p e ʃ o v a r
пешхидмат	p e ʃ x i d m a t
пиёз	p i j o z
пил	p i l
пир	p i r
пиришиносӣ	p i r i ʃ i n o s i
пирӯза	p i r ɵ z a
писар	p i s a r
писарак	p i s a r a k
питзо	p i t z o
питса	p i t s a
пиҳ	p i h
пицца	p i t t͡s a
пиш	p i ʃ
пишак	p i ʃ a k
пишак	p i ʃ a k
пишин	p i ʃ i n
пишӣн	p i ʃ i n
пияндар	p i j a n d a r
по	p o
поға	p o ɣ a
подшоҳ	p o d ʃ o h
подшоҳӣ	p o d ʃ o h i
поезд	p o j e z d
поиз	p o j i z
поизӣ	p o j i z i
пой	p o j
пойтахт	p o j t a x t
пок	p o k
покиза	p o k i z a
Покистон	p o k i s t o n
полис	p o l i s
политсия	p a l i t s i j a
Полша	p o l ʃ a
помидор	p a m i d o r
Помир	p o m i r
помирӣ	p o m i r i
понздаҳ	p o n z d a h
порлумон	p o r l u m o n
порс	p o r s
Порс	p o r s
порсӣ	p o r s i
Португалия	p o r t u ɡ a l i j a
Посоргод	p o s o r ɡ o d
посух	p o s u x
почта	p o t͡ʃ t a
принтер	p r i n t e r
провайдер	p r o v a j d e r
прокуратура	p r a k u r a t u r a
прокурор	p r a k u r o r
прокурор	p r a k r o r
пролетар	p r o l e t a r
пролетар	p r a l e t a r
пролетариат	p r o l e t a r i a t
пролетариат	p r a l i t a r i a t
профессор	p r a f e s s a r
пулис	p u l i s
пур	p u r
пур	p u r
пурсидан	p u r s i d a n
пурсиш	p u r s i ʃ
пухтан	p u x t a n
пушт	p u ʃ t
пушти	p u ʃ t i
пӯёнамо	p ɵ j o n a m o
пӯёнамоӣ	p ɵ j o n a m o j i
пӯк	p ɵ k
пӯлод	p ɵ l o d
пӯсида	p ɵ s i d a
пӯст	p ɵ s t
пӯстшиносӣ	p ɵ s t ʃ i n o s i
пӯш	p ɵ ʃ
пӯшидан	p ɵ ʃ i d a n
пӯшок	p ɵ ʃ o k
пшак	p ʃ a k
рабеулаввал	r a b e u l a v v a l
рабеулохир	r a b e ʔ u l o x i r
рабеуссонӣ	r a b e u s s o n i
рав	r a v
раванда	r a v a n d a
равон	r a v o n
равоншиносӣ	r a v o n ʃ i n o s i
радио	r a d i o
раёсат	r a j o s a t
раис	r a j i s
раисиҷумҳур	r a j i s i d͡ʒ u m h u r
раисҷумҳур	r a j i s d͡ʒ u m h u r
Рай	r a j
район	r a j o n
райҳон	r a j h o n
рақам	r a q a m
Раққа	r a q q a
рамазон	r a m a z o n
ранг	r a n ɡ
расм	r a s m
расмӣ	r a s m i
расона	r a s o n a
растан	r a s t a n
расул	r a s u l
Рафаҳ	r a f a h
рафиқ	r a f i q
рафт	r a f t
рафта	r a f t a
рафтагӣ	r a f t a ɡ i
рафтам	r a f t a m
рафтан	r a f t a n
рафтанд	r a f t a n d
рафтанӣ	r a f t a n i
рафтед	r a f t e d
рафтем	r a f t e m
рафтӣ	r a f t i
раҳбар	r a h b a r
раҳкиро	r a h k i r o
раҳмат	r a h m a t
Раҳмон	r a h m o n
раҳпулӣ	r a h p u l i
раҷаб	r a d͡ʒ a b
Раҷоӣ	r a d͡ʒ o j i
рег	r e ɡ
резбин	r e z b i n
резондан	r e z o n d a n
республика	r e s p u b l i k a
ресторан	r e s t a r a n
рехтан	r e x t a n
реша	r e ʃ a
решашиносӣ	r e ʃ a ʃ i n o s i
рибофлавин	r i b o f l a v i n
риё	r i j o
Риёз	r i j o z
риёзиёт	r i j o z i j o t
Ризо	r i z o
Ризоӣ	r i z o j i
Рим	r i m
риск	r i s k
риш	r i ʃ
ришва	r i ʃ v a
ро	r o
роёна	r o j o n a
роз	r o z
розӣ	r o z i
Розӣ	r o z i
роман	r o m a n
Ромуллоҳ	r o m u l l o h
рон	r o n
ронҳо	r o n h o
Россия	r a s i j a
Россия	r o s s i j a
росу	r o s u
роҳ	r o h
роҳатулҳулқум	r o h a t u l h u l q u m
роҳиб	r o h i b
роҳкиро	r o h k i r o
роҳпулӣ	r o h p u l i
рубл	r u b l
Рум	r u m
Руминия	r u m i n i j a
рус	r u s
Русия	r u s i j a
русӣ	r u s i
Рустам	r u s t a m
русто	r u s t o
рутаб	r u t a b
рутба	r u t b a
рутубат	r u t u b a t
рӯ	r ɵ
рӯбоҳ	r ɵ b o h
рӯд	r ɵ d
рӯда	r ɵ d a
Рӯдакӣ	r ɵ d a k i
рӯдхона	r ɵ d x o n a
рӯз	r ɵ z
рӯза	r ɵ z a
рӯзноманигорӣ	r ɵ z n o m a n i ɡ o r i
рӯзона	r ɵ z o n a
рӯихат	r ɵ j i x a t
рӯй	r ɵ j
рӯйхат	r ɵ j x a t
Рӯм	r ɵ m
рӯсбӣ	r ɵ s b i
рӯспӣ	r ɵ s p i
рӯфтан	r ɵ f t a n
Рӯшон	r ɵ ʃ o n
рӯъё	r ɵ ʔ j o
рӯъят	r ɵ ʔ j a t
сабаб	s a b a b
сабз	s a b z
сабза	s a b z a
сабзавот	s a b z a v o t
сабзӣ	s a b z i
сабр	s a b r
савдо	s a v d o
савол	s a v o l
савоҳилӣ	s a v o h i l i
саг	s a ɡ
сад	s a d
садо	s a d o
саид	s a j i d
Саид	s a j i d
сайёра	s a j j o r a
Сайид	s a j j i d
сайид	s a j j i d
сайл	s a j l
салом	s a l o m
салтанат	s a l t a n a t
Салҷуқ	s a l d͡ʒ u q
салҷуқӣ	s a l d͡ʒ u q i
Самарқанд	s a m a r q a n d
Самир	s a m i r
самолёт	s a m a l j o t
самъ	s a m ʔ
Санандаҷ	s a n a n d a d͡ʒ
санг	s a n ɡ
сангин	s a n ɡ i n
сандалӣ	s a n d a l i
саноъат	s a n o ʔ a t
санъат	s a n ʔ a t
Санъо	s a n ʔ o
сар	s a r
сарвазир	s a r v a z i r
сард	s a r d
сардхона	s a r d x o n a
сарқонун	s a r q o n u n
сарнавишт	s a r n a v i ʃ t
сарошпаз	s a r o ʃ p a z
сартарош	s a r t a r o ʃ
сарҳад	s a r h a d d
сарҳадбон	s a r h a d b o n
Сарҳадобод	s a r h a d o b o d
сарҳадчӣ	s a r h a d t͡ʃ i
саршавӣ	s a r ʃ a v i
сатил	s a t i l
сатл	s a t l
сафар	s a f a r
сафарнома	s a f a r n o m a
сафед	s a f e d
сафедранг	s a f e d r a n ɡ
сафҳа	s a f h a
сахт	s a x t
сахтафзор	s a x t a f z o r
саҳифа	s a h i f a
саҳм	s a h m
саҳро	s a h r o
сачоқ	s a t͡ʃ o q
саъб	s a ʔ b
се	s e
себ	s e b
себзаминӣ	s e b z a m i n i
сейф	s e j f
сел	s e l
семент	s e m e n t
сенздаҳ	s e n z d a h
Сербистон	s e r b i s t o n
Сербия	s e r b i j a
сешанбе	s e ʃ a n b e
сеюм	s e j u m
сиган	s i ɡ a n
сиёсат	s i j o s a t
сиёсӣ	s i j o s i
сиёҳчашм	s i j o h t͡ʃ a ʃ m
силсилафилм	s i l s i l a f i l m
Симурғ	s i m u r ɣ
сина	s i n a
Синд	s i n d
синф	s i n f
синфхона	s i n f x o n a
сипаршакл	s i p a r ʃ a k l
сипоҳ	s i p o h
сир	s i r
сир	s i r r
Сирдарё	s i r d a r j o
сирк	s i r k
Систон	s i s t o n
ситата	s i t a t a
ситора	s i t o r a
ситорашиносӣ	s i t o r a ʃ i n o s i
сифат	s i f a t
сифр	s i f r
сиър	s i ʔ r
сиърам	s i ʔ r a m
сиърамон	s i ʔ r a m o n
сиърамонро	s i ʔ r a m o n r o
сиърамро	s i ʔ r a m r o
сиъранд	s i ʔ r a n d
сиърат	s i ʔ r a t
сиъратон	s i ʔ r a t o n
сиъратонро	s i ʔ r a t o n r o
сиъратро	s i ʔ r a t r o
сиъраш	s i ʔ r a ʃ
сиърашон	s i ʔ r a ʃ o n
сиърашонро	s i ʔ r a ʃ o n r o
сиърашро	s i ʔ r a ʃ r o
сиъре	s i ʔ r e
сиъред	s i ʔ r e d
сиърем	s i ʔ r e m
сиъреро	s i ʔ r e r o
сиъри	s i ʔ r i
сиърӣ	s i ʔ r i
сиърро	s i ʔ r r o
сиърҳо	s i ʔ r h o
сиърҳои	s i ʔ r h o j i
сиърҳоро	s i ʔ r h o r o
сиърҳоям	s i ʔ r h o j a m
сиърҳоямон	s i ʔ r h o j a m o n
сиърҳоямонро	s i ʔ r h o j a m o n r o
сиърҳоямро	s i ʔ r h o j a m r o
сиърҳоят	s i ʔ r h o j a t
сиърҳоятон	s i ʔ r h o j a t o n
сиърҳоятонро	s i ʔ r h o j a t o n r o
сиърҳоятро	s i ʔ r h o j a t r o
сиърҳояш	s i ʔ r h o j a ʃ
сиърҳояшон	s i ʔ r h o j a ʃ o n
сиърҳояшонро	s i ʔ r h o j a ʃ o n r o
сиърҳояшро	s i ʔ r h o j a ʃ r o
Словакия	s l o v a k i j a
Словения	s l o v e n i j a
соат	s o ʔ a t
собун	s o b u n
советӣ	s o v e t i
содагӣ	s o d a ɡ i
созмон	s o z m o n
соиқа	s o j i q a
сол	s o l
Солеҳ	s o l e h
солинавӣ	s o l i n a v i
Сомия	s o m i j a
сомӣ	s o m i
Сомӣ	s o m i
сомонӣ	s o m o n i
сония	s o n i j a
сосиалист	s o s i a l i s t
сосиалистӣ	s o s i a l i s t i
сотсиалист	s a t s i a l i s t
сотсиалистӣ	s o t s i a l i s t i
сохтмон	s o x t m o n
сохтор	s o x t o r
сохторӣ	s o x t o r i
социалист	s o t͡s i a l i s t
социалистӣ	s o t͡s i a l i s t i
спонсор	s p o n s o r
Сринагар	s r i n a ɡ a r
стакан	s t a k a n
стансия	s t a n s i j a
Сувайдо	s u v a j d o
Суғд	s u ɣ d
суғдӣ	s u ɣ d i
суд	s u d
Судон	s u d o n
сужа	s u ʒ a
сужет	s u ʒ e t
Сулаймон	s u l a j m o n
Сулаймония	s u l a j m o n i j a
Сулаймонӣ	s u l a j m o n i
султон	s u l t o n
сулфа	s u l f a
сулфидан	s u l f i d a n
Сумқоит	s u m q o j i t
Сумолӣ	s u m o l i
сунамӣ	s u n a m i
суннӣ	s u n n i
суол	s u o l
сура	s u r a
Сурайё	s u r a j j o
сурат	s u r a t
сурёнӣ	s u r j o n i
суроға	s u r o ɣ a
суруд	s u r u d
сурудан	s u r u d a n
сурфа	s u l f a
Сурхондарё	s u r x o n d a r j o
сурхчашм	s u r x t͡ʃ a ʃ m
сутун	s u t u n
суфта	s u f t a
сухан	s u x a n
суханронӣ	s u x a n r o n i
сӯзандору	s ɵ z a n d o r u
сӯзишворӣ	s ɵ z i ʃ v o r i
сӯм	s ɵ m
сӯхтан	s ɵ x t a n
табар	t a b a r
Табаристон	t a b a r i s t o n
табиат	t a b i a t
табиб	t a b i b
Табрез	t a b r e z
тавонистан	t a v o n i s t a n
тавр	t a v r
Таврот	t a v r o t
тағйир	t a ɣ j i r
тажик	t a ʒ i k
Тажикистан	t a ʒ i k i s t a n
таза	t a z a
Тайван	t a j v a n
тайёр	t a j j o r
тайёра	t a j j o r a
такомул	t a k o m u l
такя	t a k j a
такядор	t a k j a d o r
тақвим	t a q v i m
тақдир	t a q d i r
тақсим	t a q s i m
тақсир	t a q s i r
тал	t a l l
тал	t a l l
талаб	t a l a b
Талаб	t a l a b
талаффуз	t a l a f f u z
талл	t a l l
тамаддун	t a m a d d u n
тамоман	t a m o m a n
тан	t a n
танбӯр	t a n b ɵ r
танг	t a n ɡ
танга	t a n ɡ a
танга	t a n ɡ a
тангтар	t a n ɡ t a r
тангтарин	t a n ɡ t a r i n
танӯр	t a n ɵ r
тар	t a r
тараф	t a r a f
тарбуз	t a r b u z
таркиш	t a r k i ʃ
таробарӣ	t a r o b a r i
таровеҳ	t a r o v e h
тарона	t a r o n a
таронасаро	t a r o n a s a r o
тарсидан	t a r s i d a n
Тартус	t a r t u s
тарфгарӣ	t a r f ɡ a r i
тарҷума	t a r d͡ʒ u m a
тасбеҳ	t a s b e h
тасвир	t a s v i r
тахт	t a x t
таҳдид	t a h d i d
таҳсил	t a h s i l
таҳсилот	t a h s i l o t
ташаккур	t a ʃ a k k u r
таълим	t a ʔ l i m
таърифа	t a ʔ r i f a
таърих	t a ʔ r i x
таърихӣ	t a ʔ r i x i
таяммум	t a j a m m u m
театр	t e a t r
тез	t e z
тела	t e l a
телевизион	t e l e v i z i o n
телевизор	t e l e v i z o r
телефон	t e l e f o n
теннис	t e n n i s
теппа	t e p p a
терроризм	t e r r o r i z m
техника	t e x n i k a
теҳронӣ	t e h r o n i
тиб	t i b b
тиббиёт	t i b b i j o t
тиббӣ	t i b b i
тилло	t i l l o
тим	t i m
тимсоҳ	t i m s o h
тин	t i n
тинҷ	t i n d͡ʒ
тир	t i r
тирамоҳ	t i r a m o h
тиреза	t i r e z a
Тирмиз	t i r m i z
Тифлис	t i f l i s
то	t o
тобеъ	t o b e ʔ
тобидан	t o b i d a n
тобистон	t o b i s t o n
тобут	t o b u t
товус	t o v u s
тожик	t o d͡ʒ i k
тожик	t o ʒ i k
тоза	t o z a
тозатар	t o z a t a r
тозатарин	t o z a t a r i n
тозик	t o z i k
тоинқилобӣ	t o j i n q i l o b i
Толибон	t o l i b o n
толибон	t o l i b o n
толӣ	t o l i
Толливуд	t o l l i v u d
томактабӣ	t o m a k t a b i
топоним	t o p o n i m
тортанак	t o r t a n a k
тотор	t o t o r
Тотористон	t o t o r i s t o n
тоторӣ	t o t o r i
тоҷ	t o d͡ʒ
тоҷик	t o d͡ʒ i k
тоҷик	t o d͡ʒ i k
тоҷикам	t o d͡ʒ i k a m
тоҷикамон	t o d͡ʒ i k a m o n
тоҷикамонро	t o d͡ʒ i k a m o n r o
тоҷикамро	t o d͡ʒ i k a m r o
тоҷиканд	t o d͡ʒ i k a n d
тоҷикат	t o d͡ʒ i k a t
тоҷикатон	t o d͡ʒ i k a t o n
тоҷикатонро	t o d͡ʒ i k a t o n r o
тоҷикатро	t o d͡ʒ i k a t r o
тоҷикаш	t o d͡ʒ i k a ʃ
тоҷикашон	t o d͡ʒ i k a ʃ o n
тоҷикашонро	t o d͡ʒ i k a ʃ o n r o
тоҷикашро	t o d͡ʒ i k a ʃ r o
тоҷике	t o d͡ʒ i k e
тоҷикед	t o d͡ʒ i k e d
тоҷикем	t o d͡ʒ i k e m
тоҷикеро	t o d͡ʒ i k e r o
тоҷики	t o d͡ʒ i k i
Тоҷикистон	t o d͡ʒ i k i s t o n
Тоҷикистон	t o d͡ʒ i k i s t o n
Тоҷикистонам	t o d͡ʒ i k i s t o n a m
Тоҷикистонамон	t o d͡ʒ i k i s t o n a m o n
Тоҷикистонамонро	t o d͡ʒ i k i s t o n a m o n r o
Тоҷикистонамро	t o d͡ʒ i k i s t o n a m r o
Тоҷикистонат	t o d͡ʒ i k i s t o n a t
Тоҷикистонатон	t o d͡ʒ i k i s t o n a t o n
Тоҷикистонатонро	t o d͡ʒ i k i s t o n a t o n r o
Тоҷикистонатро	t o d͡ʒ i k i s t o n a t r o
Тоҷикистонаш	t o d͡ʒ i k i s t o n a ʃ
Тоҷикистонашон	t o d͡ʒ i k i s t o n a ʃ o n
Тоҷикистонашонро	t o d͡ʒ i k i s t o n a ʃ o n r o
Тоҷикистонашро	t o d͡ʒ i k i s t o n a ʃ r o
Тоҷикистоне	t o d͡ʒ i k i s t o n e
Тоҷикистонеро	t o d͡ʒ i k i s t o n e r o
Тоҷикистони	t o d͡ʒ i k i s t o n i
Тоҷикистонро	t o d͡ʒ i k i s t o n r o
тоҷикӣ	t o d͡ʒ i k i
тоҷикон	t o d͡ʒ i k o n
тоҷиконам	t o d͡ʒ i k o n a m
тоҷиконамон	t o d͡ʒ i k o n a m o n
тоҷиконамонро	t o d͡ʒ i k o n a m o n r o
тоҷиконамро	t o d͡ʒ i k o n a m r o
тоҷиконат	t o d͡ʒ i k o n a t
тоҷиконатон	t o d͡ʒ i k o n a t o n
тоҷиконатонро	t o d͡ʒ i k o n a t o n r o
тоҷиконатро	t o d͡ʒ i k o n a t r o
тоҷиконаш	t o d͡ʒ i k o n a ʃ
тоҷиконашон	t o d͡ʒ i k o n a ʃ o n
тоҷиконашонро	t o d͡ʒ i k o n a ʃ o n r o
тоҷиконашро	t o d͡ʒ i k o n a ʃ r o
тоҷикони	t o d͡ʒ i k o n i
тоҷиконро	t o d͡ʒ i k o n r o
тоҷикро	t o d͡ʒ i k r o
тоҷикҳо	t o d͡ʒ i k h o
тоҷикҳои	t o d͡ʒ i k h o j i
тоҷикҳоро	t o d͡ʒ i k h o r o
тоҷикҳоям	t o d͡ʒ i k h o j a m
тоҷикҳоямон	t o d͡ʒ i k h o j a m o n
тоҷикҳоямонро	t o d͡ʒ i k h o j a m o n r o
тоҷикҳоямро	t o d͡ʒ i k h o j a m r o
тоҷикҳоят	t o d͡ʒ i k h o j a t
тоҷикҳоятон	t o d͡ʒ i k h o j a t o n
тоҷикҳоятонро	t o d͡ʒ i k h o j a t o n r o
тоҷикҳоятро	t o d͡ʒ i k h o j a t r o
тоҷикҳояш	t o d͡ʒ i k h o j a ʃ
тоҷикҳояшон	t o d͡ʒ i k h o j a ʃ o n
тоҷикҳояшонро	t o d͡ʒ i k h o j a ʃ o n r o
тоҷикҳояшро	t o d͡ʒ i k h o j a ʃ r o
Тоҷмаҳал	t o d͡ʒ m a h a l
Тошканд	t o ʃ k a n d
Тошкент	t o ʃ k e n t
ту	t u
Тубо	t u b o
туман	t u m a n
тумон	t u m o n
тунбак	t u n b a k
тунук	t u n u k
турк	t u r k
туркаман	t u r k a m a n
Туркистон	t u r k i s t o n
Туркия	t u r k i j a
туркман	t u r k m a n
Туркманистон	t u r k m a n i s t o n
туркманӣ	t u r k m a n i
Туркманқалъа	t u r k m a n q a l ʔ a
Туркманобод	t u r k m a n o b o d
Турсунзода	t u r s u n z o d a
Турсунов	t u r s u n o v
туруш	t u r u ʃ
тут	t u t
тутфарангӣ	t u t f a r a n ɡ i
туф	t u f
тухм	t u x m
туҳмат	t u h m a t
тушка	t u ʃ k a
тӯфон	t ɵ f o n
тӯшак	t ɵ ʃ a k
узбак	u z b a k
узбек	u z b e k
Узбекистон	u z b e k i s t o n
уйғур	u j ɣ u r
Уйғуристон	u j ɣ u r i s t o n
уйғурӣ	u j ɣ u r i
украин	u k r a j i n
Украина	u k r a j i n a
украинӣ	u k r a j i n i
укроинӣ	u k r o j i n i
уқёнус	u q j o n u s
Уқёнусия	u q j o n u s i j a
уқёнусӣ	u q j o n u s i
уқоб	u q o b
Уқсур	u q s u r
ум	u m m
Умар	u m a r
умед	u m e d
умра	u m r a
умумимиллӣ	u m u m i m i l l i
умумӣ	u m u m i
университет	u n i v e r s i t e t
урдибиҳишт	u r d i b i h i ʃ t
урду	u r d u
Урдун	u r d u n
уребча	u r e b t͡ʃ a
Урумия	u r u m i j a
Урӯзгон	u r ɵ z ɡ o n
Уршалим	u r ʃ a l i m
Усмон	u s m o n
устал	u s t a l
устод	u s t o d
устон	u s t o n
устура	u s t u r a
устурашиносӣ	u s t u r a ʃ i n o s i
устухон	u s t u x o n
утоқ	u t o q
Утриш	u t r i ʃ
уфуқ	u f u q
Уэлс	u e l s
ӯ	ɵ
ӯ	ɵ
ӯзбак	ɵ z b a k
ӯзбек	ɵ z b e k
Ӯзбекистон	ɵ z b e k i s t o n
ӯрдак	ɵ r d a k
Ӯш	ɵ ʃ
фаввора	f a v v o r a
фавотеҳ	f a v o t e h
файласуф	f a j l a s u f
Файсал	f a j s a l
факулта	f a k u l t a
факултет	f a k u l t e t
Фаластин	f a l a s t i n
фалсафа	f a l s a f a
фамилия	f a m i l i j a
фанноварӣ	f a n n o v a r i
фарбеҳ	f a r b e h
фарвардин	f a r v a r d i n
Фарғона	f a r ɣ o n a
фардо	f a r d o
фарзанд	f a r z a n d
фаришта	f a r i ʃ t a
фармоиш	f a r m o j i ʃ
Фаронса	f a r o n s a
фарох	f a r o x
фарҳангистон	f a r h a n ɡ i s t o n
фарҳангшиносӣ	f a r h a n ɡ ʃ i n o s i
фасл	f a s l
фатво	f a t v o
фаҳм	f a h m
фаҳмидан	f a h m i d a n
фашизм	f a ʃ i z m
фаъолият	f a ʔ o l i j a t
феврал	f e v r a l
федералӣ	f e d e r a l i
федеративӣ	f e d e r a t i v i
федератсия	f e d e r a t s i j a
феъл	f e ʔ l
физика	f i z i k a
физикӣ	f i z i k i
фикр	f i k r
фиқҳ	f i q h
фил	f i l
Филиппин	f i l i p p i n
филм	f i l m
Финиқия	f i n i q i j a
финиқӣ	f i n i q i
Финланд	f i n l a n d
Финландия	f i n l a n d i j a
Финляндия	f i n l j a n d i j a
фирдавс	f i r d a v s
фиръавн	f i r ʔ a v n
фитта	f i t t a
Фиҷӣ	f i d͡ʒ i
фишурдан	f i ʃ u r d a n
фоида	f o j i d a
фоиз	f o j i z
фолклор	f o l k l o r
фолклорӣ	f o l k l o r i
формула	f o r m u l a
форс	f o r s
Форс	f o r s
форсӣ	f o r s i
форум	f o r u m
Фотима	f o t i m a
фотиҳа	f o t i h a
фоҳиша	f o h i ʃ a
Франсия	f r a n s i j a
Фурот	f u r o t
фурудгоҳ	f u r u d ɡ o h
фурӯдгоҳ	f u r ɵ d ɡ o h
фурӯпошӣ	f u r ɵ p o ʃ i
фурӯхтан	f u r ɵ x t a n
фурӯш	f u r ɵ ʃ
фурӯшанда	f u r ɵ ʃ a n d a
фурӯшгоҳ	f u r ɵ ʃ ɡ o h
фурӯшӣ	f u r ɵ ʃ i
футбол	f u t b o l
футболист	f u t b o l i s t
хабар	x a b a r
халифа	x a l i f a
халиҷ	x a l i d͡ʒ
халқ	x a l q
хандидан	x a n d i d a n
ханҷар	x a n d͡ʒ a r
ханҷол	x a n d͡ʒ o l
хар	x a r
хар	x a r
харгӯш	x a r ɡ ɵ ʃ
харидан	x a r i d a n
харита	x a r i t a
харошидан	x a r o ʃ i d a n
хатар	x a t a r
хатарнок	x a t a r n o k
хаткашон	x a t k a ʃ o n
хатна	x a t n a
хаттот	x a t t o t
хаттотӣ	x a t t o t i
хачир	x a t͡ʃ i r
хиёбон	x i j o b o n
хиёр	x i j o r
хилофат	x i l o f a t
химикӣ	x i m i k i
химия	x i m i j a
химиявӣ	x i m i j a v i
хирс	x i r s
Хистеварз	x i s t e v a r z
хитоӣ	x i t o j i
Хитой	x i t o j
хоб	x o b
хобидан	x o b i d a n
хокистар	x o k i s t a r
хоқон	x o q o n
хола	x o l a
Хоманаӣ	x o m a n a j i
хомӯшак	x o m ɵ ʃ a k
хона	x o n a
хонавода	x o n a v o d a
хонаводагӣ	x o n a v o d a ɡ i
хонагоҳ	x o n a ɡ o h
хонақоҳ	x o n a q o h
хонанда	x o n a n d a
хонасозӣ	x o n a s o z i
хондан	x o n d a n
хор	x o r
хор	x o r
Хорватия	x o r v a t i j a
хориҷӣ	x o r i d͡ʒ i
Хоруғ	x o r u ɣ
хос	x o s
хостан	x o s t a n
хотиб	x o t i b
хотира	x o t i r a
хоҳар	x o h a r
хоҳарона	x o h a r o n a
хоҷагӣ	x o d͡ʒ a ɡ i
христиан	x r i s t i a n
христианӣ	x r i s t i a n i
хуб	x u b
хубам	x u b a m
хубанд	x u b a n d
хубед	x u b e d
хубем	x u b e m
хуби	x u b i
хубӣ	x u b i
хубон	x u b o n
хубтар	x u b t a r
хубтарам	x u b t a r a m
хубтаранд	x u b t a r a n d
хубтаред	x u b t a r e d
хубтарем	x u b t a r e m
хубтари	x u b t a r i
хубтарин	x u b t a r i n
хубтаринам	x u b t a r i n a m
хубтаринанд	x u b t a r i n a n d
хубтаринед	x u b t a r i n e d
хубтаринем	x u b t a r i n e m
хубтарини	x u b t a r i n i
хубтаринӣ	x u b t a r i n i
хубтарӣ	x u b t a r i
хубҳо	x u b h o
худ	x u d
худкор	x u d k o r
хулқ	x u l q
Хумайнӣ	x u m a j n i
хун	x u n
хунук	x u n u k
хуншиносӣ	x u n ʃ i n o s i
хурд	x u r d
хурдод	x u r d o d
хурмо	x u r m o
Хуросон	x u r o s o n
хурсанд	x u r s a n d
хурсандӣ	x u r s a n d i
хуршед	x u r ʃ e d
Хусрав	x u s r a v
Хуҷанд	x u d͡ʒ a n d
хушбахт	x u ʃ b a x t
хушунат	x u ʃ u n a t
хушҳол	x u ʃ h o l
Хӯқанд	x ɵ q a n d
хӯрдан	x ɵ r d a n
хӯҷаин	x ɵ d͡ʒ a j i n
Хӯҷанд	x ɵ d͡ʒ a n d
ҳ	h
ҳа	h a
ҳабдаҳ	h a b d a h
ҳавз	h a v z
ҳаво	h a v o
ҳавоӣ	h a v o j i
ҳавопаймо	h a v o p a j m o
ҳавошинос	h a v o ʃ i n o s
ҳавошиносӣ	h a v o ʃ i n o s i
ҳавошӣ	h a v o ʃ i
ҳадис	h a d i s
ҳаёт	h a j o t
ҳаётӣ	h a j o t i
ҳаждаҳ	h a ʒ d a h
ҳазор	h a z o r
ҳазрат	h a z r a t
ҳайат	h a j a t
ҳайвон	h a j v o n
ҳайкал	h a j k a l
Ҳайфо	h a j f o
Ҳалаб	h a l a b
ҳалво	h a l v o
ҳалол	h a l o l
ҳама	h a m a
ҳамаи	h a m a j i
Ҳамбург	h a m b u r ɡ
ҳамеша	h a m e ʃ a
ҳамешагӣ	h a m e ʃ a ɡ i
ҳамешазинда	h a m e ʃ a z i n d a
ҳаммом	h a m m o m
Ҳамос	h a m o s
ҳамсоя	h a m s o j a
ҳамҷинсгаро	h a m d͡ʒ i n s ɡ a r o
ҳамҷинсгароӣ	h a m d͡ʒ i n s ɡ a r o j i
ҳангоматалаб	h a n ɡ o m a t a l a b
ҳандаса	h a n d a s a
ҳаром	h a r o m
ҳаромзода	h a r o m z o d a
ҳарф	h a r f
Ҳасан	h a s a n
ҳафт	h a f t
ҳафта	h a f t a
ҳафтум	h a f t u m
Ҳахоманиш	h a x o m a n i ʃ
ҳахоманишӣ	h a x o m a n i ʃ i
ҳаҷҷ	h a d͡ʒ d͡ʒ
ҳашара	h a ʃ a r a
ҳашарот	h a ʃ a r o t
ҳашаротшинос	h a ʃ a r o t ʃ i n o s
ҳашаротшиносӣ	h a ʃ a r o t ʃ i n o s i
ҳашт	h a ʃ t
ҳаштум	h a ʃ t u m
ҳаяҷон	h a j a d͡ʒ o n
ҳизб	h i z b
ҳикоя	h i k o j a
ҳиндӣ	h i n d i
Ҳиндукуш	h i n d u k u ʃ
Ҳиндукӯҳ	h i n d u k ɵ h
Ҳиндустон	h i n d u s t o n
ҳис	h i s s
ҳисоб	h i s o b
ҳисор	h i s o r
ҳиҷоб	h i d͡ʒ o b
ҳиҷрат	h i d͡ʒ r a t
ҳо	h o
ҳол	h o l
Ҳолливуд	h o l l i v u d
Ҳорун	h o r u n
ҳоспитал	h o s p i t a l
ҳотел	h o t e l
ҳоҷатхона	h o d͡ʒ a t x o n a
ҳошия	h o ʃ i j a
Ҳуд	h u d
ҳукм	h u k m
ҳукумат	h u k u m a t
ҳукуматӣ	h u k u m a t i
ҳуқуқ	h u q u q
ҳуқуқшинос	h u q u q ʃ i n o s
Ҳусайн	h u s a j n
ҳутел	h u t e l
ҳуҷра	h u d͡ʒ r a
ҳӯш	h ɵ ʃ
цемент	t͡s e m e n t
цемент	s e m e n t
цирк	t͡s i r k
цунамӣ	t͡s u n a m i
чавгон	t͡ʃ a v ɡ o n
чангкашак	t͡ʃ a n ɡ k a ʃ a k
чарб	t͡ʃ a r b
чарбу	t͡ʃ a r b u
чаридан	t͡ʃ a r i d a n
чароғак	t͡ʃ a r o ɣ a k
чархидан	t͡ʃ a r x i d a n
чаҳор	t͡ʃ a h o r
чаҳоршанбе	t͡ʃ a h o r ʃ a n b e
чашм	t͡ʃ a ʃ m
чашма	t͡ʃ a ʃ m a
чемпионат	t͡ʃ e m p i o n a t
чемпионат	t͡ʃ e m p i a n a t
Черногория	t͡ʃ e r n o ɡ o r i j a
Чехистон	t͡ʃ e x i s t o n
Чехия	t͡ʃ e x i j a
чеҳра	t͡ʃ e h r a
чизе	t͡ʃ i z e
Чили	t͡ʃ i l i
Чин	t͡ʃ i n
чинор	t͡ʃ i n o r
чиркин	t͡ʃ i r k i n
чистон	t͡ʃ i s t o n
чӣ	t͡ʃ i
чодар	t͡ʃ o d a r
чой	t͡ʃ o j
чойник	t͡ʃ o j n i k
чойпулӣ	t͡ʃ o j p u l i
чойхона	t͡ʃ o j x o n a
чоқ	t͡ʃ o q
чордаҳ	t͡ʃ o r d a h
чорум	t͡ʃ o r u m
чоршанбе	t͡ʃ o r ʃ a n b e
чуқур	t͡ʃ u q u r
чун	t͡ʃ u n
чӯб	t͡ʃ ɵ b
чӯбдаст	t͡ʃ ɵ b d a s t
чӯпон	t͡ʃ ɵ p o n
чӯт	t͡ʃ ɵ t
чӯтка	t͡ʃ ɵ t k a
чӯҷа	t͡ʃ ɵ d͡ʒ a
ҷ	d ʒ
Ҷабалутториқ	d͡ʒ a b a l u t t o r i q
ҷав	d͡ʒ a v
ҷав	d͡ʒ a v v
ҷавоб	d͡ʒ a v o b
ҷавон	d͡ʒ a v o n
ҷадвал	d͡ʒ a d v a l
ҷазира	d͡ʒ a z i r a
Ҷайпур	d͡ʒ a j p u r
ҷалебӣ	d͡ʒ a l e b i
Ҷамил	d͡ʒ a m i l
ҷамоат	d͡ʒ a m o ʔ a t
ҷамоҳир	d͡ʒ a m o h i r
ҷамоъат	d͡ʒ a m o ʔ a t
Ҷамшед	d͡ʒ a m ʃ e d
ҷамъ	d͡ʒ a m ʔ
ҷамъият	d͡ʒ a m ʔ i j a t
ҷанг	d͡ʒ a n ɡ
ҷангал	d͡ʒ a n ɡ a l
ҷангафзор	d͡ʒ a n ɡ a f z o r
ҷангидан	d͡ʒ a n ɡ i d a n
ҷаннат	d͡ʒ a n n a t
ҷануб	d͡ʒ a n u b
ҷанубӣ	d͡ʒ a n u b i
ҷарроҳ	d͡ʒ a r r o h
ҷарроҳихона	d͡ʒ a r r o h i x o n a
ҷарроҳӣ	d͡ʒ a r r o h i
ҷасад	d͡ʒ a s a d
ҷаҳаннам	d͡ʒ a h a n n a m
ҷаҳон	d͡ʒ a h o n
ҷашн	d͡ʒ a ʃ n
Ҷибутӣ	d͡ʒ i b u t i
ҷигар	d͡ʒ i ɡ a r
Ҷиза	d͡ʒ i z a
ҷизя	d͡ʒ i z j a
ҷилд	d͡ʒ i l d
ҷимодулаввал	d͡ʒ i m o d u l a v v a l
ҷимодулохир	d͡ʒ i m o d u l o x i r
ҷимодуссонӣ	d͡ʒ i m o d u s s o n i
ҷинсият	d͡ʒ i n s i j a t
ҷинсӣ	d͡ʒ i n s i
ҷиҳод	d͡ʒ i h o d
ҷо	d͡ʒ o
ҷовидон	d͡ʒ o v i d o n
ҷовидонӣ	d͡ʒ o v i d o n i
ҷодугар	d͡ʒ o d u ɡ a r
ҷойном	d͡ʒ o j n o m
ҷола	d͡ʒ o l a
ҷомеъа	d͡ʒ o m e ʔ a
ҷомеъашиносӣ	d͡ʒ o m e ʔ a ʃ i n o s i
ҷон	d͡ʒ o n
ҷонваршинос	d͡ʒ o n v a r ʃ i n o s
ҷонишин	d͡ʒ o n i ʃ i n
Ҷопон	d͡ʒ o p o n
ҷорӣ	d͡ʒ o r i
ҷосус	d͡ʒ o s u s
ҷосусӣ	d͡ʒ o s u s i
ҶТ	d͡ʒ e t e
Ҷубайл	d͡ʒ u b a j l
ҷуғрофиё	d͡ʒ u ɣ r o f i j o
ҷуғрофиёӣ	d͡ʒ u ɣ r o f i j o j i
ҷуғрофия	d͡ʒ u ɣ r o f i j a
ҷуғрофӣ	d͡ʒ u ɣ r o f i
ҷудо	d͡ʒ u d o
ҷудо	d͡ʒ u d o
ҷудокор	d͡ʒ u d o k o r
ҷузъиёт	d͡ʒ u z ʔ i j o t
ҷумҳур	d͡ʒ u m h u r
ҷумҳуриҳо	d͡ʒ u m h u r i h o
ҷумҳурия	d͡ʒ u m h u r i j a
ҷумҳуриявӣ	d͡ʒ u m h u r i j a v i
ҷумҳурият	d͡ʒ u m h u r i j a t
ҷумъа	d͡ʒ u m ʔ a
ҷурғот	d͡ʒ u r ɣ o t
ҷустан	d͡ʒ u s t a n
ҷустор	d͡ʒ u s t o r
ҷустуҷӯ	d͡ʒ u s t u d͡ʒ ɵ
ҷустуҷӯҳо	d͡ʒ u s t u d͡ʒ ɵ h o
ҷӯгӣ	d͡ʒ ɵ ɡ i
Ҷӯзҷон	d͡ʒ ɵ z d͡ʒ o n
ҷӯй	d͡ʒ ɵ j
ҷӯмҳурӣ	d͡ʒ ɵ m h u r i
ҷӯроб	d͡ʒ ɵ r o b
ҷӯъ	d͡ʒ ɵ ʔ
шаб	ʃ a b
шабнам	ʃ a b n a m
Шабнам	ʃ a b n a m
шабон	ʃ a b o n
шабона	ʃ a b o n a
шаввол	ʃ a v v o l
шавқовар	ʃ a v q o v a r
шавҳар	ʃ a v h a r
Шайдон	ʃ a j d o n
шайтон	ʃ a j t o n
шайтонпарастӣ	ʃ a j t o n p a r a s t i
шайх	ʃ a j x
шайъ	ʃ a j ʔ
шакалод	ʃ a k a l o d
шакар	ʃ a k a r
Шакӣ	ʃ a k i
Шақро	ʃ a q r o
шамшер	ʃ a m ʃ e r
шамъ	ʃ a m ʔ
шанбе	ʃ a n b e
шарбат	ʃ a r b a t
шариат	ʃ a r i a t
шарқ	ʃ a r q
шарқӣ	ʃ a r q i
шарм	ʃ a r m
шарманка	ʃ a r m a n k a
шароб	ʃ a r o b
шатранҷ	ʃ a t r a n d͡ʒ
шафтолу	ʃ a f t o l u
шахсият	ʃ a x s i j a t
шаҳ	ʃ a h
шаҳид	ʃ a h i d
шаҳидон	ʃ a h i d o n
шаҳидҳо	ʃ a h i d h o
шаҳло	ʃ a h l o
Шаҳло	ʃ a h l o
Шаҳлоӣ	ʃ a h l o j i
шаҳлочашм	ʃ a h l o t͡ʃ a ʃ m
шаҳодат	ʃ a h o d a t
шаҳодатнома	ʃ a h o d a t n o m a
шаҳрванд	ʃ a h r v a n d
шаҳрвандӣ	ʃ a h r v a n d i
шаҳривар	ʃ a h r i v a r
Шаҳрӯз	ʃ a h r ɵ z
шаҷар	ʃ a d͡ʒ a r
шаш	ʃ a ʃ
шашум	ʃ a ʃ u m
шаъбон	ʃ a ʔ b o n
Шведсия	ʃ v e d s i j a
Швейтсария	ʃ v e j t s a r i j a
Шветсия	ʃ v e t s i j a
шер	ʃ e r
Шералӣ	ʃ e r a l i
Шероз	ʃ e r o z
шеъре	ʃ e ʔ r e
шеъреро	ʃ e ʔ r e r o
шеъри	ʃ e ʔ r i
шеърро	ʃ e ʔ r r o
шеърҳо	ʃ e ʔ r h o
шеърҳои	ʃ e ʔ r h o j i
шеърҳоро	ʃ e ʔ r h o r o
шикам	ʃ i k a m
шиква	ʃ i k v a
шикофтан	ʃ i k o f t a n
шикоят	ʃ i k o j a t
шимол	ʃ i m o l
шимолӣ	ʃ i m o l i
шин	ʃ i n
шинанда	ʃ i n a n d a
шино	ʃ i n o
шиновар	ʃ i n o v a r
шиноварӣ	ʃ i n o v a r i
шиноснома	ʃ i n o s n o m a
шинохтан	ʃ i n o x t a n
шипиш	ʃ i p i ʃ
шир	ʃ i r
ширдор	ʃ i r d o r
ширин	ʃ i r i n
ширкат	ʃ i r k a t
ширхоргоҳ	ʃ i r x o r ɡ o h
шиша	ʃ i ʃ a
шишт	ʃ i ʃ t
шишта	ʃ i ʃ t a
шиштаам	ʃ i ʃ t a a m
шиштааст	ʃ i ʃ t a a s t
шиштагист	ʃ i ʃ t a ɡ i s t
шиштагистам	ʃ i ʃ t a ɡ i s t a m
шиштагистӣ	ʃ i ʃ t a ɡ i s t i
шиштагӣ	ʃ i ʃ t a ɡ i
шиштаед	ʃ i ʃ t a j e d
шиштаем	ʃ i ʃ t a j e m
шиштаӣ	ʃ i ʃ t a j i
шиштам	ʃ i ʃ t a m
шиштан	ʃ i ʃ t a n
шиштанд	ʃ i ʃ t a n d
шиштанӣ	ʃ i ʃ t a n i
шиштаянд	ʃ i ʃ t a j a n d
шиштед	ʃ i ʃ t e d
шиштем	ʃ i ʃ t e m
шиштӣ	ʃ i ʃ t i
шиъӣ	ʃ i ʔ i
шод	ʃ o d
шодӣ	ʃ o d i
шоир	ʃ o j i r
шом	ʃ o m
Шом	ʃ o m
шонздаҳ	ʃ o n z d a h
шореҳ	ʃ o r e h
Шотландия	ʃ o t l a n d i j a
шох	ʃ o x
шоҳ	ʃ o h
шоҳзода	ʃ o h z o d a
шоҳкор	ʃ o h k o r
Шоҳнома	ʃ o h n o m a
шоҳномахон	ʃ o h n o m a x o n
шоҳномахонӣ	ʃ o h n o m a x o n i
шоҳроҳ	ʃ o h r o h
шош	ʃ o ʃ
шоша	ʃ o ʃ a
штат	ʃ t a t
шубон	ʃ u b o n
Шуғнон	ʃ u ɣ n o n
шудан	ʃ u d a n
шумо	ʃ u m o
Шумо	ʃ u m o
шумоён	ʃ u m o j o n
шумора	ʃ u m o r a
шуморидан	ʃ u m o r i d a n
шумурдан	ʃ u m u r d a n
шунаҳ	ʃ u n a h
шунидан	ʃ u n i d a n
шуруъ	ʃ u r ɵ ʔ
шустан	ʃ u s t a n
шутур	ʃ u t u r
шуҳадо	ʃ u h a d o
шуш	ʃ u ʃ
Шуъайб	ʃ u ʔ a j b
шуъба	ʃ u ʔ b a
шӯравӣ	ʃ ɵ r a v i
шӯрбо	ʃ ɵ r b o
шӯҳрат	ʃ ɵ h r a t
шӯъба	ʃ ɵ ʔ b a
эзоҳ	e z o h
экология	e k o l o ɡ i j a
экстремизм	e k s t r e m i z m
электрикӣ	e l e k t r i k i
электронӣ	e l e k t r o n i
элемент	e l e m e n t
Элом	e l o m
Эрон	e r o n
эронӣ	e r o n i
эроншиносӣ	e r o n ʃ i n o s i
Эстония	e s t o n i j a
этнографӣ	e t n o ɡ r a f i
эҳсос	e h s o s
эшон	e ʃ o n
эътикоф	e ʔ t i k o f
эътироз	e ʔ t i r o z
Юнон	j u n o n
юнонӣ	j u n o n i
Юнус	j u n u s
Юсуф	j u s u f
ягон	j a ɡ o n
ягона	j a ɡ o n a
Яғноб	j a ɣ n o b
яғнобӣ	j a ɣ n o b i
Язгулом	j a z ɡ u l o m
Язғулом	j a z ɣ u l o m
Язд	j a z d
язна	j a z n a
як	j a k
яккачин	j a k k a t͡ʃ i n
якум	j a k u m
якшанбе	j a k ʃ a n b e
ям	j a m
Яман	j a m a n
ямм	j a m m
январ	j a n v a r
Япония	j a p o n i j a
яхмос	j a x m o s
Яҳё	j a h j o
яшт	j a ʃ t
Яъқуб	j a ʔ q u b
яъне	j a ʔ n e
