Ааӷәа	aː ʁʷ a
аамал	aː m a l
ааҭа	aː tʰ a
абӷьа	a b ʁʲ a
абзах	a b z a x
аб'а	a bˤ a
аб'аагьа	a bˤ aː ɡʲ a
аб'ажә	a bˤ a ʒʷ
аб'аԥԯа	a bˤ a pʰ ɬ a
аб'ацәиа	a bˤ a t ɕʰʷ ə j a
аб'ашь	a bˤ a ʃ
аб'ыб'	a bˤ ə bˤ
агьа	a ɡʲ a
агьаҟа	a ɡʲ a qʼ a
агьары	a ɡʲ a r ə
агьарышь	a ɡʲ a r ə ʃ
агьашь	a ɡʲ a ʃ
агьашәуа	a ɡʲ a ʃʷ ə w a
агьеишь	a ɡʲ e̞ j ʃ
агьеишьа	a ɡʲ e̞ j ʃ a
аӷьа	a ʁʲ a
аӷәадан	a ʁʷ a d a n
аӷ'абзабзаҟа	a ʁˤ a b z a b z a qʼ a
аӷ'адаҟәа	a ʁˤ a d a qʼʷ a
ада	a d a
адыга	a d ə ɣ a
адыгабза	a d ə ɣ a b z a
Адыгасеԥӄьы	a d ə ɣ a s e̞ pʰ qʲ ə
адәыҟа	a dʷ ə qʼ a
азаҭ	a z a tʰ
азӷа	a z ʁ a
азӷабза	a z ʁ a b z a
Азӷашәабла	a z ʁ a ʃʷ a b l a
азмыҵьа	a z m ə t ɕʼ a
аӡын	a d z ə n
аӄыл	a q ə l
Алагьыӄә	a l a ɡʲ ə qʷ
аламанбза	a l a m a n b z a
Аламаншәабла	a l a m a n ʃʷ a b l a
Алемқьери	a l e̞ m kʰʲ e̞ r ə j
Алџьазаир	a l d ʒ a z a j ə r
аԯаапаџьа	a ɬ aː pʼ a d ʒ a
аԯҟаакьа	a ɬ qʼ aː kʼʲ a
аԯмыӄ	a ɬ m ə q
аԯхаакьа	a ɬ χ aː kʼʲ a
аԯхаакьах	a ɬ χ aː kʼʲ a χ
аԯхьаакьа	a ɬ χʲ aː kʼʲ a
амелаҭ	a m e̞ l a tʰ
амԥа	a m pʰ a
ана	a n a
анақьа	a n a kʰʲ a
андық	a n d ə kʰ
анта	a n t a
анталааӷ'да	a n tʼ a l aː ʁˤ d a
антаҭа	a n tʼ a tʰ a
анҵә	a n t ɕʼʷ
анҵәгьыӷооны	a n t ɕʼʷ ɡʲ ə ʁ o̞ː n ə
анҵәгьыӷын	a n t ɕʼʷ ɡʲ ə ʁ ə n
анҵәых	a n t ɕʼʷ ə χ
анҵәыхооны	a n t ɕʼʷ ə χ o̞ː n ə
анҵәыхымҫәа	a n t ɕʼʷ ə χ ə m ɕʷ a
аԥырамса	a pʰ ə r a m s a
араԥбза	a r a pʰ b z a
арӄан	a r q a n
арма	a r m a
арманбза	a r m a n b z a
Арманшәабла	a r m a n ʃʷ a b l a
армоу	a r m o̞ w
арнауҭ	a r n a w ə tʰ
арнауҭбза	a r n a w ə tʰ b z a
Арнауҭшәабла	a r n a w ə tʰ ʃʷ a b l a
асԯан	a s ɬ a n
атәамҫәа	a tʼʷ a m ɕʷ a
ау'ҟ'әа	a wˤ qˤʼʷ a
Аусҭриа	a w ə s tʰ r ə j a
ауџы	a w ɖ ʐ ə
Афасыжь	a f a s ə ʒ
аҳах	a h a χ
аҳмақ	a h m a kʰ
аҳреҭ	a h r e̞ tʰ
ашьа	a ʃ a
ашьабахәа	a ʃ a b a χʷ a
ашьын	a ʃ ə n
баада	b aː d a
бааџьа	b aː d ʒ a
бабаи	b a b a j
багьына	b a ɡʲ ə n a
багьыха	b a ɡʲ ə χ a
багәы	b a ɡʷ ə
баӷҽа	b a ʁ ʈ ʂʰ a
баӷыр	b a ʁ ə r
баӷәа	b a ʁʷ a
бадауи	b a d a w ə j
баҙа	b a ʑ a
баираҟ	b a j r a qʼ
бакь	b a kʼʲ
Баҟҟәы	b a qʼ qʼʷ ə
баҟыр	b a qʼ ə r
баҟысма	b a qʼ ə s m a
баҟысмаҿааӷа	b a qʼ ə s m a ʈ ʂʼ aː ʁ a
баҟәыр	b a qʼʷ ə r
бамыҷ	b a m ə t ʃʼ
бана	b a n a
банаҫәы	b a n a ɕʷ ə
банӡьы	b a n d ʑ ə
бар	b a r
барасқьа	b a r a s kʰʲ a
барчыч	b a r t ʃʰ ə t ʃʰ
бат	b a tʼ
батмарза	b a tʼ m a r z a
баҭа	b a tʰ a
баҭачуана	b a tʰ a t ʃʰ ə w a n a
баҭашь	b a tʰ a ʃ
Баҭоӄәа	b a tʰ o̞ qʷ a
Баҭырбыф	b a tʰ ə r b ə f
баха	b a χ a
бахсма	b a χ s m a
бахҽа	b a χ ʈ ʂʰ a
бахәа	b a χʷ a
бахәашь	b a χʷ a ʃ
баць	b a t ɕʰ
баҵьа	b a t ɕʼ a
баҵьабҙа	b a t ɕʼ a b ʑ a
баҵьагьыҭә	b a t ɕʼ a ɡʲ ə tʰʷ
баҵьаӷалахәа	b a t ɕʼ a ʁ a l a χʷ a
баҵьаӷах	b a t ɕʼ a ʁ a χ
баҵьакьа	b a t ɕʼ a kʼʲ a
баҵьаҟәа	b a t ɕʼ a qʼʷ a
баҵьала	b a t ɕʼ a l a
баҵьаԯаҿаӷа	b a t ɕʰ a ɬ a ʈ ʂʼ a ʁ a
баҵьанцәа	b a t ɕʼ a n t ɕʰʷ a
баҵьас	b a t ɕʼ a s
баҵьаҫә	b a t ɕʼ a ɕʷ
баҵьатә	b a t ɕʼ a tʼʷ
баҵьаҭә	b a t ɕʼ a tʰʷ
баҵьау	b a t ɕʼ a w ə
бача	b a t ʃʰ a
башԯық	b a ʂ ɬ ə kʰ
башхәы	b a ʂ χʷ ə
башькьа	b a ʃ kʼʲ a
бӷалыба	b ʁ a l ə b a
бӷаԥс	b ʁ a pʰ s
бӷы	b ʁ ə
бӷь	b ʁʲ
бӷьа	b ʁʲ a
бӷьабзыԯ	b ʁʲ a b z ə ɬ
бӷьакьа	b ʁʲ a kʼʲ a
бӷьалахәа	b ʁʲ a l a χʷ a
бӷьаԥԯа	b ʁʲ a pʰ ɬ a
бӷьаҵьада	b ʁʲ a t ɕʼ a d a
бӷьаҷаҭә	b ʁʲ a t ʃʼ a tʰʷ
бӷьы	b ʁʲ ə
Беданыӄәа	b e d a n ə qʷ a
беи	b e̞ j
беинау	b e̞ j n a w ə
бераҟ	b e̞ r a qʼ
бжь	b ʒ
бжьа	b ʒ a
бжьаԯабжьа	b ʒ a ɬ a b ʒ a
бжьахьа	b ʒ a χʲ a
бжьы	b ʒ ə
бза	b z a
бзаанта	b z aː n tʼ a
бзааԥа	b z aː pʰ a
бзабза	b z a b z a
бзакәа	b z a kʼʷ a
бзарыхәа	b z a r ə χʷ a
бзах	b z a χ
бзахьадаџь	b z a χʲ a d a d ʒ
бзаҽы	b z a ʈ ʂʰ ə
бзыбза	b z ə b z a
бзыӷь	b z ə ʁʲ
бзыӷәыны	b z ə ʁʷ ə n ə
бзыдема	b z ə d ɛ m a
бзыдыма	b z ə d ə m a
бзыдымаҭаӄа	b z ə d ə m a tʰ a q a
бзыдымаҵьашә	b z ə d ə m a t ɕʼ a ʃʷ
бзыӡәоу	b z ə d ʑʷ o̞ w
бзыкәи	b z ə kʼʷ ə j
бзыҟәаҭәҟа	b z ə qʼʷ a tʰʷ qʼ a
бзыӄафа	b z ə q a f a
бзыла	b z ə l a
бзылфыӷа	b z ə l f ə ʁ a
бзымуа	b z ə m ə w a
бзынтҟәа	b z ə n tʼ qʼʷ a
бзыԥҫы	b z ə p ɕ ə
бзыҫәиа	b z ə ɕʷ ə j a
бзыу'а	b z ə wˤ a
бзыфа	b z ə f a
бзых'а	b z ə χˤ a
бзыца	b z ə t sʰ a
бзыцә	b z ə t ɕʰʷ
бзыч	b z ə t ʃʰ
бзышә	b z ə ʃʷ
бзыџьаӷашәа	b z ə d ʒ a ʁ a ʃʷ a
бҙа	b ʑ a
бҙаамыҟ'ә	b ʑ aː m ə qˤʼʷ
бҙаам'а	b ʑ aː mˤ a
бҙаза	b ʑ a z a
бҙазашау	b ʑ a z a ʂ a w ə
бҙаҟа	b ʑ a qʼ a
бҙалу'а	b ʑ a l wˤ a
бҙаԥхамџьаакьа	b ʑ a pʰ χ a m d ʒ aː kʼʲ a
бҙаҭә	b ʑ a tʰʷ
бҙаҭәа	b ʑ a tʰʷ a
бҙоу	b ʑ o̞ w
биа	b j a
биаԯьа	b ə j a ɬʼ a
бла	b l a
блаагьа	b l aː ɡʲ a
блаагьаԥԯа	b l aː ɡʲ a pʰ ɬ a
блабза	b l a b z ə
блабиа	b l a b ə j a
благьы	b l a ɡʲ ə
благьыҭә	b l a ɡʲ ə tʰʷ
блаӷанцәа	b l a ʁ a n t ɕʰʷ a
блаӷаԥԯашәа	b l a ʁ a pʰ ɬ a ʃʷ a
блаӷаҫә	b l a ʁ a ɕʷ
блаӷатә	b l a ʁ a tʼʷ
блаӷах	b l a ʁ a χ
блаӷахәа	b l a ʁ a χʷ a
блаӷьа	b l a ʁʲ a
блаӷәацаҟа	b l a ʁʷ a t sʰ a qʼ a
блаӷәынӷьа	b l a ʁʷ ə n ʁʲ a
блаӷ'әа	b l a ʁˤʷ a
бладыҟ'ә	b l a d ə qˤʼʷ
блаза	b l a z a
блазооуҟа	b l a z a w a w ə qʼ a
блакь	b l a kʼʲ
блаҟәырдаҟа	b l a qʼʷ ə r d a qʼ a
блаҟ'әы	b l a qˤʼʷ ə
бламааӷьа	b l a m aː ʁʲ a
бламса	b l a m s a
блаԥԯачаха	b l a pʰ ɬ a t ʃʰ a x a
блас	b l a s
блаҫәа	b l a ɕʷ a
блатә	b l a tʼʷ
блатәас	b l a tʼʷ a s
блатәышәа	b l a tʼʷ ə ʃʷ a
блатәыџь	b l a tʼʷ ə d ʒ
блаҭха	b l a tʰ χ a
блаҭә	b a t ɕʼ a tʰʷ
блау	b l a w ə
блаушәа	b l a w ə ʃʷ a
блах	b l a χ
блахьамб'а	b l a χʲ a m bˤ a
блахә	b l a χʷ
блацәа	b l a t ɕʰʷ a
блачаҭә	b l a t ʃʰ a tʰʷ
блачау	b l a t ʃʰ a w ə
блаҷ	b l a t ʃʼ
блашәа	b l a ʃʷ a
блоуа	b l a w a
блы	b l ə
блыны	b l ə n ə
Борежә	b o̞ r e̞ ʒʷ
боуа	b o̞ w a
бохҽа	b ɔ χ ʈ ʂʰ a
брааза	b r aː z a
браазаџь	b r aː z a d ʒ
Британиагьыӡа	b r i tʼ a n ə j a ɡʲ ə d z a
брыу	b r ə w ə
брыцә	b r ə t ɕʷʰ
буаакьашәа	b ə w aː kʼʲ a ʃʷ a
быӷәы	b ə ʁʷ ə
быӷәысы	b ə ʁʷ ə s ə
быӡьаҟа	b ə d ʑ a qʼ a
быҟ'ыда	b ə qˤʼ ə d a
быҟ'ә	b ə qˤʼʷ
былгарбза	b ə l ɡ a r b z a
Былгаршәабла	b ə l ɡ a r ʃʷ a b l a
бында	b ə n d a
быны	b ə n ə
бырсмын	b ə r s m ə n
бысым	b ə s ə m
б'а	bˤ a
б'агьаты	bˤ a ɡʲ a tʼ ə
б'агьашә	bˤ a ɡʲ a ʃʷ
б'аӷ'а	bˤ a ʁˤ a
б'ажә	bˤ a ʒʷ
б'аҟ'аҷа	bˤ a qˤʼ a t ʃʼ a
б'аҟ'ы	bˤ a qˤʼ ə
б'аҟ'ыԥԯы	bˤ a qˤʼ ə pʰ ɬ ə
б'аҟ'ыԥха	bˤ a qˤʼ ə pʰ χ a
б'аӄ'а	bˤ a qˤ a
б'аӄ'ашь	bˤ a qˤ a ʃ
б'аԥсыԥсы	bˤ a pʰ s ə pʰ s ə
б'афым	bˤ a f ə m
б'ашә	bˤ a ʃʷ
б'ашәы	bˤ a ʃʷ ə
б'ӷаџьа	bˤ ʁ a d ʒ a
б'ӷ'а	bˤ ʁˤ a
б'ӷ'аџьа	bˤ ʁˤ a d ʒ a
б'ы	bˤ ə
б'ыб'	bˤ ə bˤ
б'ыша	bˤ ə ʂ a
в'а	vˤ a
в'аӷәыны	vˤ a ʁʷ ə n ə
в'асы	vˤ a s ə
в'аҫкьы	vˤ a ɕ kʼʲ ə
в'аца	vˤ a t sʰ a
в'аҵьыкь	vˤ a t ɕʼ ə kʼʲ
га	ɣ a
гаарга	ɡ aː r ɡ a
гадымаҵь	ɣ a d ə m a t ɕʼ
газына	ɡ a z ə n a
гезер	ɡ e̞ z e̞ r
гурџьыбза	ɡ w ə r d ʒ ə b z a
Гурџьышәабла	ɡ w ə r d ʒ ə ʃʷ a b l a
гыдыл	ɡ ə d ə l
гьааӷа	ɡʲ aː ʁ a
гьаарыӷәа	ɡʲ aː r ə ʁʷ a
гьаафы	ɡʲ aː f ə
гьазоз	ɡʲ a z o̞ z
гьамыҟә	ɡʲ a m ə qʼʷ
гьанҵьа	ɡʲ a n t ɕʼ a
гьанҵәа	ɡʲ a n t ɕʼʷ
гьаты	ɡʲ a tʼ ə
гьауаҭәы	ɡʲ a w a tʰʷ ə
гьахәа	ɡʲ a χʷ a
гьаҵь	ɡʲ a t ɕʼ
гьаша	ɡʲ a ʂ a
гьашәа	ɡʲ a ʃʷ a
гьашәама	ɡʲ a ʃʷ a m a
гьы	ɡʲ ə
гьыба	ɡʲ ə b a
гьыбӷы	ɡʲ ə b ʁ ə
гьыбӷьа	ɡʲ ə b ʁʲ a
гьыбжь	ɡʲ ə b ʒ
гьыгьа	ɡʲ ə ɡʲ a
гьыгьаҙа	ɡʲ ə ɡʲ a ʑ a
гьыгьаԥшьа	ɡʲ ə ɡʲ a pʰ ʃ a
гьыгьаҫәа	ɡʲ ə ɡʲ a ɕʷ a
гьыдыӷы	ɡʲ ə d ə ʁ ə
гьыӡа	ɡʲ ə d z a
гьыҟа	ɡʲ ə qʼ a
гьыҟәа	ɡʲ ə qʼʷ a
гьыл	ɡʲ ə l
гьыпҟьа	ɡʲ ə pʼ qʼʲ a
гьытәы	ɡʲ ə tʼʷ ə
гьыуқә	ɡʲ ə w ə kʰʷ
гьыфа	ɡʲ ə f a
гьыфаҟәаԯьа	ɡʲ ə f a qʼʷ a ɬʼ a
гьыфаӄ'а	ɡʲ ə f a qˤ a
гьыфаҵьада	ɡʲ ə f a t ɕʼ a d a
гьыхы	ɡʲ ə χ ə
гьыхьа	ɡʲ ə χʲ a
гьыхәадоу	ɡʲ ə χʷ a d o̞ w
гьыцәаб'а	ɡʲ ə t ɕʰʷ a bˤ a
гьыҵәаҵә	ɡʲ ə t ɕʼʷ a t ɕʼʷ
гьыҿа	ɡʲ ə ʈ ʂʼ a
гьышаҟа	ɡʲ ə ʂ a qʼ a
гәа	ɡʷ a
гәааҟа	ɡʷ aː qʼ a
гәааҟашәа	ɡʷ aː qʼ a ʃʷ a
гәыбӷьа	ɡʷ ə b ʁʲ a
гәыӡь	ɡʷ ə d ʑ
гәыма	ɡʷ ə m a
гәымаахьа	ɡʷ ə m aː χʲ a
гәымабыӡ	ɡʷ ə m a b ə d z
гәымау'ҟ'әа	ɡʷ ə m a wˤ qˤʼʷ a
Гәымзаӷ	ɡʷ ə m z a ʁ
гәыцааф	ɡʷ ə t sʰ aː f
гәычааҟа	ɡʷ ə t ʃʰ aː qʼ a
гәычааҟаӷ	ɡʷ ə t ʃʰ aː qʼ a ʁ
гәыҷааиа	ɡʷ ə t ʃʼ aː j a
гәышьа	ɡʷ ə ʃ a
ӷ	ʁ
ӷаанцәых	ʁ aː n t ɕʼʷ ə χ
ӷагәада	ʁ a ɡʷ a d a
ӷаӷәа	ʁ a ʁʷ a
ӷаӷәашәаԯадыча	ʁ a ʁʷ a ʃʷ a ɬ a d ə t ʃʰ a
ӷаз	ʁ a z
ӷакьа	ʁ a kʼʲ a
ӷала	ʁ a l a
ӷалаҵьафы	ʁ a l a t ɕʼ a f ə
ӷанча	ʁ a n t ʃʰ a
ӷатә	ʁ a tʼʷ
ӷаҭхә	ʁ a tʰ χʷ
ӷау	ʁ a w ə
ӷаҵа	ʁ a t sʼ a
ӷаҵабҙаҭә	ʁ a t sʼ a b ʑ a tʰʷ
ӷаҵаӷәа	ʁ a t sʼ a ʁʷ a
ӷаҵаӷәоу	ʁ a t sʼ a ʁʷ o̞ w
ӷаҵаҫә	ʁ a t sʼ a ɕʷ
ӷаҵатә	ʁ a t sʼ a tʼʷ
ӷаҵатәас	ʁ a t sʼ a tʼʷ a s
ӷаҵаҭә	ʁ a t sʼ a tʰʷ
ӷаҵау	ʁ a t sʼ a w ə
ӷаҵах	ʁ a t sʼ a χ
ӷаҵеиа	ʁ a t sʼ a j a
ӷаҵеиаӷәа	ʁ a t sʼ a j a ʁʷ a
ӷачада	ʁ a t ʃʰ a d a
ӷашахыман	ɣ a ʂ a χ ə m a n
ӷашмақ	ʁ a ʂ m a kʰ
ӷаџьах	ʁ a d ʒ a χ
ӷеиа	ʁ a j a
ӷыба	ʁ ə b a
ӷыбза	ʁ ə b z a
ӷыз	ʁ ə z
ӷырԥхьадыкә	ʁ ə r pʰ χʲ a d ə kʼʷ
ӷьа	ʁʲ a
ӷьада	ʁʲ a d a
ӷьадыӷҟа	ʁʲ a d ə ʁ qʼ a
ӷьаҙәацьа	ʁʲ a ʑʷ a t ɕʰ a
ӷьакьа	ʁʲ a kʼʲ a
ӷьафына	ʁʲ a f ə n a
ӷәа	ʁʷ a
ӷәаӷәы	ʁʷ a ʁʷ ə
ӷәадыҟы	ʁʷ a d ə qʼ ə
ӷәаза	ʁʷ a z a
ӷәаӡьада	ʁʷ a d ʑ a d a
ӷәаҟ	ʁʷ a qʼ
ӷәаҟа	ʁʷ a qʼ a
ӷәала	ʁʷ a l a
ӷәалабзы	ʁʷ a l a b z ə
ӷәалагьыӡа	ʁʷ a l a ɡʲ ə d z a
ӷәана	ʁʷ a n a
ӷәанцәа	ʁʷ a n t ɕʰʷ a
ӷәаԥча	ʁʷ a pʰ t ʃʰ a
ӷәараҫәы	ʁʷ a r a ɕʷ ə
ӷәаҫә	ʁʷ a ɕʷ
ӷәатә	ʁʷ a tʼʷ
ӷәатәыџь	ʁʷ a tʼʷ ə d ʒ
ӷәау	ʁʷ a w ə
ӷәах	ʁʷ a χ
ӷәаца	ʁʷ a t sʰ a
ӷәацаҟа	ʁʷ a t sʰ a qʼ a
ӷәаҷыӷ	ʁʷ a t ʃʼ ə ʁ
ӷәаҽа	ʁʷ a ʈ ʂʰ a
ӷәаџь	ʁʷ a d ʒ
ӷәоомыл	ʁʷ o̞ː m ə l
ӷәоу	ʁʷ o̞ w
ӷәы	ʁʷ ə
ӷәымтым	ʁʷ ə m tʼ ə m
ӷәына	ʁʷ ə n a
ӷәынаакә	ʁʷ ə n aː kʼʷ
ӷәынаҫәа	ʁʷ ə n a ɕʷ a
ӷәынгьа	ʁʷ ə n ɡʲ a
ӷәындәаабӷьа	ʁʷ ə n dʷ aː b ʁʲ a
ӷәындәы	ʁʷ ə n dʷ ə
ӷәындәыҟәоу	ʁʷ ə n dʷ ə qʼʷ o̞ w
ӷәындәыџьа	ʁʷ ə n dʷ ə d ʒ a
ӷәыны	ʁʷ ə n ə
ӷәыԥча	ʁʷ ə pʰ t ʃʰ a
ӷәырбашь	ʁʷ ə r b a ʃ
ӷәырда	ʁʷ ə r d a
ӷәырза	ʁʷ ə r z a
ӷ'	ʁˤ
ӷ'аанца	ʁˤ aː n t sʰ a
ӷ'аб'а	ʁˤ a bˤ a
ӷ'аҟа	ʁˤ a qʼ a
ӷ'алу'а	ʁˤ a l wˤ a
ӷ'аца	ʁˤ a t sʰ a
ӷ'ача	ʁˤ a t ʃʰ a
ӷ'ыԯа	ʁˤ ə ɬ a
да	d a
дааӷьа	d aː ʁʲ a
дааҟ	d aː qʼ
давриш	d ä v r i ʂ
дагьыӷы	d a ɡʲ ə ʁ ə
дагәааҫа	d a ɡʷ aː ɕ a
дагәы	d a ɡʷ ə
даӷьырымыӡьы	d a ʁʲ ə r ə m ə d ʑ ə
даӷәа	d a ʁʷ a
даӷәамса	d a ʁʷ a m s a
дакьа	d a kʼʲ a
даҟа	d a qʼ a
даҟәа	d a qʼʷ a
даԯаҟаала	d a ɬ a qʼ aː l a
даԥх	d a pʰ χ
даԥшьоу	d a pʰ ʃ a w
даҭә	d a tʰʷ
даул	d a w u l
даушь	d a w ə ʃ
дахәа	d a χʷ a
дахәаԥча	d a χʷ a pʰ t ʃʰ a
дашьаахьа	d a ʃ aː χʲ a
дашәандыкьы	d a ʃʷ a n d ə kʼʲ ə
дашәаны	d a ʃʷ a n ə
дашәы	d a ʃʷ ə
дӷа	d ʁ a
дӷаарабы	d ʁ a aː r a b ə
дӷаҙы	d ʁ a ʑ ə
дӷан	d ʁ a n
дӷаҫәа	d ʁ a ɕʷ a
дӷача	d ʁ a t ʃʰ a
дӷашьагьы	d ʁ a ʃ a ɡʲ ə
дема	d ɛ m a
демаахьа	d ɛ m aː χʲ a
демаӷьа	d ɛ m a ʁʲ a
демаҵь	d ɛ m a t ɕʼ
диа	d ə j a
диалы	d ə j a l ə
диацәа	d ə j a t ɕʰʷ a
диашь	d ə j a ʃ
дуа	d ə w a
дуаӷьа	d ə w a ʁʲ a
дуаҟа	d ə w a qʼ a
дуқьан	d ə w kʰʲ a n
дулаԥ	d ə w l a pʰ
думафа	d ə w m a f a
дунеи	d ə w n a j
душаҟа	d ə w ʂ a qʼ a
душаҟашь	d ə w ʂ a qʼ a ʃ
дыба	d ə b a
дыбзы	d ə b z ə
дыӷынца	d ə ʁ ə n t sʰ a
дыӷь	d ə ʁʲ
дыӷәаны	d ə ʁʷ a n ə
дыӷәы	d ə ʁʷ ə
дыӷәыҟәоу	d ə ʁʷ ə qʼʷ o̞ w
дыӷ'	d ə ʁˤ
дыӷ'ҟа	d ə ʁˤ qʼ a
дыд	d ə d
дыдҟа	d ə d qʼ a
дыҙәаакьа	d ə ʑʷ aː kʼʲ a
дықьа	d ə kʰʲ a
дынқьа	d ə n kʰʲ a
Дыԥшьоу	d ə pʰ ʃ o̞ w
дыԥшьы	d ə pʰ ʃ ə
дыф	d ə f
дыхахоу	d ə χ a χ o̞ w
дыхоу	d ə x o̞ w
дыхы	d ə χ ə
дычыдоу	d ə t ʃʰ ə d o̞ w
дәа	dʷ a
дәанаакьа	dʷ a n aː kʼʲ a
дәау	dʷ a w ə
дәыдәа	dʷ ə dʷ a
дәыҫәах	dʷ ə ɕʷ a x
ебеԥхьашә	e̞ b e̞ pʰ χʲ a ʃʷ
Ебзыш	e̞ b z ə ʂ
евер	e̞ v e̞ r
еиӷьа	e̞ j ʁʲ a
еида	e̞ j d a
еқуҭ	e̞ kʰ u tʰ
елеқь	e̞ l e̞ kʰʲ
Елҟан	e̞ l qʼ a n
еман	e̞ m a n
еныҙ	j a n ə ʑ
Ерымхәа	e̞ r ə m χʷ a
ерыша	e̞ r ə ʂ a
еҭым	j a tʰ ə m
ехәыдбза	e̞ χʷ ə d b z a
Ехәыдшәабла	e̞ χʷ ə d ʃʷ a b l a
ецәа	e̞ t ɕʰʷ a
ецәахәыреи	j a t ɕʰʷ a χʷ ə r e̞ j
ж	ʐ
жа	ʐ a
жаакьа	ʐ aː kʼʲ a
жаӄә	ʐ a qʷ
жаужаакьа	ʐ a w ə ʐ aː kʼʲ a
жӷәа	ʐ ʁʷ a
жьоуа	ʒ a w a
жьы	ʒ ə
жәа	ʒʷ a
жәааҟа	ʒʷ aː qʼ a
жәаала	ʒʷ aː l a
жәагәыма	ʒʷ a ɡʷ ə m a
жәамԯы	ʒʷ a m ɬ ə
жәанкьы	ʒʷ a n kʼʲ ə
жәаудәа	ʒʷ a
жәашәа	ʒʷ a ʃʷ a
жәы	ʒʷ ə
жәыбӷьы	ʒʷ ə b ʁʲ ə
жәыбл	ʒʷ ə b l
жәыӷәа	ʒʷ ə ʁʷ a
жәыза	ʒʷ ə z a
жәыҟа	ʒʷ ə qʼ a
жәыҟажәы	ʒʷ ə qʼ a ʒʷ ə
жәыӄа	ʒʷ ə q a
жәыпҭәы	ʒʷ ə pʼ tʰʷ ə
жәыҫа	ʒʷ ə ɕ a
жәытҟәа	ʒʷ ə tʼ qʼʷ a
жәыф	ʒʷ ə f
жәыхы	ʒʷ ə χ ə
жәыҷа	ʒʷ ə t ʃʼ a
жәышьх	ʒʷ ə ʃ χ
жәышьы	ʒʷ ə ʃ ə
за	z a
зауадуаакьа	z a w a d ə w aː kʼʲ a
Зафҟара	z a f qʼ a r a
зафҭиа	z a f tʰ ə j a
зеиа	z a j a
Зеиҫәа	z a j ɕʷ a
зеиҭын	z e̞ j tʰ ə n
зуруԯ	z ə w r ə w ɬ
ҙаҙа	ʑ a ʑ a
ҙаҙаакьа	ʑ a ʑ aː kʼʲ a
ҙынгәа	ʑ ə n ɡʷ a
ҙынгәаабӷьа	ʑ ə n ɡʷ aː b ʁʲ a
ҙынҭу	ʑ ə n tʰ ə w
ҙәа	ʑʷ a
ҙәабаӡьы	ʑʷ a b a d ʑ ə
ҙәаӷа	ʑʷ a ʁ a
Ҙәаӷьооҟаԯа	ʑʷ a ʁʲ o̞ː qʼ a ɬ a
ҙәаӡы	ʑʷ a d z ə
ҙәаӡыбзы	ʑʷ a d z ə b z ə
ҙәаӡьа	ʑʷ a d a
Ҙәыда	ʑʷ ə d a
ҙәымҵа	ʑʷ ə m t sʼ a
ҙәымҵаԥԯы	ʑʷ ə m t sʼ a pʰ ɬ ə
ӡ	d z
ӡа	d z a
ӡаахәа	d z aː χʷ a
ӡаӷ'әа	d z a ʁˤʷ a
ӡаҟәа	d z a qʼʷ a
ӡамӷа	d z a m ʁ a
ӡамӷьаҷа	d z a m ʁʲ a t ʃʼ a
ӡамӷьаҷаԥӄы	d z a m ʁʲ a t ʃʼ a pʰ q ə
ӡамӷьаша	d z a m ʁʲ a ʂ a
ӡана	d z a n a
ӡаԥ'аш	d z a pˤʰ a ʂ
ӡаҭә	d ʒ a tʰʷ
ӡӷа	d z ʁ a
ӡьа	d ʑ a
ӡьаада	d ʑ aː d a
ӡьааԥха	d ʑ aː pʰ χ a
ӡьаӡь	d ʑ a d ʑ
ӡьаӡьааԥа	d ʑ a d ʑ aː pʰ a
ӡьаӡьбзааԥа	d ʑ a d ʑ b z aː pʰ a
ӡьама	d ʑ a m a
ӡьамазаҟаала	d ʑ a m a z a qʼ aː l a
ӡьаны	d ʑ a n ə
ӡьаҫа	d ʑ a ɕ a
ӡәа	d ʑʷ a
ӡәадашь	d ʑʷ a d a ʃ
ӡәадәа	d ʑʷ a dʷ a
ӡәаӡәа	d ʑʷ a d ʑʷ a
ӡәаӡәагьыӡа	d ʑʷ a d ʑʷ a ɡʲ ə d z a
ӡәаҟҟа	d ʑʷ a qʼ qʼ a
ӡәаҟы	d ʑʷ a qʼ ə
ӡәаԥшьа	d ʑʷ a pʰ ʃ a
ӡәаҭа	d ʑʷ a tʰ a
ӡәаҭаҫа	d ʑʷ a tʰ a ɕ a
ӡәашәа	d ʑʷ a ʃʷ a
ӡәоу	d ʑʷ o̞ w
ибадеҭ	j ə b a d e̞ tʰ
инаҭҟаӷ	j ə n a tʰ qʼ a ʁ
ингылызбза	j ə n ɡ ə l ə z b z a
Ингылызшәабла	j ə n ɡ ə l ə z ʃʷ a b l a
инҭиқам	j ə n tʰ ə j kʰ a m
инџы	j ə n ɖ ʐ ə
инџыӷәыны	j ə n ɖ ʐ ə ʁʷ ə n ə
исқеле	j ə s kʰ e̞ l e
исԥаҭан	j ə s pʰ a tʰ a n
исҭасион	j ə s tʰ a s j ɔ n
ишҭаҳ	j ə ʂ tʰ a h
кады	kʼ a d ə
карал	kʼ a r a l
каҳуа	kʼ a h w a
кьааб'ы	kʼʲ aː bˤ ə
кьаада	kʼʲ aː d a
кьаб'ы	kʼʲ a bˤ ə
Кьаб'ышәы	kʼʲ a bˤ ə ʃʷ ə
кьадәы	kʼʲ a dʷ ə
кьам'а	kʰʲ a mˤ a
кьанасу	kʼʲ a n a s ə w
кьарахәа	kʼʲ a r a χʷ a
кәашькь	kʼʷ a ʃ kʼʲ
кәыкәм'ав'	kʼʷ ə kʼʷ mˤ a vˤ
кәыпы	kʼʷ ə pʼ ə
Қаламаҭ	kʰ a l a m a tʰ
қамԥ	kʰ a m pʰ
қаса	kʰ a s a
қауар	kʰ a w a r
қефҽы	kʰ e̞ f ʈ ʂʰ ə
қилиса	kʰ i l i s a
қоза	kʰ o z a
қьааҳаҭ	kʰʲ aː h a tʰ
қьаӷ	kʰʲ a ʁ
қьаԥоу	kʰʲ a pʰ o̞ w
қьир	kʰʲ i r
қьои	kʰʲ o̞ j
қьыныҫәа	kʰʲ ə n ə ɕʷ a
қәабжа	kʰʷ a b ʐ a
қәы	kʰʷ ə
қәыԯамыџь	kʰʷ ə ɬ a m ə d ʒ
Қәышьықә	kʰʷ ə ʃ ə kʰʷ
ҟаапа	qʼ aː pʼ a
ҟааҭа	qʼ aː tʰ a
ҟада	qʼ a d a
ҟаԯьа	qʼ a ɬʼ a
Ҟамлаҭ	qʼ a m l a tʰ
ҟапа	qʼ a pʼ a
ҟасаба	qʼ a s a b a
ҟасеҭбза	qʼ a s e̞ tʰ b z a
Ҟасеҭшәабла	qʼ a s e̞ tʰ ʃʷ a b l a
ҟауа	qʼ a w a
ҟауж	qʼ a w ə ʐ
ҟашха	qʼ a ʂ χ a
ҟашхауаԯ	qʼ a ʂ χ a w a ɬ
ҟынҭәа	qʼ ə n tʰʷ a
ҟьыҵә	qʼʲ ə t ɕʼʷ
ҟьыҵәҟа	qʼʲ ə t ɕʼʷ qʼ a
ҟәарыҵәа	qʼʷ a r ə t ɕʼʷ a
ҟәау	qʼʷ a w ə
ҟ'аб'агьы	qˤʼ a bˤ a ɡʲ ə
ҟ'аб'цәа	qˤʼ a bˤ t ɕʰʷ a
ҟ'амаҟ'	qˤʼ a m a qˤʼ
ҟ'анӡаҟ'ә	qˤʼ a n d z a qˤʼʷ
ҟ'әы	qˤʼʷ ə
ҟ'әызаҷы	qˤʼʷ ə z a t ʃʼ ə
ӄ	q
ӄа	q a
ӄабасӄа	q a b a s q a
ӄадифа	q a d i f a
ӄадыԯшәа	q a d ə ɬ ʃʷ a
ӄаз	q a z
ӄаиқ	q a j ə kʰ
ӄаиқџы	q a j ə kʰ ɖ ʐ ə
ӄаиҵәадыԯшәа	q a j t ɕʼʷ a d ə ɬ ʃʷ a
ӄалаҟа	q a l a qʼ a
ӄамчы	q a m t ʃʰ ə
ӄарар	q a r a r
ӄароу	q a r a w
ӄасы	q a s ə
ӄаҭыр	q a tʰ ə r
ӄацәиа	q a t ɕʰʷ ə j a
ӄаџыӄ	q a ɖ ʐ ə q
Ӄурӏан	q u r ʔ a n
ӄыҟа	q ə qʼ a
ӄырԥыз	q ə r pʰ ə z
ӄәымаала	qʷ ə m aː l a
ӄ'ала	qˤ a l a
ӄ'ыԯы	qˤ ə ɬ ə
ӄ'әаӷ'ы	qˤʷ a ʁˤ ə
Ӄ'әыҟ'әышә	qˤʷ ə qˤʼʷ ə ʃʷ
лаажьа	l aː ʒ a
Лаӷ'әа	l a ʁˤʷ a
лаҟа	l a qʼ a
лаҟабыша	l a qʼ a b ə ʂ a
лаҟаҫха	l a qʼ a ɕ χ a
лаҟьы	l a qʼʲ ə
лаҟәыма	l a qʼʷ ə m a
ламба	l a m b a
ландәа	l a n dʷ a
ландәаҭәыӡьа	l a n dʷ a tʰʷ ə d ʑ a
лаҳбза	l a h b z a
Лаҳшәабла	l a h ʃʷ a b l a
леилақ	l e̞ j l a kʰ
леишәа	l e̞ j ʃʷ a
лу'а	l wˤ a
ԯа	ɬ a
ԯаапа	ɬ aː pʼ a
ԯаапагә	ɬ aː pʼ a ɡʷ
ԯаапарыҫәа	ɬ aː pʼ a r ə ɕʷ a
ԯаача	ɬ aː t ʃʰ a
ԯабжьа	ɬ a b ʒ a
ԯамса	ɬ a m s a
ԯанцәа	ɬ a n t ɕʰʷ a
ԯаԥад	ɬ a p a d
ԯаԥӄы	b ʑ a qʼ a
Ԯаԥҫоу	tʰ l a pʰ ɕ o̞ w
ԯаха	ɬ a x a
ԯахадема	ɬ a x a d ɛ m a
ԯахадыма	ɬ a x a d ə m a
ԯацәабыҟ'ә	ɬ a t ɕʰʷ a b ə qˤʼʷ
ԯыӄәса	ɬ ə qʷ s a
ԯьаӷа	ɬʼ a ʁ a
ԯьаӄәа	ɬʼ a qʷ a
Ԯьыҵыкә	ɬʼ ə t sʼ ə kʼʷ
ԯьыҷа	ɬʼ ə t ʃʼ a
мааӷ'әа	m aːˤʷ a
маадакьа	m aː d a kʼʲ a
маадан	m aː d a n
маахәҽа	m aː χʷ ʈ ʂʰ a
мааҵа	m aː t sʼ a
маашьа	m aː ʃ a
Мазҳаԥ	m a z h a pʰ
Мазҳар	m a z h a r
маӡьеи	m a d ʑ a j
маимун	m a j m ə w n
макыф	m a kʼ ə f
мақьҭаб	m a kʰʲ tʰ a b
малеиқьа	m a l a j kʰʲ a
мардуан	m a r d w a n
матаҫа	m a tʼ a ɕ a
матаҫаӷәыны	m a tʼ a ɕ a ʁʷ ə n ə
махәҽа	m a χʷ ʈ ʂʰ a
маҳалы	m a h a l ə
мацаҟаала	m a t sʰ a qʼ aː l a
маҵә	m a t ɕʼʷ
маҵәақәымӷьа	m a t ɕʼʷ a kʰʷ ə m ʁʲ a
маҵәаҟаала	m a t ɕʼʷ a qʼ aː l a
маҵәгьыӷы	m a t ɕʼʷ ɡʲ ə ʁ ə
маҵәшашын	m a t ɕʼʷ ʂ a ʂ ə n
маџьарбза	m a d ʒ a r b z a
Маџьаршәабла	m a d ʒ a r ʃʷ a b l a
мереқьеб	m e r e kʰʲ e b
мецьа	m e t ɕʰ a
мецьаҟа	m e t ɕʰ a qʼ a
мецьаҟаԥшьа	m e t ɕʰ a qʼ a pʰ ʃ a
мӡаҵьа	m d z a t ɕʼ a
мӡаша	m d z a ʂ a
мимаар	m ə j m aː r
моухәҽа	m o̞ w χʷ ʈ ʂʰ a
мыӷьа	m ə ʁʲ a
мыжыӄ	m ə ʐ ə q
мыӡьы	m ə d ʑ ə
мыӡьыҫәа	m ə d ʑ ə ɕʷ a
мыҫа	m ə ɕ a
Мыҫаакьа	m ə ɕ aː kʲʼ a
мыҫаԯа	m ə ɕ a ɬ a
мыҫәа	m ə ɕʷ a
мыҫәамых	m ə ɕʷ a m ə χ
мыцаныб'а	m ə t sʰ a n ə bˤ a
мыҵьаҟаԥшьа	m ə t ɕʼ a qʼ a pʰ ʃ a
мышамша	m ə ʂ a m ʂ a
мышьха	m ə ʃ χ a
мышьы	m ə ʃ ə
мышьыԥҫа	m ə ʃ ə pʰ ɕ a
мышәа	m ə ʃʷ a
мышәы	m ə ʃʷ ə
мышәыб'ашхәы	m ə ʃʷ ə bˤ a ʂ χʷ ə
мџьаҭхәацав'аца	m d ʒ a tʰ χʷ a t sʰ a vˤ a t sʰ a
м'а	mˤ a
м'аӡьы	mˤ a d ʑ ə
м'ашәа	mˤ a ʃʷ a
м'ашәы	mˤ a ʃʷ ə
на	n a
нааб'а	n aː bˤ a
наатыф	n aː tʰ ə f
нааша	n aː ʂ a
нагьыӡа	n a ɡʲ ə d z a
наӷәеибза	n a ʁʷ e̞ j b z a
наҟаамыӷ	n a qʼ aː m ə ʁ
наноу	n a n o̞ w
нарыԥԯа	n a r ə pʰ ɬ a
насыԥ	n a s ə pʰ
наџьаԥхьа	n a d ʒ a pʰ χʲ a
наџьыԯа	n a d ʒ ə ɬ a
ндәыҟа	n dʷ ə qʼ a
ниқаҳ	n i kʰ a h
нқьааӷ	n kʰʲ aː ʁ
ныб'а	n ə bˤ a
пԯьы	pʼ ɬʼ ə
португаԯбза	pʼ o r tʼ u ɡ a ɬ b z a
Португаԯшәабла	pʼ o r tʼ u ɡ a ɬ ʃʷ a b l a
пҵа	pʼ t sʼ a
П'ап'ыжә	pˤʼ a pˤʼ ə ʒʷ
ԥа	pʰ a
ԥԯы	pʰ ɬ ə
ԥолис	pʰ o l i s
ԥса	pʰ s a
ԥсакәады	pʰ s a kʼʷ a d ə
ԥсаҟааҽы	pʰ s a qʼ aː ʈ ʂʰ ə
ԥсаԯыхә	pʰ s a ɬ ə χʷ
ԥсапҟьа	pʰ s a pʼ qʼʲ a
ԥсауа	pʰ s a w a
ԥсафы	pʰ s a f ə
ԥсашь	pʰ s a ʃ
ԥсашьаакьа	pʰ s a ʃ aː kʼʲ a
ԥсашьоу	pʰ s a ʃ a w
ԥсыбыӷә	pʰ s ə b ə ʁʷ
ԥҫаб'ы	pʰ ɕ a bˤ ə
ԥушьқула	pʰ u ʃ kʰ u l a
ԥхьа	pʰ χʲ a
ԥшьа	pʰ ʃ a
ԥылоу	pʰ ə l o̞ w
ԥышҭоу	pʰ ə ʂ tʰ o̞ w
сааба	s aː b a
сабр	s a b r
саӡ	s a d z
санаҳаҭ	s a n a h a tʰ
саниа	s a n ə j a
сахаҭ	s a χ a tʰ
сечоу	s e t ʃʰ o̞ w
сыӷәа	s ə ʁʷ a
сыԯоу	s ə ɬ o̞ w
ҫа	ɕ a
ҫаба	ɕ a b a
Ҫоуԯьыхә	ɕ o̞ w ɬʼ ə χʷ
ҫыҫы	ɕ ə ɕ ə
ҫәаԯа	ɕʷ a ɬ a
ҫәаны	ɕʷ a n ə
ҫәыҟа	ɕʷ ə qʼ a
ҫәымб'а	ɕʷ ə m bˤ a
такә	tʼ a kʼʷ
тап'	tʼ a pˤʼ
тҟәа	tʼ qʷʼ a
тҟәаза	tʼ qʼʷ a z a
тҟәатәы	tʼ qʼʷ a tʼʷ ə
тҟәаць	tʼ qʼʷ a t ɕʰ
тҟәырыса	tʼ qʼʷ ə r ə s a
тыҙа	tʼ ə ʑ a
тым'а	tʼ ə mˤ a
тыԥса	tʼ ə pʰ s a
ҭабақа	tʰ a b a kʰ a
ҭаҟәысаҫ	tʰ a qʼʷ ə s a ɕ
ҭаӄым	tʰ a q ə m
ҭалмашь	tʰ a l m a ʃ
ҭамӷа	tʰ a m ʁ a
ҭаҳҭабиҭ	tʰ a h tʰ a b ə j tʰ
ҭашьмыҟ'ә	tʰ a ʃ m ə qˤʼʷ
ҭемам	tʰ e̞ m a m
ҭенџере	tʰ e̞ n ɖ ʐ e̞ r e̞
ҭоԥ	tʰ o̞ pʰ
ҭоԥҽы	tʰ o̞ pʰ ʈ ʂʰ ə
ҭорба	tʰ ɔ r b a
ҭоу	tʰ a w
ҭохҭеи	tʰ o̞ χ tʰ e̞ j
ҭрамуаи	tʰ r a m w a j
ҭуҭун	tʰ u tʰ u n
ҭхамааҭа	tʰ χ a m aː tʰ a
ҭхоу	t x a w
ҭырқә	tʰ ə r kʰʷ
ҭырқәбза	tʰ ə r kʰʷ b z a
Ҭырқәшәабла	tʰ ə r kʰʷ ʃʷ a b l a
ҭырҟә	tʰ ə r qʼʷ
ҭыҭ	tʰ ə tʰ
ҭыҭб'ыҟә	tʰ ə tʰ b ə qˤʼʷ
ҭыҭгьыбӷы	tʰ ə tʰ ɡʲ ə b ʁ ə
ҭыҭлеишәа	tʰ ə tʰ l a j ʃʷ a
ҭыҭышь	tʰ ə tʰ ə ʃ
ҭәахыбза	tʰʷ a χ ə b z a
у'а	wˤ a
у'ааҭәа	wˤ aː tʰʷ a
у'абаӡьы	w aˤ b a d ʑ ə
у'абла	w aˤ b l a
у'анџа	w aˤ n ɖ ʐ a
у'аҭәа	w aˤ tʰʷ a
у'ацакь	w aˤ t sʰ a kʼʲ
у'ацьхы	w aˤ t ɕʰ x ə
у'ашхалаҟәы	w aˤ ʂ χ a l a qʼʷ ə
у'аџа	w aˤ ɖ ʐ a
у'ҟ'әав'а	wˤ ə qˤʼʷ a vˤ a
уа	w a
Уа	w a
уаа	w aː
уаауа	w aː w a
Уаб'а	w a bˤ a
уады	w o̞ d ə
уаз	w a z
уақыҭ	w o̞ kʰ ə tʰ
уандера	w a n d e̞ r a
уанџьаӄ	w o̞ n d ʒ a q
уаҭх	w a tʰ χ
уаҭәаакьа	w a tʷ aː kʲʼ a
уафада	w o̞ f a d a
уергьы	w e̞ r ɡʲ ə
уоқ	w o̞ kʰ
урум	u r u m
Урумшәабла	u r u m ʃʷ a b l a
урымбза	w ə r ə m b z a
урысбза	w ə r ə s b z a
Урысшәабла	w ə r ə s ʃʷ a b l a
уҫа	w ə ɕ a
утәакәача	w ə tʼʷ a kʼʷ a t ʃʰ a
утәафааҟа	w ə tʼʷ a f aː qʼ a
ушақ	w ə ʂ a kʰ
Уыӷәа	w ə ʁʷ a
ф	f
фаакьа	f aː kʼʲ a
фаамышь	f aː m ə ʃ
фаас	f aː s
фаахьа	f aː χʲ a
фаахьах	f aː χʲ a χ
фабҙаҭә	f a b ʑ a tʰʷ
фагьыӷа	f a ɡʲ ə ʁ a
фаиада	f a j a d a
фаҟ	f a qʼ
фаҟәа	f a qʼʷ a
фаҟәаԯьа	f a qʼʷ a ɬʼ a
фаҟәаҭәыџь	f a qʼʷ a tʰʷ ə d ʒ
фалааԥԯа	f a l aː pʰ ɬ a
фаԥԯа	f a pʰ ɬ a
фаԥха	f a pʰ χ a
фаԥхьа	f a pʰ χʲ a
фау	f a w ə
фауаакьа	f a w aː kʼʲ a
фаҵьа	f a t ɕʼ a
фаҵьабзы	f a t ɕʼ a b z ə
фаҵьаԥшьаҭхә	f a t ɕʼ a pʰ ʃ a tʰ χʷ
фаҷа	f a t ʃʼ a
фаҷаҭә	f a t ʃʼ a tʰʷ
фаҷы	f a t ʃʼ ə
фашаԥш	f a ʂ a pʰ ʂ
фашь	f a ʃ
фашьеиа	f a ʃ e̞ j a
фашьишьа	f a ʃ ə j ʃ a
фицар	f i t sʰ a r
франгьбза	f r a n ɡʲ b z a
Франгьшәабла	f r a n ɡʲ ʃʷ a b l a
фы	f ə
фыӷәа	f ə ʁʷ a
фым	f ə m
фырыџьан	f ə r ə d ʒ a n
фыҽы	f ə ʈ ʂʰ ə
хааҫа	χ aː ɕ a
хааҭа	χː a tʰ a
хазына	χ a z ə n a
хаироон	χ a j r o̞ː n
хандық	χ a n d ə kʰ
ханым	χ a n ə m
хапрааҫәа	χ a pʼ r aː ɕʷ a
хау	χ a w
хаџы	χ a ɖ ʐ ə
хьаакә	χʲ aː kʼʷ
Хьырԥыҫ	χʲ ə r pʰ ə ɕ
хәарыш	χʷ a r ə ʂ
хәорош	χʷ o̞ r o̞ ʂ
х'абзы	χˤ a b z ə
х'ашь	χˤ a ʃ
х'ыцәа	χˤ ə t ɕʰʷ a
х'әа	χˤʷ a
ҳаб	h a b
ҳазнадар	h a z n a d a r
ҳазыр	h a z ə r
ҳаи	ħ a j
ҳаиуан	h a j w a n
ҳалаиқ	h a l a j ə kʰ
ҳалы	h a l ə
Ҳанаҫә	ħ a n a ɕʷ
Ҳанашхә	h a n a ʂ χʷ
ҳарам	h a r a m
ҳауз	h a w ə z
ҳедиа	h e̞ d ə j a
ҳем	h e m
ҳилеҟаӷ	h i l e̞ qʼ a ʁ
ҳисар	h ə j s a r
ҳоџа	h o̞ ɖ ʐ a
ҳында	h ə n d a
ҳырқьа	h ə r kʰʲ a
ца	t sʰ a
цагәа	t sʰ a ɡʷ a
цаӷа	t sʰ a ʁ a
цадӷоҫәа	t sʰ a d ʁ o̞ ɕʷ a
цакьы	t sʰ a kʼʲ ə
цакьыԯафа	t sʰ a kʼʲ ə ɬ a f a
цаҟ'	t sʰ a qˤʼ
цаӄ'аԥ'ы	t sʰ a qˤ a pˤʰ ə
цалаӷ'әа	t sʰ a l a ʁˤʷ a
цамха	t sʰ a m x a
цанҭха	t sʰ a n tʰ χ a
цанхәыреи	t sʰ a n χʷ ə r e̞ j
цанцахәа	t sʰ a n t sʰ χʷ a
цанцышь	t sʰ a n t sʰ ə ʃ
цаны	t sʰ a n ə
цаныб'а	t sʰ a n ə bˤ a
цаныпҟьа	t sʰ a n ə pʼ qʼʲ a
цанышә	t sʰ a n ə ʃʷ
цанышәкәы	t sʰ a n ə ʃʷ kʼʷ ə
цанышәышә	t sʰ a n ə ʃʷ ə ʃʷ
цаԥҫаб'ҟа	t sʰ a pʰ ɕ a bˤ qʼ a
цаԥҫагәыҟа	t sʰ a pʰ ɕ a ɡʷ ə qʼ a
цаҭхәы	t sʰ a tʰ χʷ ə
цахь	t sʰ a χʲ
цаца	t sʰ a t sʰ a
цынцахәеи	t sʰ ə n t sʰ χʷ e̞ j
цышх	t sʰ ə ʂ χ
ць	t ɕʰ
цьа	t ɕʰ a
цьал	t ɕʰ a l
цьахь	t ɕʰ a χʲ
цьаца	t ɕʰ a t sʰ a
цьхы	t ɕʰ x ə
цьх'	t ɕʰ χˤ
цьыҟ'	t ɕʰ ə qˤʼ
цьыхатәа	t ɕʰ ə χ a tʼʷ a
цьыцьа	t ɕʰ ə t ɕʰ a
цәа	t ɕʰʷ a
цәаабӷа	t ɕʰʷ aː b ʁ a
цәааԥа	t ɕʰʷ aː pʰ a
цәабжь	t ɕʰʷ a b ʒ
цәабҙа	t ɕʰʷ a b ʑ a
цәагьыҭә	t ɕʰʷ a ɡʲ ə tʰʷ
цәагьыцәаб'а	t ɕʰʷ a ɡʲ ə t ɕʰʷ a bˤ a
цәаӷәа	t ɕʰʷ a ʁʷ a
цәаӷ'әы	t ɕʰʷ a ʁˤʷ ə
цәаӷ'әыԥԯы	t ɕʰʷ a ʁˤʷ ə pʰ ɬ ə
цәаӷ'әыҫәа	t ɕʰʷ a ʁˤʷ ə ɕʷ a
цәада	t ɕʰʷ a d a
цәадыҟәаҟа	t ɕʰʷ a d ə qʼʷ a qʼ a
цәадыҟәашәа	t ɕʰʷ a d ə qʼʷ a ʃʷ a
цәажәа	t ɕʰʷ a ʒʷ a
цәаӡьа	t ɕʰʷ a d ʑ a
цәаҟа	t ɕʰʷ a qʼ a
цәаҟәа	t ɕʰʷ a qʼʷ a
цәаҟ'ына	t ɕʰʷ a qˤʼ ə n a
цәала	t ɕʰʷ a l a
цәаԯа	t ɕʰʷ a ɬ a
цәаԯабжьа	t ɕʰʷ a ɬ a b ʒ a
цәамааџьа	t ɕʰʷ a m aː d ʒ a
цәамӷьа	t ɕʰ o m ʁ e
цәамыӷаатәа	t ɕʰʷ a m ə ʁ aː tʼʷ a
цәафаӡьа	t ɕʰʷ a f a d ʑ a
цәаха	t ɕʰʷ a x a
цәахааҭа	t ɕʰʷ a χ aː tʰ a
цәаҷа	t ɕʰʷ a t ʃʼ a
цәаш	t ɕʰʷ a ʂ
цәашаӷ	t ɕʰʷ a ʂ a ʁ
цәашх	t ɕʰʷ a ʂ χ
цәашәадады	t ɕʰʷ a ʃʷ a d a d ə
цәаџьа	t ɕʰʷ a d ʒ a
цәеи	t ɕʰʷ e̞ j
цәиа	t ɕʰʷ ə j a
цәу'ҟәа	t ɕʰʷ ə wˤ qʼʷ a
цәуԥҫ	ɕʷ uː pʰ ɕ e
цәх'а	t ɕʰʷ χˤ a
цәы	t ɕʰʷ ə
цәыбана	t ɕʰʷ ə b a n a
цәыбжьы	t ɕʰʷ ə b ʒ ə
цәыҙа	t ɕʰʷ ə ʑ a
цәықәа	t ɕʰʷ ə kʰʷ a
цәымӷь	t ɕʰʷ ə m ʁʲ
цәымӷьы	t ɕʰʷ ə m ʁʲ ə
цәынҭа	t ɕʰʷ ə n tʰ a
цәыцы	t ɕʰʷ ə t sʰ ə
ҵа	t sʼ a
ҵааӷа	t sʼ aː ʁ a
ҵаҟә	t sʼ a qʼʷ
ҵаԥа	t sʼ a pʰ a
ҵаԥха	t sʼ a pʰ χ a
ҵатәа	t sʼ a tʼʷ a
ҵаҭәа	t sʼ a tʰʷ a
ҵына	t sʼ ə n a
ҵыҭәа	t sʼ ə tʰʷ a
ҵышха	t sʼ ə ʂ χ a
ҵьа	t ɕʼ a
ҵьаапҟьа	t ɕʼ aː pʼ qʼʲ a
ҵьада	t ɕʼ a d a
ҵьаӡьаӡьа	t ɕʼ a d ʑ a d ʑ a
ҵьаста	t ɕʼ a s tʼ a
ҵьашь	t ɕʼ a ʃ
ҵьашә	t ɕʼ a ʃʷ
ҵьыкь	t ɕʼ ə kʼʲ
ҵьынӡьа	t ɕʼ ə n d ʑ a
ҵьынӡьаҟа	t ɕʼ ə n d ʑ a qʼ a
ҵьыҫы	t ɕʼ ə ɕ ə
ҵәа	t ɕʼʷ a
ҵәанажь	t ɕʼʷ a n a ʒ
ҵәанкь	t ɕʼʷ a n kʼʲ
ҵәанҭа	t ɕʼʷ a n tʰ a
ҵәаҫа	t ɕʼʷ a ɕ a
ҵәаца	t ɕʼʷ a t sʰ a
ҵәаҵә	t ɕʼʷ a t ɕʼʷ
ҵәаҵәы	t ɕʼʷ a t ɕʼʷ ə
ҵәынҭоу	t ɕʼʷ ə n tʰ o̞ w
ҵәыԥшьыкь	t ɕʼʷ ə pʰ ʃ ə kʼʲ
ч	t ʃʰ
ча	t ʃʰ a
чааԯа	t ʃʰ aː ɬ a
чаасӄәа	t ʃʰ aː s qʷ a
чааҭа	t ʃʰ aː tʰ a
чааҭәа	t ʃʰ aː tʰʷ a
чаахьа	t ʃʰ aː χʲ a
чабӷьас	t ʃʰ a b ʁʲ a s
чаӷьа	t ʃʰ a ʁʲ a
чадыр	t ʃʰ a d ə r
чаҙәатәа	t ʃʰ a ʑʷ a tʼʷ a
чаӡьа	t ʃʰ a d ʑ a
чақәыца	t ʃʰ a kʰʷ ə t sʰ a
чаԯмыӄ	t ʃʰ a ɬ m ə q
чамагь	t ʃʰ a m a ɡʲ
чамбыл	t ʃʰ a m b ə l
чаԥс	t ʃʰ a pʰ s
чаԥҫы	t ʃʰ a pʰ ɕ ə
чарх	t ʃʰ a r χ
часԯаӄ	t ʃʰ a s ɬ a q
чатәаҟа	t ʃʰ a tʼʷ a qʼ a
чаҭра	t ʃʰ a tʰ r a
чах'ә	t ʃʰ a χˤʷ
чашаҫәа	t ʃʰ a ʂ a ɕʷ a
чаџьы	t ʃʰ a d ʒ ə
Чохәа	t ʃʰ o̞ χʷ a
чуаауа	t ʃʰ ə w aː w a
чуана	t ʃʰ ə w a n a
чы	t ʃʰ ə
чыбахахоу	t ʃʰ ə b a χ a χ o̞ w
чыбжьиа	t ʃʰ ə b ʒ ə j a
чыгьыблы	t ʃʰ ə ɡʲ ə b l ə
чыгьыс	t ʃʰ ə ɡʲ ə s
чыда	t ʃʰ ə d a
чыдаҟәы	t ʃʰ ə d a qʼʷ ə
чыдыӄ'а	t ʃʰ ə d ə qˤ a
Чызамыӷәа	t ʃʰ ə z a m ə ʁʷ a
чыӡа	t ʃʰ ə d z a
чыӡадәа	t ʃʰ ə d z a dʷ a
чыӡьа	t ʃʰ ə d ʑ a
чықә	t ʃʰ ə kʰʷ
чыҟа	t ʃʰ ə qʼ a
чыҟәаҷоу	t ʃʰ ə qʼʷ a t ʃʼ o̞ w
чыҟ'әы	t ʃʰ ə qˤʼʷ ə
чыҟ'әыԯах	t ʃʰ ə qˤʼʷ ə ɬ a χ
чыҟ'әыҭәаны	t ʃʰ ə qˤʼʷ ə tʰʷ a n ə
чыӄәымаала	t ʃʰ ə qʷ ə m aː l a
чынҭәа	t ʃʰ ə n tʰʷ a
чынчоу	t ʃʰ ə n t ʃʰ o̞ w
чыԥааԥа	t ʃʰ ə pʰ aː pʰ a
чыԥшьыкь	t ʃʰ ə pʰ ʃ ə kʼʲ
чысы	t ʃʰ ə s ə
чыу'ҟ'әа	t ʃʰ ə wˤ qˤʼʷ a
чыфа	t ʃʰ ə f a
чыфаҷаҭәшәа	t ʃʰ ə f a t ʃʼ a tʰʷ ʃʷ a
чыца	t ʃʰ ə t sʰ a
чычаҟа	t ʃʰ ə t ʃʰ a qʼ a
чыҷаԯ	t ʃʰ ə t ʃʼ a ɬ
чыҿаԯ	t ʃʰ ə ʈ ʂʼ a ɬ
чышақәа	t ʃʰ ə ʂ a kʰʷ a
ҷа	t ʃʼ a
ҷааӡа	t ʃʼ aː d z a
ҷаацәа	t ʃʼ aː t ɕʰʷ a
ҷааҷа	t ʃʼ aː t ʃʼ a
ҷабзы	t ʃʼ a b z ə
ҷабҙауча	t ʃʼ a b ʑ a w ə t ʃʰ a
ҷагьиа	t ʃʼ a ɡʲ ə j a
ҷагьыҟәа	t ʃʼ a ɡʲ ə qʼʷ a
ҷагьыс	t ʃʼ a ɡʲ ə s
ҷагьытә	t ʃʼ a ɡʲ ə tʼʷ
ҷагьытәас	t ʃʼ a ɡʲ ə tʼʷ a s
ҷагьыҭә	t ʃʼ a ɡʲ ə tʰʷ
ҷагьыу	t ʃʼ a ɡʲ ə w ə
ҷаӷа	t ʃʼ a ʁ a
ҷаӷәа	t ʃʼ a ʁʷ a
ҷаӷ'а	t ʃʼ a ʁˤ a
ҷаҙы	t ʃʼ a ʑ ə
ҷакәа	t ʃʼ a kʼʷ a
ҷакәацәа	t ʃʼ a kʼʷ a t ɕʰʷ a
ҷаҟ	t ʃʼ a qʼ
ҷалаҭә	t ʃʼ a ɡʲ ə tʰʷ
ҷапҟьа	t ʃʼ a pʼ qʼʲ a
ҷаԥԯа	t ʃʼ a pʰ ɬ a
ҷаԥшьа	t ʃʼ a pʰ ʃ a
ҷарыҷан	t ʃʼ a r ə t ʃʼ a n
ҷас	t ʃʼ a s
ҷахәа	t ʃʼ a χʷ a
ҷахәах	t ʃʼ a χʷ a χ
ҷацәа	t ʃʼ a t ɕʰʷ a
ҷаҽа	t ʃʼ a ʈ ʂʰ a
ҷашалацәа	t ʃʼ a ʂ a l a t ɕʰʷ a
ҷоутәоу	t ʃʼ o̞ w tʼʷ o̞ w
ҷынҷаӷь	t ʃʼ ə n t ʃʼ a ʁʲ
ҷыркәа	t ʃʼ ə r kʼʷ a
ҷыча	t ʃʼ ə t ʃʰ a
ҷыҷаха	t ʃʼ ə t ʃʼ a x a
ҽады	ʈ ʂʰ a d ə
ҽадыҟа	ʈ ʂʰ a d ə qʼ a
ҽадыӄьа	ʈ ʂʰ a d ə qʲ a
ҽаҟәы	ʈ ʂʰ a qʼʷ ə
ҽан	ʈ ʂʰ a n
ҽанҽаԥԯы	ʈ ʂʰ a n ʈ ʂʰ a pʰ ɬ ə
ҽыгә	ʈ ʂʰ ə ɡʷ
ҽыҟа	ʈ ʂʰ ə qʼ a
ҽып	ʈ ʂʰ ə pʼ
ҽыфҭ	ʈ ʂʰ ə f tʰ
ҿа	ʈ ʂʼ a
ҿаҟәаҭә	ʈ ʂʼ a qʼʷ a tʰʷ
ҿас	ʈ ʂʼ a s
ҿафа	ʈ ʂʼ a f a
ҿафау	ʈ ʂʼ a f a w ə
ҿафацакь	ʈ ʂʼ a f a t sʰ a kʼʲ
ҿахындаҟа	ʈ ʂʼ a χ ə n d a qʼ a
ҿашь	ʈ ʂʼ a ʃ
ҿеиаҷа	ʈ ʂʼ e̞ j a t ʃʼ a
шанҭәа	ʂ a n tʰʷ a
шаԥсоу	ʂ a pʰ s a w
шаҳар	ʂ a h a r
шашаԥш	ʂ a ʂ a pʰ ʂ
шьақьар	ʃ a kʰʲ a r
шьаршьаф	ʃ a r ʃ a f
шьха	ʃ x a
шьхаҟа	ʃ x a qʼ a
шьхы	ʃ χ ə
шьхыӷәыны	ʃ x ə ʁʷ ə n ə
шьыԯа	ʃ ə ɬ a
шьыных	ʃ ə n ə χ
шәа	ʃʷ a
шәаӄафа	ʃʷ a q a f a
шәеицәа	ʃʷ e̞ j t ɕʰʷ a
шәыҟа	ʃʷ ə qʼ a
шәыҭне	ʃʷ y tʰ n e̞
џ	ɖ ʐ
џамиа	ɖ ʐ a m ə j a
џанаса	ɖ ʐ ä n ä s ä
џарӷа	ɖ ʐ a r ʁ a
џеваб	ɖ ʐ e v a b
џьа	d ʒ a
џьааӷа	d ʒ aː ʁ a
џьабиа	d ʒ a b ə j a
џьагьа	d ʒ a ɡʲ a
џьагьыс	d ʒ a ɡʲ ə s
џьаӷ	d ʒ a ʁ a
џьаӷа	d ʒ a ʁ a
џьаӷәа	d ʒ a ʁʷ a
џьаӷәаӷәы	d ʒ a ʁʷ a ʁʷ ə
џьаӷәах	d ʒ a ʁʷ a χ
џьаӷәашәа	d ʒ a ʁʷ a ʃʷ a
џьадыӷаӡьа	d ʒ a d ə ʁ a d ʑ a
џьаз	d ʒ a z
џьаиаџь	d ʒ a j a d ʒ
џьан	d ʒ a n
џьаԥԯаџь	d ʒ a pʰ ɬ a d ʒ
џьаԥхьа	d ʒ a pʰ χʲ a
џьаԥхьагьыӡа	d ʒ a pʰ χʲ a ɡʲ ə d z a
џьаԥхьаташә	d ʒ a pʰ χʲ a tʼ a ʃʷ
џьарма	d ʒ a r m a
џьатә	d ʒ a tʼʷ
џьауџь	d ʒ a w ə d ʒ
џьы	d ʒ ə
џьыба	d ʒ ə b a
џьыбаҭа	d ʒ ə b a tʰ a
џьыбзы	d ʒ ə b z ə
џьыгәындыр	d ʒ ə ɡʷ ə n d ə r
џьыи	d ʒ ə j ə
џьыиԥха	d ʒ ə j ə pʰ χ a
џьыҟ	d ʒ ə qʼ
џьыԯа	d ʒ ə ɬ a
џьыԯагьыӡа	d ʒ ə ɬ a ɡʲ ə d z a
џьыԯаӷажә	d ʒ ə ɬ a ʁ a ʒʷ
џьыԯаташә	d ʒ ə ɬ a tʼ a ʃʷ
џьыԯацаца	d ʒ ə ɬ a t sʰ a t sʰ a
џьыца	d ʒ ə t sʰ a
џьыцьа	d ʒ ə t ɕʰ a
џьыџьаӷа	d ʒ ə d ʒ a ʁ a
џьыџьаӷагьыҭә	d ʒ ə d ʒ a ʁ a ɡʲ ə tʰʷ
